# Final optimized 3D points (per-frame transform + Ceres refinement)
# Format: point_id x_original y_original z_original x_optimized y_optimized z_optimized movement_mm
3010 -4.040840 24.125000 -1.875000 -4.181833 24.037089 -1.590620 329.362489
3021 -4.125000 24.087800 -1.375000 -4.262796 23.993443 -1.090611 329.800003
3035 -4.253970 24.125000 -1.625000 -4.394316 24.020504 -1.340577 333.934919
3046 -4.342430 24.125000 -0.125000 -4.482509 24.013637 0.159420 336.033596
3053 -4.337400 24.125000 0.125000 -4.477457 24.014027 0.409409 335.885993
3125 -4.292080 24.125000 0.375000 -4.432280 24.017543 0.659386 334.781443
3126 -4.223150 24.125000 0.625000 -4.363559 24.022914 0.909381 333.179674
3127 -4.228390 24.125000 0.875000 -4.368783 24.022519 1.159409 333.318461
3128 -4.222790 24.125000 1.125000 -4.363203 24.022951 1.409387 333.175079
3129 -4.269930 24.125000 1.375000 -4.410216 24.019284 1.659384 334.260955
3131 -4.250370 24.125000 1.875000 -4.390685 24.020851 2.159352 333.753294
3132 -4.172600 24.125000 2.125000 -4.313159 24.026874 2.409396 332.064081
3133 -6.503650 27.875000 0.875000 -6.925129 27.585960 1.157397 583.898006
3134 -6.375000 27.875000 1.036210 -6.796845 27.595962 1.318518 579.235161
3135 -6.375000 27.625000 1.035490 -6.780322 27.345273 1.319323 568.413546
3136 -6.530900 27.625000 0.875000 -6.936136 27.332953 1.159047 574.622095
3146 -6.125000 26.125000 1.604650 -6.415122 25.868911 1.888858 480.132042
3147 -6.375000 26.125000 1.499020 -6.664364 25.849437 1.783289 490.383043
3152 -6.314770 26.375000 1.625000 -6.623700 26.103397 1.909216 499.984533
3153 -6.375000 26.375000 1.591760 -6.683774 26.098679 1.875958 502.457473
3154 -6.375000 26.406700 1.625000 -6.686242 26.130319 1.909233 504.030138
3165 -6.125000 27.506600 1.875000 -6.519606 27.247957 2.157340 549.841766
3166 -6.240980 27.625000 0.375000 -6.644496 27.356848 0.657839 561.006548
3169 -6.199880 27.875000 0.375000 -6.617463 27.611886 0.655676 567.787792
3172 -5.875000 25.483800 1.375000 -6.116056 25.249039 1.659268 440.487586
3181 -5.875000 25.770800 1.625000 -6.138354 25.535203 1.909273 453.511593
3185 -5.957480 26.125000 1.375000 -6.248094 25.881920 1.659214 473.626379
3189 -5.975780 26.375000 1.375000 -6.285793 26.129749 1.659234 486.872826
3194 -5.875000 26.625000 1.061690 -6.204775 26.386839 1.345923 496.246122
3196 -5.875000 27.125000 1.058410 -6.243109 26.885647 1.342345 522.889283
3198 -5.980670 27.125000 1.875000 -6.348982 26.877107 2.159200 527.137885
3200 -6.104600 27.375000 0.125000 -6.491443 27.117022 0.408943 544.815854
3201 -5.875000 27.161400 0.125000 -6.245990 26.921897 0.408987 525.018439
3202 -6.125000 27.375000 0.135785 -6.511784 27.115424 0.419755 545.546237
3203 -6.113430 27.125000 0.125000 -6.481323 26.866797 0.409181 531.764557
3205 -6.010460 27.375000 0.375000 -6.395627 27.125454 0.658152 539.259996
3206 -6.000850 27.125000 0.375000 -6.368870 26.875671 0.659104 527.558952
3207 -6.125000 27.375000 0.489535 -6.511751 27.115434 0.773454 545.491407
3208 -6.125000 27.125000 0.499146 -6.492845 26.865896 0.783330 532.170387
3210 -6.013720 27.375000 1.625000 -6.398719 27.125325 1.907604 538.912756
3211 -5.875000 27.217200 1.625000 -6.248431 26.978748 1.907747 525.600301
3214 -6.125000 27.546000 0.375000 -6.522760 27.287124 0.657906 552.508722
3215 -6.010470 27.375000 0.375000 -6.395637 27.125469 0.658170 539.263213
3217 -6.125000 27.414600 0.125000 -6.514766 27.154945 0.408872 547.651510
3220 -6.022060 27.625000 1.625000 -6.420665 27.376943 1.904196 546.231040
3226 -5.703910 25.625000 1.625000 -5.956467 25.403140 1.909287 440.256988
3227 -5.625000 25.875000 1.557270 -5.897210 25.658555 1.841524 449.162634
3233 -5.625000 26.125000 1.556680 -5.916652 25.907812 1.840912 461.540651
3235 -5.625000 26.375000 1.098380 -5.936082 26.157056 1.382605 474.399589
3236 -5.625000 26.125000 1.095600 -5.916653 25.907803 1.379841 461.550389
3237 -5.875000 26.375000 1.052220 -6.185307 26.137583 1.336457 483.164524
3239 -5.625000 26.375000 1.505850 -5.936067 26.157047 1.790097 474.407605
3240 -5.625000 26.625000 1.117990 -5.955491 26.406327 1.402202 487.666525
3242 -5.800470 26.625000 1.375000 -6.130428 26.392656 1.659204 493.586757
3243 -5.625000 26.625000 1.501450 -5.955502 26.406314 1.785661 487.679413
3244 -5.625000 26.875000 1.112730 -5.974553 26.655840 1.396717 500.865897
3245 -5.625000 26.875000 1.172740 -5.974539 26.655857 1.456713 500.841115
3246 -5.700550 26.875000 1.375000 -6.050075 26.649802 1.659099 503.581740
3247 -5.625000 26.875000 1.415430 -5.974505 26.655842 1.699376 500.808961
3248 -5.625000 26.898500 1.125000 -5.976347 26.679284 1.408964 502.131411
3249 -5.716680 27.125000 1.125000 -6.083635 26.899093 1.408097 515.590623
3250 -5.625000 27.125000 1.234450 -5.982970 26.912561 1.512330 500.490226
3251 -5.625000 26.938800 1.375000 -5.979898 26.719165 1.659175 504.923697
3252 -5.625000 27.266600 0.125000 -5.950683 27.083219 0.399353 463.645765
3253 -5.625000 27.375000 0.208641 -5.960787 27.188421 0.480411 470.556705
3254 -5.702150 27.375000 1.125000 -6.064278 27.164621 1.395621 498.629658
3255 -5.625000 27.375000 1.210610 -5.980024 27.175707 1.476970 486.525808
3257 -5.731880 27.375000 1.875000 -6.100175 27.158161 2.146023 506.077396
3258 -5.625000 27.625000 0.308731 -5.966623 27.442996 0.575541 470.126945
3261 -5.625000 27.429800 1.625000 -5.974599 27.235998 1.882810 475.652378
3264 -5.625000 27.708700 0.375000 -5.961101 27.530400 0.631874 459.063539
3265 -5.742690 27.875000 0.375000 -6.113641 27.673057 0.640320 498.778491
3266 -5.625000 27.875000 0.465960 -5.974358 27.694683 0.723664 470.081883
3268 -5.625000 27.809400 1.625000 -5.914978 27.650934 1.825516 386.530136
3269 -5.391880 25.875000 1.375000 -5.664786 25.676710 1.659262 441.136598
3270 -5.375000 25.891900 1.375000 -5.649285 25.694856 1.659256 441.429190
3271 -5.375000 25.875000 1.358120 -5.647941 25.678016 1.642372 440.566010
3272 -5.595600 26.125000 1.125000 -5.887323 25.910099 1.409250 460.524110
3273 -5.375000 26.098700 1.625000 -5.665331 25.901064 1.909215 451.807842
3274 -5.384480 26.125000 1.625000 -5.676847 25.926529 1.909226 453.490559
3275 -5.375000 26.125000 1.675150 -5.667396 25.927252 1.959395 453.205121
3276 -5.598380 26.375000 1.125000 -5.909505 26.159138 1.409217 473.470880
3277 -5.397790 26.375000 1.625000 -5.709529 26.174740 1.909195 466.960362
3279 -5.625000 26.375000 0.250000 -5.936084 26.157064 0.534248 474.411618
3280 -5.625000 26.506400 0.125000 -5.946277 26.288071 0.409230 481.324465
3281 -5.375000 26.506600 0.125000 -5.696944 26.307813 0.409160 473.192294
3282 -5.375000 26.375000 0.250000 -5.686798 26.176533 0.534236 466.258741
3287 -5.617990 26.625000 1.125000 -5.948504 26.406854 1.409209 487.444278
3288 -5.393430 26.625000 1.625000 -5.724262 26.424624 1.908953 479.822560
3289 -5.375000 26.625000 1.676430 -5.705884 26.426057 1.960370 479.253740
3290 -5.615980 26.875000 1.125000 -5.965533 26.656567 1.408990 500.550144
3291 -5.375000 26.853700 1.625000 -5.693687 26.678098 1.889527 449.857440
3293 -5.522690 27.125000 1.375000 -5.837118 26.954613 1.630002 439.229586
3295 -5.522450 27.375000 0.375000 -5.842733 27.209697 0.643921 449.694435
3296 -5.534750 27.125000 0.125000 -5.857038 26.946171 0.400869 460.383686
3297 -5.499740 27.125000 0.375000 -5.820768 26.950734 0.647318 455.614701
3298 -5.375000 27.375000 0.494429 -5.700428 27.220301 0.764297 450.182563
3299 -5.375000 27.125000 0.499739 -5.689457 26.967904 0.769541 443.120595
3302 -5.529140 27.625000 0.375000 -5.855491 27.462233 0.640180 450.908713
3303 -5.375000 27.625000 0.493557 -5.724956 27.460608 0.761747 470.552886
3304 -5.375000 27.558700 0.875000 -5.718297 27.397770 1.136308 460.470708
3305 -5.380400 27.625000 0.875000 -5.671647 27.503263 1.120609 399.960351
3306 -5.375000 27.625000 0.872415 -5.692265 27.485231 1.125625 429.310283
3307 -5.375000 27.599200 1.125000 -5.730606 27.429747 1.384200 471.544676
3308 -5.580420 27.625000 1.375000 -5.884200 27.474155 1.606733 410.775782
3309 -5.375000 27.625000 1.133890 -5.722597 27.460971 1.387392 460.426079
3310 -5.375000 27.392200 1.375000 -5.686254 27.231709 1.608540 420.923999
3313 -5.375000 27.875000 0.491845 -5.721448 27.716757 0.747578 458.766313
3314 -5.375000 27.875000 0.773256 -5.692773 27.738571 1.019033 424.262352
3315 -5.502840 27.875000 0.875000 -5.826376 27.722968 1.119473 433.077798
3317 -5.581980 27.875000 1.375000 -5.888180 27.727031 1.598090 406.721935
3319 -5.375000 27.875000 1.573540 -5.531538 27.782649 1.675756 208.521073
3330 -5.207410 26.125000 0.125000 -5.500382 25.940260 0.409298 448.092511
3332 -5.217220 26.125000 0.625000 -5.510093 25.939552 0.909247 448.287743
3333 -5.375000 26.125000 0.500000 -5.667387 25.927252 0.784230 453.189635
3335 -5.167860 26.125000 0.875000 -5.427611 25.979710 1.146040 402.545059
3336 -5.125000 25.928700 1.125000 -5.402898 25.751026 1.409250 435.422741
3337 -5.174060 26.125000 1.125000 -5.467048 25.942928 1.409235 446.970198
3338 -5.125000 25.875000 1.097660 -5.398711 25.697469 1.381929 432.716953
3339 -5.125000 26.125000 1.246870 -5.418146 25.946738 1.531109 445.537490
3340 -5.352060 25.875000 1.375000 -5.625078 25.679833 1.659224 439.786516
3341 -5.328970 25.875000 1.625000 -5.602072 25.681610 1.909239 439.063053
3342 -5.174910 26.375000 0.125000 -5.459140 26.220174 0.405366 428.209035
3343 -5.278860 26.375000 0.625000 -5.590963 26.184019 0.909226 463.321080
3344 -5.157940 26.375000 0.875000 -5.435905 26.228649 1.145069 414.271207
3345 -5.125000 26.375000 0.906155 -5.403497 26.230987 1.175961 413.636656
3347 -5.189650 26.375000 1.375000 -5.468743 26.225482 1.640476 413.189572
3348 -5.125000 26.375000 1.364900 -5.401875 26.232900 1.628557 407.881377
3349 -5.125000 26.340900 1.375000 -5.399800 26.198716 1.638841 406.624111
3350 -5.125000 26.375000 1.439430 -5.401648 26.233126 1.702085 407.001668
3351 -5.203530 26.625000 0.625000 -5.482539 26.488538 0.891840 409.477550
3352 -5.217610 26.625000 0.875000 -5.494578 26.489630 1.136825 404.460468
3353 -5.125000 26.625000 0.958150 -5.420638 26.481339 1.227013 424.650251
3355 -5.303280 26.375000 1.875000 -5.615298 26.182146 2.159165 464.001885
3358 -5.209900 26.875000 0.625000 -5.510461 26.733962 0.894523 427.634598
3359 -5.375000 26.875000 0.495250 -5.679269 26.714724 0.767979 438.918032
3360 -5.175620 26.875000 0.875000 -5.475457 26.738074 1.139661 422.724501
3361 -5.125000 26.875000 0.941068 -5.425820 26.742161 1.204745 421.502593
3363 -5.211990 27.125000 0.625000 -5.532008 26.979912 0.895775 443.600261
3364 -5.221730 27.125000 0.875000 -5.540285 26.981154 1.141029 439.249877
3365 -5.125000 27.125000 1.097540 -5.452347 26.981709 1.361835 444.454623
3366 -5.125000 27.012700 1.375000 -5.420027 26.892858 1.621850 402.911527
3367 -5.198350 27.125000 1.375000 -5.437411 27.022101 1.577509 329.770090
3368 -5.125000 27.125000 1.190820 -5.422345 27.008488 1.439751 404.914167
3369 -5.125000 26.893700 1.625000 -5.365504 26.744131 1.820443 344.108800
3370 -5.236420 27.375000 0.625000 -5.564865 27.232145 0.893077 447.380240
3371 -5.367420 27.375000 0.875000 -5.677181 27.234268 1.130961 425.762216
3372 -5.125000 27.165900 1.125000 -5.437046 27.039419 1.381413 423.223034
3373 -5.225990 27.375000 1.125000 -5.550961 27.236271 1.380412 435.989635
3374 -5.274180 27.625000 0.625000 -5.607559 27.483025 0.888930 448.282792
3375 -5.212160 27.625000 1.375000 -5.530713 27.499731 1.611131 415.843705
3377 -5.256400 27.875000 0.625000 -5.589327 27.738768 0.877927 439.740373
3378 -5.218020 27.875000 1.375000 -5.544043 27.748256 1.604073 418.126310
3380 -4.988600 25.375000 1.125000 -5.223882 25.209558 1.409294 404.414832
3381 -5.125000 25.375000 0.963580 -5.359851 25.198970 1.247889 408.623499
3387 -5.125000 25.616800 1.125000 -5.378653 25.440028 1.409252 419.985199
3388 -4.998550 25.625000 1.375000 -5.253203 25.458058 1.659249 416.551630
3389 -5.125000 25.625000 1.135920 -5.379275 25.448217 1.420175 420.367427
3390 -5.013980 25.625000 1.625000 -5.268590 25.456859 1.909247 417.005751
3391 -5.104740 25.875000 1.125000 -5.378515 25.699059 1.409255 432.098450
3392 -5.125000 25.709200 1.125000 -5.385800 25.532164 1.409256 424.452548
3393 -5.003280 25.875000 1.375000 -5.277357 25.706957 1.659235 429.122542
3394 -5.029400 25.875000 1.625000 -5.303415 25.704910 1.909226 429.882945
3395 -5.003480 25.625000 1.875000 -5.258133 25.457659 2.159266 416.722996
3396 -5.068240 25.875000 1.875000 -5.342117 25.701911 2.159228 430.991450
3397 -5.069390 26.125000 1.375000 -5.334404 25.982793 1.642491 402.500577
3398 -5.040280 26.125000 1.625000 -5.305199 25.985414 1.889836 399.755451
3399 -4.993040 26.375000 1.125000 -5.248505 26.267738 1.379307 376.084160
3400 -5.096590 26.375000 1.625000 -5.359035 26.249275 1.875352 383.875258
3401 -4.986070 26.625000 1.125000 -5.267309 26.508483 1.383415 399.311761
3402 -5.073000 26.625000 1.375000 -5.341027 26.512716 1.621395 380.994287
3403 -5.092400 26.625000 1.625000 -5.358557 26.512278 1.865011 375.701370
3404 -5.074790 26.375000 1.875000 -5.337059 26.250896 2.121318 380.604125
3405 -5.015380 26.875000 1.125000 -5.309214 26.759025 1.381008 406.606708
3406 -5.079780 26.875000 1.375000 -5.359482 26.764977 1.617957 386.479496
3407 -5.110000 26.875000 1.625000 -5.387465 26.763498 1.860884 380.868538
3409 -5.109210 27.125000 1.125000 -5.419927 26.999187 1.381980 422.389442
3410 -4.386190 24.625000 0.125000 -4.564986 24.508715 0.409312 355.420472
3411 -4.375000 24.625000 0.149419 -4.553793 24.509616 0.433743 355.134089
3412 -4.375000 24.506900 0.125000 -4.544624 24.391856 0.409365 350.529311
3413 -4.424790 24.875000 0.125000 -4.622897 24.754960 0.409338 366.748017
3414 -4.375000 24.875000 0.241261 -4.573261 24.758836 0.525590 365.574475
3415 -4.431490 25.125000 0.125000 -4.649017 25.003721 0.409325 377.977671
3416 -4.375000 25.125000 0.279423 -4.592711 25.008076 0.563747 376.708558
3417 -4.450900 25.375000 0.125000 -4.687793 25.251442 0.409298 390.141511
3418 -4.375000 25.375000 0.329815 -4.600281 25.271291 0.608331 372.931337
3419 -4.463580 25.625000 0.125000 -4.699776 25.515924 0.398207 377.263480
3420 -4.375000 25.625000 0.312057 -4.631628 25.506509 0.596351 400.899933
3421 -4.453570 25.875000 0.125000 -4.705021 25.771688 0.398321 385.494005
3422 -4.375000 25.875000 0.291066 -4.629781 25.775438 0.564459 386.742256
3423 -4.490630 26.125000 0.125000 -4.759557 26.023362 0.400673 398.305751
3424 -4.375000 26.125000 0.316538 -4.644626 26.033036 0.590634 395.327810
3425 -4.498490 26.375000 0.125000 -4.783707 26.273268 0.400520 409.401270
3426 -4.375000 26.375000 0.335432 -4.663654 26.279908 0.609105 408.975570
3427 -4.501570 26.625000 0.125000 -4.808044 26.523301 0.404157 426.845563
3428 -4.375000 26.625000 0.354174 -4.678034 26.538110 0.628897 418.153405
3430 -4.375000 26.875000 0.334019 -4.696915 26.789686 0.611725 433.622428
3431 -4.475680 27.125000 0.125000 -4.802316 27.042078 0.405816 438.663157
3432 -4.375000 27.125000 0.298312 -4.706181 27.047712 0.575209 438.550042
3433 -4.460530 27.375000 0.125000 -4.811158 27.286788 0.406934 458.484910
3434 -4.375000 27.375000 0.263205 -4.720208 27.300697 0.540994 449.284547
3435 -4.445130 27.625000 0.125000 -4.814542 27.535104 0.408971 474.538088
3436 -4.375000 27.625000 0.270325 -4.745079 27.541920 0.550695 471.665381
3437 -4.380360 27.875000 0.375000 -4.756469 27.798223 0.650877 472.716230
3438 -4.375000 27.847900 0.375000 -4.750873 27.771159 0.651187 472.703481
3439 -4.455680 27.875000 0.125000 -4.825448 27.795288 0.409944 473.577041
3440 -4.375000 27.875000 0.385572 -4.751113 27.798688 0.660929 472.341082
3441 -4.365810 24.375000 0.125000 -4.525216 24.261074 0.409403 345.361356
3442 -4.310150 24.375000 0.375000 -4.469755 24.265400 0.659403 344.050468
3443 -4.245110 24.375000 0.625000 -4.404892 24.270485 0.909367 342.516857
3444 -4.238050 24.375000 0.875000 -4.397871 24.271036 1.159377 342.376317
3445 -4.267360 24.375000 1.125000 -4.427064 24.268754 1.409391 343.033145
3446 -4.275430 24.375000 1.375000 -4.435129 24.268155 1.659371 343.200283
3448 -4.250120 24.375000 1.875000 -4.409922 24.270087 2.159369 342.650135
3449 -4.206330 24.375000 2.125000 -4.366228 24.273523 2.409365 341.655175
3453 -4.299890 24.625000 0.375000 -4.478922 24.515464 0.659319 353.394222
3454 -4.245110 24.375000 0.625000 -4.404892 24.270485 0.909367 342.516857
3455 -4.256780 24.625000 0.625000 -4.435983 24.518822 0.909395 352.516927
3456 -4.248420 24.625000 0.875000 -4.427655 24.519467 1.159371 352.319701
3457 -4.290270 24.625000 1.125000 -4.469346 24.516197 1.409312 353.184731
3461 -4.208830 24.625000 2.125000 -4.388148 24.522540 2.409328 351.419174
3464 -4.323290 24.875000 0.375000 -4.521682 24.762879 0.659335 364.386056
3465 -4.274410 24.875000 0.625000 -4.472951 24.766698 0.909332 363.307893
3466 -4.263520 24.875000 0.875000 -4.462107 24.767530 1.159337 363.089328
3467 -4.296020 24.875000 1.125000 -4.494504 24.765004 1.409316 363.772176
3468 -4.262370 24.875000 1.375000 -4.460963 24.767631 1.659312 363.043838
3469 -4.238360 24.875000 1.625000 -4.437023 24.769500 1.909325 362.543346
3470 -4.204400 24.875000 1.875000 -4.403174 24.772149 2.159308 361.829677
3471 -4.194570 24.875000 2.125000 -4.393344 24.772845 2.409324 361.644107
3473 -4.125000 24.763200 2.375000 -4.315298 24.666805 2.659302 355.433024
3474 -4.335210 25.125000 0.375000 -4.553032 25.011209 0.659322 375.810673
3475 -4.296650 25.125000 0.625000 -4.514593 25.014183 0.909335 375.001300
3476 -4.282600 25.125000 0.875000 -4.500585 25.015312 1.159300 374.667204
3477 -4.297200 25.125000 1.125000 -4.515143 25.014178 1.409318 374.989483
3478 -4.270530 25.125000 1.375000 -4.488563 25.016220 1.659305 374.434108
3479 -4.239920 25.125000 1.625000 -4.458033 25.018643 1.909310 373.788399
3480 -4.226010 25.125000 1.875000 -4.444148 25.019735 2.159267 373.461022
3481 -4.191640 25.125000 2.125000 -4.392083 25.044853 2.389427 341.354114
3483 -4.352390 25.375000 0.375000 -4.575298 25.274888 0.651427 368.947388
3484 -4.321020 25.375000 0.625000 -4.543622 25.278936 0.900315 366.849307
3485 -4.301330 25.375000 0.875000 -4.521446 25.283512 1.146898 361.592980
3486 -4.302600 25.375000 1.125000 -4.522070 25.285526 1.395169 359.394027
3487 -4.270390 25.375000 1.375000 -4.485045 25.297481 1.639105 349.052075
3488 -4.243480 25.375000 1.625000 -4.459227 25.303542 1.887369 347.117065
3490 -4.195820 25.375000 2.125000 -4.410402 25.290879 2.386051 348.237293
3491 -4.137870 25.375000 2.375000 -4.355699 25.285413 2.639787 354.383432
3492 -4.125000 25.239800 2.375000 -4.331006 25.156688 2.637487 343.867934
3493 -4.125000 25.375000 2.437750 -4.344887 25.284880 2.704576 357.306731
3494 -4.344580 25.625000 0.375000 -4.585115 25.526308 0.650443 378.769043
3495 -4.306320 25.625000 0.625000 -4.545749 25.532069 0.898553 375.224859
3496 -4.303190 25.625000 0.875000 -4.541921 25.534583 1.146867 372.933205
3497 -4.293150 25.625000 1.125000 -4.530257 25.539320 1.394281 368.880922
3498 -4.255540 25.625000 1.375000 -4.492364 25.543735 1.642017 366.042916
3499 -4.242520 25.625000 1.625000 -4.478875 25.546209 1.889566 363.410137
3500 -4.225990 25.625000 1.875000 -4.462131 25.542626 2.138524 363.308137
3501 -4.199480 25.625000 2.125000 -4.437758 25.536296 2.390972 367.948312
3502 -4.154920 25.625000 2.375000 -4.393701 25.532431 2.642540 370.355808
3503 -4.125000 25.625000 2.514360 -4.377271 25.526651 2.794120 389.331427
3504 -4.345290 25.875000 0.375000 -4.600056 25.778217 0.647940 385.705559
3505 -4.299640 25.875000 0.625000 -4.557993 25.779881 0.898473 388.047782
3506 -4.302080 25.875000 0.875000 -4.559667 25.781859 1.146869 385.925564
3507 -4.284510 25.875000 1.125000 -4.541603 25.784938 1.395063 383.591064
3508 -4.253920 25.875000 1.375000 -4.510722 25.788556 1.643154 381.217361
3509 -4.236620 25.875000 1.625000 -4.493087 25.790959 1.891135 379.032964
3510 -4.217940 25.875000 1.875000 -4.474963 25.786490 2.141350 380.575251
3511 -4.201970 25.875000 2.125000 -4.459499 25.780075 2.392652 383.365909
3512 -4.148620 25.875000 2.375000 -4.412400 25.774901 2.648696 393.076139
3513 -4.125000 25.875000 2.464280 -4.395699 25.775706 2.743468 401.352334
3514 -4.345360 26.125000 0.375000 -4.615129 26.035606 0.648595 394.488196
3515 -4.302350 26.125000 0.625000 -4.571369 26.041692 0.896048 390.868729
3516 -4.287730 26.125000 0.875000 -4.555622 26.045807 1.142969 387.098504
3517 -4.287180 26.125000 1.125000 -4.553860 26.048580 1.389436 383.254987
3518 -4.261300 26.125000 1.375000 -4.530937 26.047493 1.638316 384.768736
3519 -4.234830 26.125000 1.625000 -4.505010 26.042632 1.887418 385.545440
3520 -4.219560 26.125000 1.875000 -4.490244 26.038421 2.137292 386.732876
3521 -4.199850 26.125000 2.125000 -4.471564 26.031095 2.389276 390.497445
3522 -4.146320 26.125000 2.375000 -4.434968 26.023262 2.653284 413.654693
3524 -4.353230 26.375000 0.375000 -4.642043 26.281669 0.648363 408.474197
3525 -4.288210 26.375000 0.625000 -4.574391 26.297234 0.896484 402.058663
3526 -4.279330 26.375000 0.875000 -4.563988 26.301220 1.142363 397.438020
3528 -4.253320 26.375000 1.375000 -4.536077 26.307177 1.633422 389.015831
3529 -4.227490 26.375000 1.625000 -4.509597 26.303561 1.880714 387.398306
3530 -4.225000 26.375000 1.875000 -4.506857 26.287710 2.132347 391.523497
3531 -4.193330 26.375000 2.125000 -4.468441 26.269481 2.380493 389.996390
3534 -4.362640 26.625000 0.375000 -4.665816 26.539106 0.649457 417.875412
3535 -4.271900 26.625000 0.625000 -4.575484 26.547753 0.896007 414.216443
3536 -4.281470 26.625000 0.875000 -4.583073 26.550558 1.141619 409.379345
3537 -4.285090 26.625000 1.125000 -4.585203 26.552704 1.386939 404.853738
3538 -4.246530 26.625000 1.375000 -4.549095 26.552779 1.634240 404.928612
3539 -4.226220 26.625000 1.625000 -4.527207 26.550725 1.880872 401.970209
3540 -4.250390 26.625000 1.875000 -4.534342 26.530168 2.122183 388.228496
3541 -4.221920 26.625000 2.125000 -4.516777 26.517560 2.381387 405.238803
3543 -4.353350 26.875000 0.375000 -4.675538 26.791545 0.652045 433.040050
3544 -4.282650 26.875000 0.625000 -4.606921 26.796472 0.898014 431.108736
3545 -4.286590 26.875000 0.875000 -4.603030 26.805730 1.139840 418.417448
3546 -4.284890 26.875000 1.125000 -4.599921 26.807907 1.383898 413.248397
3547 -4.252550 26.875000 1.375000 -4.567999 26.810262 1.628686 409.945870
3548 -4.245310 26.875000 1.625000 -4.547100 26.794021 1.870986 397.673247
3549 -4.271000 26.875000 1.875000 -4.573946 26.766757 2.124602 407.178486
3551 -4.330980 27.125000 0.375000 -4.662941 27.051491 0.650225 437.436219
3552 -4.285400 27.125000 0.625000 -4.620206 27.054682 0.896379 436.676405
3553 -4.279950 27.125000 0.875000 -4.613238 27.057293 1.139637 430.926722
3554 -4.283510 27.125000 1.125000 -4.611207 27.062762 1.380166 419.963006
3555 -4.253000 27.125000 1.375000 -4.552444 27.045504 1.612029 390.088060
3556 -4.256160 27.125000 1.625000 -4.542463 27.023370 1.851170 378.749247
3557 -4.245310 27.125000 1.875000 -4.534970 27.004833 2.106023 389.505689
3559 -4.312060 27.375000 0.375000 -4.663505 27.300681 0.652331 453.816087
3560 -4.283130 27.375000 0.625000 -4.633053 27.305962 0.895295 447.517353
3561 -4.280010 27.375000 0.875000 -4.619040 27.318019 1.133078 429.874941
3562 -4.274710 27.375000 1.125000 -4.613397 27.318510 1.374418 424.392917
3563 -4.253770 27.375000 1.375000 -4.572634 27.317737 1.608965 399.616474
3564 -4.245060 27.375000 1.625000 -4.533962 27.259840 1.842714 379.639360
3565 -4.215140 27.375000 1.875000 -4.506354 27.249022 2.097740 387.671497
3568 -4.329490 27.625000 0.375000 -4.692627 27.554074 0.651829 462.096809
3569 -4.285100 27.625000 0.625000 -4.647187 27.560318 0.893327 455.291385
3570 -4.276680 27.625000 0.875000 -4.626732 27.573397 1.129208 435.684103
3571 -4.262560 27.625000 1.125000 -4.612903 27.574014 1.369205 430.088611
3572 -4.247080 27.625000 1.375000 -4.574675 27.547650 1.606751 408.668535
3573 -4.219400 27.625000 1.625000 -4.527112 27.508234 1.845926 396.395174
3574 -4.180450 27.625000 1.875000 -4.398602 27.526451 2.032003 286.272980
3575 -4.271800 27.875000 0.625000 -4.654489 27.802917 0.894250 473.437028
3576 -4.268720 27.875000 0.875000 -4.639612 27.816079 1.130079 453.980289
3577 -4.262000 27.875000 1.125000 -4.622256 27.825557 1.363145 434.674090
3578 -4.241760 27.875000 1.375000 -4.560811 27.765518 1.592587 401.402295
3579 -4.200540 27.875000 1.625000 -4.508514 27.754160 1.836778 392.810827
3582 -4.110190 25.125000 2.375000 -4.304605 25.050090 2.632310 331.085162
3587 -3.909070 25.125000 2.625000 -4.128077 25.044318 2.909222 367.771499
3589 -3.996430 25.375000 2.625000 -4.232895 25.287008 2.907547 378.802495
3592 -3.875000 25.125000 2.650930 -4.094151 25.046988 2.935142 367.273353
3594 -6.288830 28.125000 0.375000 -6.716268 27.858234 0.651465 574.717026
3596 -5.739140 28.125000 0.375000 -6.101601 27.932301 0.627525 481.954179
3597 -4.431990 28.125000 0.125000 -4.825789 28.035804 0.408505 493.364568
3598 -4.375000 28.125000 0.347255 -4.765865 28.044787 0.623220 485.145919
3599 -4.375000 27.993000 0.375000 -4.755716 27.916552 0.650870 476.332710
3600 -4.368050 28.125000 0.375000 -4.749105 28.053334 0.648889 474.714431
3601 -6.375000 28.125000 0.405429 -6.810001 27.847955 0.685313 586.783472
3602 -6.375000 27.875000 0.446549 -6.796918 27.595871 0.729036 579.419528
3603 -5.625000 28.125000 0.441617 -5.988146 27.942898 0.701148 482.071007
3604 -5.375000 28.110800 0.625000 -5.736946 27.952412 0.883062 471.897528
3605 -5.382460 28.125000 0.625000 -5.737628 27.970141 0.881885 464.882748
3606 -4.267440 28.125000 0.625000 -4.650062 28.064044 0.887571 468.037451
3610 -5.625000 28.125000 0.840236 -5.844609 27.996513 0.971949 286.505344
3611 -5.625000 28.043500 0.875000 -5.954057 27.871624 1.100567 434.396466
3612 -4.265260 28.125000 0.875000 -4.639305 28.071149 1.122429 451.697417
3613 -6.469880 28.125000 0.875000 -6.904284 27.840821 1.154394 589.512488
3616 -5.828590 28.125000 1.125000 -6.194568 27.924617 1.370077 483.896062
3617 -5.625000 28.125000 0.981376 -5.985809 27.944353 1.228562 473.199427
3619 -5.511090 28.125000 1.125000 -5.837440 27.974719 1.357858 428.148340
3622 -5.375000 28.070600 1.375000 -5.687498 27.921146 1.581216 403.133588
3623 -4.239080 28.125000 1.375000 -4.549194 28.004940 1.576491 388.822919
3624 -4.185970 28.125000 1.625000 -4.469228 28.007680 1.811219 358.715737
3641 -6.625000 26.375000 -0.341397 -6.932991 26.079258 -0.057159 512.945045
3643 -6.625000 26.417200 -0.375000 -6.936352 26.121298 -0.090778 515.053549
3648 -6.594260 26.375000 -0.375000 -6.902368 26.081644 -0.090779 511.634370
3649 -6.375000 27.875000 -0.206676 -6.797117 27.595741 0.075940 579.689284
3650 -6.375000 27.666900 -0.375000 -6.783282 27.387169 -0.091406 570.411549
3651 -6.269280 27.625000 -0.375000 -6.672901 27.354448 -0.091972 562.328448
3652 -6.148410 27.875000 -0.125000 -6.560343 27.618461 0.153863 559.701533
3653 -6.125000 27.625000 -0.160553 -6.529000 27.365717 0.122422 557.242261
3654 -6.125000 27.744100 -0.125000 -6.533415 27.486805 0.156067 558.572134
3655 -6.125000 27.875000 -0.155978 -6.537120 27.620219 0.122994 559.090181
3656 -6.190430 27.875000 -0.375000 -6.609009 27.611875 -0.093794 568.787557
3657 -6.125000 27.734200 -0.375000 -6.533070 27.476646 -0.093694 558.559451
3658 -5.875000 27.125000 -0.258687 -6.243180 26.885581 0.025326 523.011368
3659 -6.008520 27.125000 -0.375000 -6.376558 26.875036 -0.090877 527.882400
3660 -5.875000 26.962000 -0.375000 -6.230824 26.722903 -0.090849 514.314511
3661 -6.094890 27.625000 -0.375000 -6.499088 27.368009 -0.091905 556.383991
3662 -6.114360 27.875000 -0.125000 -6.526497 27.621106 0.154062 558.744214
3669 -5.731700 25.625000 -0.375000 -5.984173 25.400971 -0.090717 441.302686
3670 -5.875000 25.875000 -0.250000 -6.146500 25.639073 0.034308 458.480903
3671 -5.724190 25.875000 -0.375000 -5.996129 25.650817 -0.090704 452.805614
3672 -5.803310 26.625000 -0.125000 -6.133255 26.392427 0.159225 493.697931
3673 -5.799140 26.875000 -0.375000 -6.148438 26.642083 -0.090853 506.950591
3674 -5.726830 26.625000 -0.375000 -6.057051 26.398371 -0.090774 491.111771
3675 -5.752630 26.875000 -0.125000 -6.102035 26.645699 0.159152 505.376071
3676 -5.755740 27.125000 -0.125000 -6.122914 26.895691 0.158552 517.494371
3703 -4.378530 25.375000 -0.125000 -4.604664 25.267909 0.154759 375.326775
3704 -4.375000 25.350300 -0.125000 -4.610205 25.232688 0.159290 387.266007
3707 -4.287400 24.375000 -1.875000 -4.447029 24.267131 -1.590639 343.479640
3712 -4.324560 24.375000 -0.125000 -4.484106 24.264317 0.159413 344.378670
3722 -4.315300 24.625000 -0.125000 -4.494275 24.514267 0.159355 353.767280
3723 -4.125000 24.806200 -1.625000 -4.318663 24.709692 -1.340682 357.289946
3727 -4.324240 24.875000 -0.125000 -4.522681 24.762776 0.159344 364.451224
3728 -4.125000 25.083500 -1.625000 -4.324211 24.973710 -1.363277 346.753227
3732 -4.338750 25.125000 -0.125000 -4.556564 25.010927 0.159333 375.899752
3736 -4.375000 25.526400 -1.625000 -4.606509 25.399255 -1.362009 372.728656
3740 -4.337480 25.875000 -0.125000 -4.613638 25.758685 0.159271 413.040537
3742 -4.125000 26.125000 -1.679190 -4.407625 26.012188 -1.413716 403.831155
3743 -4.375000 25.995600 -1.875000 -4.629599 25.859259 -1.630165 378.620667
3744 -4.375000 26.125000 -1.635930 -4.639481 25.990465 -1.388449 386.389911
3746 -4.347710 26.125000 -0.125000 -4.643297 26.007139 0.159263 426.694981
3748 -4.351240 26.375000 -0.125000 -4.666256 26.256160 0.159280 440.650955
3750 -4.375000 26.450600 -1.625000 -4.679450 26.322569 -1.358224 424.560352
3751 -4.375000 26.375000 -1.549370 -4.677314 26.249487 -1.278181 425.077105
3753 -4.196890 26.625000 -1.375000 -4.501473 26.497032 -1.128335 412.298127
3755 -4.349200 26.625000 -0.125000 -4.683623 26.505575 0.159264 454.870146
3757 -4.355210 26.875000 -0.125000 -4.709038 26.754379 0.159263 469.625954
3758 -4.125000 27.125000 -0.215777 -4.499075 27.021447 0.068509 481.117379
3759 -4.348530 27.125000 -0.125000 -4.706052 27.020570 0.160205 469.115104
3760 -4.125000 27.375000 -0.206698 -4.518448 27.270763 0.077587 496.471732
3761 -4.337670 27.375000 -0.125000 -4.710702 27.273044 0.160173 480.491043
3762 -4.125000 27.625000 -0.199986 -4.537811 27.520049 0.084287 512.092804
3763 -4.339650 27.625000 -0.125000 -4.730073 27.521625 0.159353 493.936500
3764 -4.125000 27.875000 -0.193236 -4.557230 27.769289 0.091024 528.016310
3765 -4.328280 27.875000 -0.125000 -4.732206 27.774577 0.159817 504.342568
3775 -4.125000 24.135400 -1.375000 -4.266503 24.040950 -1.090603 331.399191
3776 -4.125000 24.875000 -1.554030 -4.324017 24.778294 -1.269707 360.276598
3784 -4.125000 26.051800 -1.375000 -4.403706 25.943549 -1.105175 402.741703
3794 -3.943240 25.875000 -1.125000 -4.211343 25.782642 -0.851788 393.768966
3795 -4.125000 26.122700 -1.125000 -4.408925 26.016665 -0.853207 407.097468
3796 -4.125000 26.375000 -1.372930 -4.430598 26.266103 -1.100119 423.880544
3810 -3.875000 27.625000 -0.243724 -4.288738 27.539406 0.040560 509.237728
3811 -3.875000 27.875000 -0.239244 -4.308011 27.788770 0.045055 525.128783
3812 -3.875000 28.125000 -0.237951 -4.327415 28.038010 0.046335 541.354889
3813 -4.125000 28.125000 -0.190393 -4.571853 28.021452 0.093737 539.563941
3817 -6.625000 28.039000 -0.375000 -7.059121 27.739797 -0.092313 598.243489
3818 -6.665800 28.125000 -0.375000 -7.106438 27.822363 -0.092279 604.717101
3820 -6.375000 28.125000 -0.225822 -6.810808 27.847444 0.054493 587.828547
3821 -6.196010 28.125000 -0.125000 -6.616612 27.868420 0.150287 564.377906
3823 -5.945780 28.125000 -0.375000 -6.342167 27.899279 -0.101939 531.634461
3824 -6.080770 28.125000 -0.125000 -6.493168 27.881316 0.148743 551.714816
3825 -4.315140 28.125000 -0.125000 -4.733743 28.025498 0.159887 516.033207
3826 -6.125000 28.125000 -0.090593 -6.536935 27.878056 0.182531 552.510794
3828 -4.375000 27.875000 -0.044457 -4.761283 27.788083 0.243523 489.593164
3829 -4.375000 28.125000 -0.004103 -4.774684 28.036161 0.282713 499.902540
3831 -4.375000 24.625000 0.090736 -4.553802 24.509606 0.375098 355.172778
3836 -4.375000 24.875000 -0.000224 -4.573259 24.758813 0.284094 365.571952
3841 -4.375000 25.125000 -0.045795 -4.592703 25.008100 0.238533 376.699454
3855 -4.375000 25.625000 -0.073210 -4.631602 25.506550 0.211100 400.882528
3859 -4.375000 25.875000 -0.037219 -4.631124 25.771318 0.237463 389.614476
3862 -4.375000 26.125000 -0.077932 -4.650491 26.024564 0.200807 404.571252
3868 -4.375000 26.375000 -0.087512 -4.669774 26.272047 0.191090 418.461247
3871 -6.375000 26.416000 0.125000 -6.686963 26.139557 0.409207 504.495088
3872 -6.375000 26.375000 0.022880 -6.683827 26.098672 0.307125 502.519851
3874 -4.375000 26.625000 -0.089019 -4.686059 26.527147 0.191942 430.432470
3879 -5.625000 26.875000 0.087882 -5.974604 26.655767 0.371962 500.987139
3881 -5.796310 26.625000 0.125000 -6.126292 26.392975 0.409218 493.460739
3882 -5.598710 26.875000 0.125000 -5.948379 26.657837 0.409079 500.129212
3883 -4.375000 26.875000 -0.093202 -4.706194 26.777261 0.190742 447.063788
3889 -5.625000 27.125000 0.004195 -5.989177 26.907935 0.286452 509.324079
3890 -4.375000 27.125000 -0.081760 -4.722759 27.028622 0.202802 459.565745
3891 -6.125000 27.375000 0.063555 -6.511774 27.115421 0.347529 545.543125
3892 -6.125000 27.348800 -0.125000 -6.509714 27.089324 0.158971 544.033513
3893 -4.375000 27.375000 -0.058588 -4.732096 27.286994 0.226558 465.371709
3894 -4.375000 27.625000 -0.048669 -4.750525 27.535204 0.238530 481.212724
3908 -5.625000 32.712400 -0.125000 -5.851467 32.630566 -0.044608 253.864223
3909 -5.404610 32.375000 -0.125000 -5.606180 32.304898 -0.052006 225.550261
3910 -5.586680 32.125000 -0.375000 -5.822461 32.037986 -0.287642 266.074491
3911 -5.539830 32.125000 -0.125000 -5.757092 32.038802 -0.041230 248.295027
3912 -5.375000 32.440300 -0.125000 -5.578241 32.370902 -0.052026 226.821921
3915 -5.322970 32.625000 -0.125000 -5.507908 32.562409 -0.059044 206.082300
3946 -4.462720 32.125000 -0.125000 -4.582316 32.094834 -0.085011 129.662466
3949 -4.554950 32.375000 -0.125000 -4.665128 32.348857 -0.089720 118.605586
3950 -4.375000 32.526300 -0.125000 -4.466871 32.511664 -0.098434 96.748765
3976 -4.289470 32.625000 -0.125000 -4.383516 32.611727 -0.098272 98.667541
3978 -4.287040 32.875000 -0.125000 -4.359111 32.863907 -0.104100 75.855914
3984 -4.276750 33.125000 -0.125000 -4.350577 33.115090 -0.104308 77.309626
3987 -4.149060 33.375000 -0.125000 -4.205445 33.362390 -0.107035 60.506484
3988 -4.125000 33.393300 -0.125000 -4.181568 33.380896 -0.107043 60.632500
4043 -3.875000 33.358100 -0.125000 -3.932163 33.347728 -0.107112 60.787451
4054 -3.875000 33.375000 -0.115844 -3.927918 33.367199 -0.100314 55.698976
4055 -4.125000 33.625000 0.076349 -4.182745 33.612592 0.094358 61.747472
4056 -3.875000 33.625000 0.052411 -3.933588 33.614716 0.070422 62.150333
4057 -4.125000 33.681500 0.125000 -4.183306 33.669059 0.143126 62.312863
4071 -5.375000 32.375000 -0.113383 -5.576765 32.305613 -0.040426 225.491258
4072 -5.375000 32.125000 0.078832 -5.570950 32.055302 0.151949 220.454744
4073 -5.272580 32.125000 0.125000 -5.469089 32.057637 0.198101 220.220834
4074 -5.125000 32.248100 0.125000 -5.308053 32.183010 0.194114 206.208063
4076 -4.990590 32.125000 0.125000 -5.172142 32.063066 0.194138 203.904822
4079 -4.625000 32.125000 -0.004096 -4.788189 32.082178 0.054477 178.592191
4080 -4.625000 32.367700 0.125000 -4.764458 32.327355 0.174148 153.270238
4082 -4.621040 32.375000 0.125000 -4.762107 32.334089 0.174941 155.137816
4086 -5.251460 32.625000 0.125000 -5.436487 32.563671 0.191021 205.803519
4087 -4.875000 32.456500 0.125000 -5.026090 32.405792 0.180493 168.757408
4088 -4.375000 32.625000 -0.016800 -4.468190 32.609554 0.010735 98.392504
4089 -4.453000 32.625000 0.125000 -4.545616 32.608811 0.152901 98.073176
4093 -5.375000 32.875000 -0.093799 -5.564460 32.811331 -0.027835 210.475939
4094 -5.283850 32.875000 0.125000 -5.473572 32.813163 0.190946 210.160113
4095 -4.375000 32.875000 -0.040807 -4.446536 32.862401 -0.019476 75.704654
4096 -4.494630 32.875000 0.125000 -4.574938 32.856571 0.150850 86.355176
4098 -4.375000 33.125000 -0.029491 -4.457833 33.109997 -0.004528 87.804430
4099 -4.471940 33.125000 0.125000 -4.554280 33.107950 0.150522 87.874950
4100 -4.375000 33.375000 0.030652 -4.459680 33.360933 0.055511 89.367787
4101 -4.442020 33.375000 0.125000 -4.526456 33.359410 0.150316 89.517895
4110 -6.375000 32.125000 0.136266 -6.697068 31.982258 0.258475 372.878391
4142 -5.696080 32.125000 0.625000 -5.947777 32.027044 0.720167 286.362507
4143 -5.625000 32.268800 0.625000 -5.840712 32.186395 0.705387 244.508025
4153 -5.534650 32.125000 0.625000 -5.751055 32.039193 0.707281 246.908567
4154 -5.375000 32.125000 0.524412 -5.570588 32.055060 0.597566 220.222293
4159 -5.125000 32.125000 0.307426 -5.305204 32.060580 0.376027 203.297013
4160 -5.125000 32.375000 0.438753 -5.310333 32.309298 0.507476 208.297212
4163 -5.157440 32.625000 0.375000 -5.325438 32.571199 0.434063 186.027398
4174 -4.875000 32.125000 0.393363 -5.041087 32.069273 0.455597 185.912315
4175 -4.875000 32.379800 0.375000 -5.024395 32.329392 0.429997 166.986295
4176 -4.625000 32.244800 0.375000 -4.751420 32.209747 0.418739 138.288858
4177 -4.864100 32.375000 0.375000 -5.045969 32.321693 0.441021 200.690142
4178 -4.625000 32.209900 0.625000 -4.751581 32.173573 0.669571 139.028449
4179 -4.658920 32.125000 0.625000 -4.782791 32.089005 0.668825 136.235891
4180 -4.625000 32.125000 0.842604 -4.750459 32.089615 0.887035 137.717452
4207 -4.495640 32.375000 0.375000 -4.606652 32.349412 0.411616 119.662396
4208 -4.482310 32.375000 0.625000 -4.593235 32.349612 0.662036 119.668401
4210 -4.421290 32.375000 0.875000 -4.532940 32.350328 0.912730 120.407804
4211 -4.375000 32.375000 0.957316 -4.486399 32.350575 0.995129 120.150593
4212 -4.375000 32.256600 1.125000 -4.476163 32.239541 1.159014 108.082692
4213 -4.442970 32.125000 1.125000 -4.562393 32.094068 1.166666 130.210329
4214 -4.375000 32.138800 1.375000 -4.496569 32.109464 1.417589 132.111673
4215 -4.379620 32.125000 1.375000 -4.499988 32.095422 1.417145 130.917992
4217 -4.375000 32.213400 2.125000 -4.435088 32.200730 2.147115 65.270357
4218 -4.449060 32.125000 2.125000 -4.508192 32.111156 2.146703 64.492530
4219 -4.375000 32.125000 1.958910 -4.474919 32.109044 1.996287 107.867362
4220 -4.375000 32.125000 2.323540 -4.419142 32.112784 2.339626 48.543867
4221 -4.403770 32.625000 0.375000 -4.495504 32.609746 0.403229 97.184210
4222 -4.440270 32.625000 0.625000 -4.531324 32.609040 0.653844 96.837559
4223 -4.402720 32.625000 0.875000 -4.494103 32.609599 0.904647 97.298616
4224 -4.375000 32.625000 0.983919 -4.466723 32.610018 1.013995 97.684144
4225 -4.461640 32.875000 0.375000 -4.542015 32.856653 0.401205 86.507344
4227 -4.442670 32.875000 0.875000 -4.513653 32.860446 0.898118 76.057725
4228 -4.382140 32.875000 1.125000 -4.453447 32.861204 1.148567 76.357277
4229 -4.375000 32.830000 1.125000 -4.446030 32.816148 1.148586 76.114385
4230 -4.375000 32.875000 1.219590 -4.446409 32.861279 1.243349 76.498492
4231 -4.453730 33.125000 0.375000 -4.536073 33.107836 0.400956 88.026054
4232 -4.454990 33.125000 0.625000 -4.537295 33.107450 0.651372 88.190327
4233 -4.439460 33.125000 0.875000 -4.521885 33.107528 0.901720 88.391475
4234 -4.379730 33.125000 1.125000 -4.462446 33.108479 1.152156 88.612962
4235 -4.375000 33.125000 1.172690 -4.457796 33.108564 1.199902 88.689500
4236 -4.458860 33.375000 0.375000 -4.543126 33.358731 0.400805 89.617674
4237 -4.382070 33.375000 0.625000 -4.466776 33.359812 0.651286 89.982117
4238 -4.399820 33.375000 0.875000 -4.484323 33.359455 0.901649 89.958432
4239 -4.377600 33.375000 1.125000 -4.462248 33.359747 1.152089 90.176610
4240 -4.394460 33.375000 1.375000 -4.479131 33.359373 1.402541 90.398216
4241 -4.375000 33.241100 1.375000 -4.458773 33.225196 1.402566 89.614617
4242 -4.375000 33.375000 1.496040 -4.460379 33.360834 1.524121 90.987567
4246 -4.375000 33.380600 1.125000 -4.460191 33.365651 1.152288 90.695156
4266 -4.322410 32.375000 1.125000 -4.425791 32.359088 1.159411 110.113301
4267 -4.312340 32.375000 1.375000 -4.415155 32.358806 1.410111 109.845393
4268 -4.302150 32.125000 1.625000 -4.418116 32.100345 1.665479 125.278055
4269 -4.247630 32.375000 1.625000 -4.331110 32.363329 1.654651 89.354559
4270 -4.317320 32.125000 1.875000 -4.410858 32.111812 1.909291 100.494895
4271 -4.170380 32.375000 1.875000 -4.248021 32.367872 1.903562 83.034901
4272 -4.221170 32.375000 2.125000 -4.283425 32.364830 2.148210 67.214859
4273 -4.313050 32.125000 2.375000 -4.345303 32.116095 2.386510 35.384362
4274 -4.250470 32.375000 2.375000 -4.287900 32.365182 2.388317 40.923436
4279 -4.322410 32.375000 1.125000 -4.424049 32.359185 1.158713 108.245775
4280 -4.347160 32.625000 1.125000 -4.439301 32.610580 1.155692 98.182905
4281 -4.346050 32.625000 1.375000 -4.438458 32.610766 1.406563 98.681062
4282 -4.247630 32.625000 1.625000 -4.341888 32.612758 1.658398 100.746474
4283 -4.171380 32.625000 1.875000 -4.235162 32.616144 1.897864 68.332254
4284 -4.166240 32.625000 2.125000 -4.230685 32.616501 2.148865 69.245321
4285 -4.125000 32.625000 2.251690 -4.172941 32.614474 2.268593 51.911561
4286 -4.125000 32.519800 2.375000 -4.159816 32.511853 2.387170 37.728222
4288 -4.292590 32.875000 1.625000 -4.364714 32.862692 1.649848 77.270614
4289 -4.215130 32.875000 1.875000 -4.287991 32.864208 1.900871 78.067785
4290 -4.139110 32.875000 2.125000 -4.212892 32.865998 2.152303 79.184926
4291 -4.125000 32.875000 2.151900 -4.173674 32.864470 2.168547 52.508200
4292 -4.358860 33.125000 1.375000 -4.432159 33.112575 1.399140 78.165861
4293 -4.315700 33.125000 1.625000 -4.389400 33.113396 1.649865 78.642020
4294 -4.275500 33.125000 1.875000 -4.349660 33.114291 1.900709 79.216655
4295 -4.202670 33.125000 2.125000 -4.277615 33.115968 2.152025 80.179213
4296 -4.125000 33.125000 2.297410 -4.180231 33.112613 2.316188 59.636701
4299 -4.125000 33.375000 2.080030 -4.181491 33.362635 2.098727 60.775439
4300 -4.125000 33.304900 2.125000 -4.181345 33.292433 2.143762 60.681339
4301 -4.125000 33.375000 2.246420 -4.181542 33.362659 2.265198 60.843148
4302 -4.165930 33.375000 2.375000 -4.222429 33.362389 2.393782 60.860110
4303 -4.125000 33.255400 2.375000 -4.180963 33.243121 2.393874 60.323146
4304 -4.125000 33.375000 2.397540 -4.181630 33.362748 2.416424 60.939957
4305 -4.125000 33.625000 0.236509 -4.182802 33.612461 0.254650 61.865869
4307 -4.125000 33.507800 0.625000 -4.182257 33.495244 0.643247 61.391860
4308 -4.125000 33.512200 0.875000 -4.182159 33.499467 0.893285 61.348224
4309 -4.125000 33.517200 1.125000 -4.182169 33.504482 1.143344 61.372490
4310 -4.125000 33.558700 1.375000 -4.182380 33.546091 1.393442 61.575387
4311 -4.125000 33.530700 1.625000 -4.182330 33.518067 1.643527 61.559522
4312 -4.125000 33.512700 1.875000 -4.182401 33.500227 1.893655 61.631972
4313 -4.125000 33.441600 2.375000 -4.181985 33.429324 2.393871 61.270912
4332 -3.914980 33.625000 0.375000 -3.973733 33.614385 0.393293 62.443454
4333 -3.875000 33.637100 0.375000 -3.934005 33.627012 0.393291 62.593587
4336 -3.935060 33.625000 0.625000 -3.993786 33.614321 0.643402 62.461542
4337 -3.875000 33.672600 0.625000 -3.933928 33.662266 0.643367 62.583661
4338 -3.935060 33.625000 0.625000 -3.993808 33.614369 0.643402 62.473325
4341 -3.875000 33.625000 0.776258 -3.933720 33.614715 0.794757 62.418074
4342 -3.875000 33.600300 0.875000 -3.933736 33.590047 0.893617 62.463306
4345 -3.875000 33.570400 1.125000 -3.933366 33.559854 1.143665 62.178267
4348 -3.897620 33.625000 1.375000 -3.956355 33.614495 1.393828 62.567227
4349 -3.875000 33.625000 1.344730 -3.933557 33.614472 1.363502 62.386903
4350 -3.875000 33.651000 1.375000 -3.933589 33.640635 1.393771 62.390097
4353 -3.875000 33.625000 1.398060 -3.933896 33.614857 1.416992 62.690123
4354 -3.875000 33.545000 1.625000 -3.933394 33.534656 1.644032 62.282443
4357 -3.875000 33.502500 1.875000 -3.932948 33.492193 1.894081 61.873235
4360 -3.875000 33.375000 1.968330 -3.928169 33.366768 1.986038 56.641956
4361 -3.875000 33.291200 2.125000 -3.927473 33.283314 2.142858 55.986775
4366 -3.979280 32.625000 2.375000 -4.005673 32.618867 2.384131 28.592965
4367 -3.875000 32.822300 2.375000 -3.902105 32.816525 2.384216 29.205390
4368 -3.875000 32.875000 2.370120 -3.902041 32.869272 2.379280 29.119059
4389 -6.644880 28.625000 0.875000 -7.101983 28.332297 1.146881 607.072870
4390 -6.625000 28.625000 0.905201 -7.082136 28.333893 1.176771 606.190720
4391 -6.625000 28.595700 0.875000 -7.079986 28.304734 1.146601 604.516952
4392 -6.726430 28.875000 0.875000 -7.183730 28.583510 1.137677 602.569010
4394 -6.625000 29.003800 0.875000 -7.078643 28.724572 1.131274 591.131532
4395 -6.625000 29.125000 1.051810 -7.072976 28.850148 1.301544 581.887855
4396 -6.672190 29.125000 1.125000 -7.120055 28.846377 1.375016 583.713603
4397 -6.625000 29.060400 1.125000 -7.046313 28.800654 1.359696 547.772348
4400 -6.715770 29.625000 0.875000 -7.159227 29.362210 1.103792 563.966970
4401 -6.625000 29.625000 0.983867 -7.068760 29.368090 1.212251 561.324537
4402 -6.625000 29.508800 0.875000 -7.061337 29.252571 1.103602 555.249278
4403 -6.640190 29.875000 0.875000 -7.086227 29.623774 1.096267 557.694276
4406 -6.665610 30.875000 0.125000 -7.042273 30.678450 0.289437 455.572271
4407 -6.625000 30.834400 0.125000 -6.999860 30.639779 0.289383 453.231866
4420 -6.506340 29.125000 0.875000 -6.940695 28.863558 1.120017 563.071036
4422 -6.625000 29.125000 0.518648 -7.073993 28.849825 0.770994 583.947014
4423 -6.625000 29.231400 0.625000 -7.070897 28.962992 0.868485 574.588847
4424 -6.518650 29.125000 0.625000 -6.954070 28.862897 0.870858 564.565655
4425 -6.625000 29.375000 0.800800 -7.065615 29.111368 1.037557 565.417982
4426 -6.550800 29.375000 0.875000 -6.991754 29.115842 1.112101 563.755935
4427 -6.375000 29.228900 1.125000 -6.806160 28.982974 1.360400 549.355972
4428 -6.375000 29.375000 1.075870 -6.801008 29.133033 1.304947 540.839470
4433 -6.435970 29.875000 2.125000 -6.854531 29.645517 2.330296 519.617165
4434 -6.375000 29.808700 2.125000 -6.789869 29.583195 2.330207 514.857746
4435 -6.375000 29.875000 2.043440 -6.793773 29.649090 2.248914 518.291501
4439 -6.625000 29.885400 0.875000 -7.056469 29.640546 1.089535 540.503664
4440 -6.387160 30.125000 0.875000 -6.788733 29.908660 1.070384 496.224699
4443 -6.375000 29.939500 2.125000 -6.783290 29.720706 2.323620 504.005306
4446 -6.417960 30.375000 1.125000 -6.803211 30.172818 1.304184 470.534833
4448 -6.511970 30.375000 1.375000 -6.896921 30.168337 1.553587 472.006613
4449 -6.375000 30.198800 1.375000 -6.719983 30.016750 1.538572 422.978878
4450 -6.498040 30.375000 1.625000 -6.883684 30.168803 1.803425 472.306876
4452 -6.375000 30.375000 1.747820 -6.761523 30.175181 1.926179 470.254741
4454 -6.499450 30.625000 0.125000 -6.882138 30.427521 0.297310 463.830763
4456 -6.625000 30.375000 0.493987 -7.025365 30.157138 0.680694 492.559896
4457 -6.375000 30.625000 0.614964 -6.757738 30.433116 0.787125 461.461797
4458 -6.375000 30.375000 0.598720 -6.760882 30.175636 0.778484 470.070035
4459 -6.625000 30.625000 0.500478 -7.022601 30.415549 0.679190 483.626064
4460 -6.386520 30.625000 0.875000 -6.769346 30.432233 1.047162 461.903474
4461 -6.375000 30.586600 0.875000 -6.755595 30.394585 1.046983 459.674382
4462 -6.375000 30.625000 0.744586 -6.757605 30.432761 0.916849 461.537085
4464 -6.375000 30.483200 1.125000 -6.766577 30.283220 1.304130 474.776143
4466 -6.500000 30.625000 1.375000 -6.882079 30.426384 1.546665 463.574805
4468 -6.375000 30.625000 1.779040 -6.758429 30.432685 1.950586 461.985723
4470 -6.375000 30.692200 0.625000 -6.745331 30.505370 0.790638 446.639222
4471 -6.402070 30.875000 0.625000 -6.763111 30.694953 0.783071 433.305381
4472 -6.625000 30.875000 0.504010 -7.001385 30.680266 0.668285 454.503729
4473 -6.464290 30.875000 0.875000 -6.840871 30.687407 1.039178 451.618210
4474 -6.406520 30.875000 1.125000 -6.767621 30.694443 1.282613 433.401277
4475 -6.375000 30.784800 1.125000 -6.731803 30.605966 1.282440 429.042375
4477 -6.375000 30.839800 1.375000 -6.734431 30.660760 1.532215 431.234196
4480 -6.516290 31.125000 0.625000 -6.904930 30.934513 0.789479 463.011297
4481 -6.625000 31.125000 0.516293 -7.013298 30.929663 0.680749 464.734382
4482 -6.514400 31.125000 0.875000 -6.902980 30.934370 1.039460 463.013737
4483 -6.461580 31.375000 0.125000 -6.792868 31.214546 0.261754 392.681548
4486 -6.432980 31.375000 0.625000 -6.764285 31.216253 0.761218 391.815259
4489 -6.625000 31.233700 0.625000 -7.018160 31.037662 0.789667 469.170400
4494 -6.375000 31.625000 0.162381 -6.716420 31.467308 0.299236 400.204641
4495 -6.375000 31.561800 0.125000 -6.713941 31.404169 0.261895 398.081209
4497 -6.404580 31.625000 0.625000 -6.745589 31.465815 0.761722 400.399414
4498 -6.375000 31.850800 0.125000 -6.687565 31.708170 0.247300 364.688525
4499 -6.378310 31.875000 0.125000 -6.691680 31.732224 0.247283 365.430047
4501 -6.375000 31.875000 0.560547 -6.688130 31.732074 0.682712 365.243306
4502 -6.375000 28.181800 0.375000 -6.806409 27.908144 0.651524 580.918650
4513 -6.362930 28.875000 0.875000 -6.788650 28.621467 1.125532 555.232399
4517 -6.125000 29.125000 0.802959 -6.532346 28.900931 1.034641 519.436778
4518 -6.240250 29.125000 0.875000 -6.647023 28.893194 1.106153 522.139765
4519 -6.286810 29.125000 1.125000 -6.706992 28.884599 1.360937 538.527737
4521 -6.182340 29.375000 0.125000 -6.598310 29.149293 0.354525 525.981329
4522 -6.125000 29.242000 0.875000 -6.514430 29.027985 1.092132 494.574897
4525 -6.158610 29.625000 0.125000 -6.561580 29.410221 0.340868 505.088258
4526 -6.125000 29.492200 0.875000 -6.516958 29.282344 1.084334 491.417409
4527 -6.222150 29.625000 0.875000 -6.621564 29.407818 1.084578 500.622748
4529 -6.125000 29.735600 0.125000 -6.518988 29.526090 0.335284 493.295528
4531 -6.310850 30.125000 0.875000 -6.712115 29.912733 1.070236 494.154056
4533 -6.324990 30.375000 0.625000 -6.711113 30.178064 0.804766 469.244859
4534 -6.375000 30.306300 0.625000 -6.757131 30.107117 0.804777 466.924007
4537 -6.125000 30.252300 1.375000 -6.473790 30.073918 1.539694 424.969397
4539 -6.245260 30.375000 1.625000 -6.616440 30.186125 1.796270 450.313012
4540 -6.125000 30.375000 1.426860 -6.480216 30.195424 1.591652 430.792289
4543 -6.352570 30.625000 0.625000 -6.719781 30.439471 0.790592 443.492175
4545 -6.303150 30.625000 0.875000 -6.669980 30.441827 1.040062 441.997778
4546 -6.125000 30.625000 1.220580 -6.459814 30.457653 1.371817 403.705776
4547 -6.125000 30.608900 1.625000 -6.459760 30.441087 1.774953 403.375151
4549 -6.304960 30.625000 1.875000 -6.673134 30.440940 2.039288 443.194219
4551 -6.125000 30.751800 0.875000 -6.448830 30.592727 1.019936 388.814471
4552 -6.279460 30.875000 1.125000 -6.624756 30.705557 1.275607 413.064689
4553 -6.125000 30.875000 0.962591 -6.454083 30.714904 1.107466 393.592763
4554 -6.208960 30.875000 1.375000 -6.554761 30.708456 1.525312 412.200115
4555 -6.125000 30.875000 1.302710 -6.454248 30.714986 1.446502 393.300417
4557 -6.125000 30.776700 1.875000 -6.451115 30.617500 2.017370 389.827087
4559 -6.375000 30.875000 1.766430 -6.736414 30.695879 1.923320 432.803581
4560 -6.125000 30.625000 2.000000 -6.461903 30.457242 2.149182 404.847562
4561 -6.227430 31.125000 0.125000 -6.533245 30.980556 0.254454 362.139396
4562 -6.125000 30.996600 0.125000 -6.426385 30.856000 0.254463 356.877594
4563 -6.125000 30.984300 1.125000 -6.458765 30.822922 1.269673 397.959971
4565 -6.375000 31.125000 1.238400 -6.731201 30.950593 1.389024 424.245720
4566 -6.125000 31.078600 1.375000 -6.463430 30.916262 1.519185 402.091472
4572 -6.265130 31.625000 0.125000 -6.589761 31.478905 0.254238 378.723311
4582 -5.875000 28.875000 0.363292 -6.330110 28.646889 0.628176 573.866910
4585 -5.875000 29.003100 0.625000 -6.244214 28.806990 0.848798 474.198332
4587 -5.875000 29.125000 0.610990 -6.242241 28.931869 0.827087 467.828921
4589 -5.875000 29.184900 0.625000 -6.245253 28.990790 0.841083 470.593410
4590 -5.992460 29.375000 0.875000 -6.375103 29.172159 1.086309 481.883124
4591 -5.875000 29.375000 0.703934 -6.229959 29.188450 0.905346 448.734967
4594 -6.023520 29.875000 0.125000 -6.397490 29.681157 0.321477 464.792023
4598 -6.121740 30.125000 0.125000 -6.494109 29.929474 0.314861 461.450213
4600 -5.875000 30.265700 0.125000 -6.196210 30.106736 0.284256 392.183927
4602 -6.077630 30.375000 1.375000 -6.416772 30.201570 1.532990 412.378324
4605 -5.875000 30.549100 0.625000 -6.176262 30.406645 0.763636 360.932011
4606 -5.952420 30.625000 0.625000 -6.288552 30.465305 0.778470 402.542378
4608 -6.033300 30.625000 1.375000 -6.369695 30.460650 1.526322 403.820594
4609 -6.107220 30.625000 1.625000 -6.443329 30.457059 1.775400 404.714408
4610 -5.986560 30.625000 1.875000 -6.324361 30.462430 2.024779 403.697986
4611 -6.006740 30.875000 0.125000 -6.338076 30.720855 0.271637 393.759928
4613 -5.875000 30.675800 0.625000 -6.181453 30.532418 0.763825 365.710515
4614 -6.084240 30.875000 0.875000 -6.413598 30.716485 1.020237 393.316432
4616 -6.083130 30.875000 1.375000 -6.413358 30.715869 1.519107 393.878299
4617 -5.974470 30.875000 1.625000 -6.305672 30.720337 1.768439 392.670201
4619 -5.921840 31.125000 0.875000 -6.229577 30.984785 1.006138 362.711201
4620 -6.012640 31.125000 1.125000 -6.337126 30.978924 1.261767 381.227873
4621 -5.989670 31.125000 1.625000 -6.314987 30.979884 1.761467 381.461815
4622 -6.125000 31.125000 1.384130 -6.449016 30.975000 1.520433 382.184861
4630 -5.713290 28.375000 0.375000 -6.069248 28.190746 0.622376 471.010017
4631 -5.625000 28.375000 0.617869 -5.978251 28.200219 0.860880 463.021865
4634 -5.642530 28.375000 1.125000 -5.988019 28.203979 1.355199 449.001790
4635 -5.625000 28.375000 1.137270 -5.847090 28.256385 1.275313 287.139562
4636 -5.625000 28.471900 0.375000 -5.967246 28.301939 0.623119 455.612325
4639 -5.625000 28.399300 1.125000 -5.931793 28.241671 1.320632 396.536363
4640 -5.625000 28.813800 0.375000 -5.976335 28.640622 0.596532 450.003572
4641 -5.807890 28.875000 0.375000 -6.160950 28.688891 0.596028 456.225243
4642 -5.625000 28.853900 0.625000 -5.974731 28.682165 0.842169 446.057578
4643 -5.736720 28.875000 0.625000 -6.086919 28.695617 0.843991 450.304863
4644 -5.625090 29.125000 0.375000 -5.966211 28.956340 0.586505 435.366410
4645 -5.625000 29.125500 0.375000 -5.959202 28.958844 0.584652 428.274791
4646 -5.625000 29.375000 0.324678 -5.958139 29.210312 0.521989 420.755822
4647 -5.674360 29.375000 0.625000 -6.001810 29.209057 0.816363 413.981558
4648 -5.625000 29.375000 0.575889 -5.948525 29.212704 0.769157 410.318618
4649 -5.625000 29.625000 0.302647 -5.943824 29.465328 0.486103 400.999370
4650 -5.625000 29.625000 0.524530 -5.941123 29.466017 0.704567 397.017470
4651 -5.802210 29.625000 0.625000 -6.144225 29.448743 0.814193 428.759823
4652 -5.625000 29.875000 0.265662 -5.928642 29.719705 0.437251 381.782420
4653 -5.625000 29.771000 0.625000 -5.920773 29.619435 0.789701 370.917571
4657 -5.754120 30.375000 0.125000 -6.066092 30.223621 0.279045 379.436355
4668 -5.661830 31.375000 0.125000 -5.930172 31.258980 0.238292 313.533431
4670 -5.695720 31.375000 0.625000 -5.979973 31.254975 0.742701 330.241036
4672 -5.625000 31.421200 0.125000 -5.895238 31.305988 0.238423 314.908622
4673 -5.625000 31.421400 0.625000 -5.911486 31.304428 0.742333 330.943333
4676 -5.833330 31.625000 0.875000 -6.123524 31.506022 0.990499 334.227645
4680 -5.625000 31.875000 0.758754 -5.871963 31.774484 0.855040 283.487686
4681 -5.662510 31.875000 0.875000 -5.909480 31.772605 0.971382 284.198124
4683 -5.375000 28.254500 0.625000 -5.724471 28.099260 0.865949 451.979718
4684 -5.375000 28.375000 0.614236 -5.739655 28.214672 0.858488 467.265439
4686 -5.609970 28.375000 1.125000 -5.962073 28.203937 1.358744 455.933189
4687 -5.506020 28.625000 0.375000 -5.853613 28.461162 0.609015 449.918764
4688 -5.375000 28.391300 0.625000 -5.722365 28.241240 0.868734 450.095980
4689 -5.482250 28.625000 0.625000 -5.838632 28.461052 0.857318 455.915111
4690 -5.479880 29.375000 0.375000 -5.813172 29.218737 0.574066 418.484299
4691 -5.514540 29.625000 0.375000 -5.834077 29.470127 0.561749 401.204396
4692 -5.411710 29.875000 0.375000 -5.721165 29.728744 0.548716 383.836582
4693 -5.559030 29.875000 0.625000 -5.859510 29.723775 0.790169 374.749935
4694 -5.375000 30.111600 0.375000 -5.641134 29.984222 0.517662 327.726691
4696 -5.375000 30.125000 0.387877 -5.643529 29.997136 0.530921 330.027782
4697 -5.417480 30.125000 0.625000 -5.677097 29.995470 0.763166 321.355107
4699 -5.417480 30.125000 0.625000 -5.677091 29.995497 0.763139 321.327461
4704 -5.375000 30.716000 0.375000 -5.625420 30.601858 0.493997 299.831624
4705 -5.555620 30.875000 0.125000 -5.826215 30.748564 0.252326 324.683844
4706 -5.524830 30.875000 0.375000 -5.795737 30.749673 0.500692 323.876446
4707 -5.556460 30.875000 0.625000 -5.825061 30.748686 0.747934 321.270387
4708 -5.430020 31.125000 0.125000 -5.676544 31.018300 0.235010 290.278191
4709 -5.445340 31.125000 0.375000 -5.691314 31.018064 0.483540 289.343040
4710 -5.470540 31.125000 0.625000 -5.714883 31.019046 0.730787 286.567254
4712 -5.413670 31.375000 0.375000 -5.649058 31.276865 0.474351 273.694395
4713 -5.375000 31.298100 0.125000 -5.611604 31.195338 0.228589 277.978325
4714 -5.375000 31.375000 0.186063 -5.659593 31.271874 0.301503 323.966743
4715 -5.609430 31.375000 0.625000 -5.877227 31.260327 0.736716 312.002737
4716 -5.434420 31.625000 0.375000 -5.677151 31.525270 0.474168 280.533121
4717 -5.375000 31.625000 0.298562 -5.618602 31.527016 0.398053 280.787129
4718 -5.534640 31.625000 0.875000 -5.776291 31.521468 0.972637 280.440941
4719 -5.375000 31.729500 0.375000 -5.603258 31.640730 0.465573 261.123561
4720 -5.375000 31.875000 0.463258 -5.586362 31.794102 0.545693 240.860755
4721 -5.582370 31.875000 0.875000 -5.830000 31.774946 0.971491 283.975265
4722 -5.361070 28.375000 0.625000 -5.708179 28.225923 0.868358 449.368135
4723 -5.361070 28.375000 0.625000 -5.722613 28.218267 0.869904 463.957228
4724 -5.125000 30.120400 0.375000 -5.388951 30.002049 0.518196 322.773008
4731 -5.125000 30.701000 0.375000 -5.345798 30.608012 0.477684 260.657650
4734 -5.167310 31.625000 0.125000 -5.380050 31.543862 0.211462 243.551353
4736 -5.265410 31.875000 0.375000 -5.461218 31.799505 0.451794 223.467492
4737 -5.136860 31.875000 0.125000 -5.334106 31.803797 0.201630 223.267237
4738 -4.875000 29.939900 0.375000 -5.158919 29.827871 0.531869 343.174318
4739 -4.875000 30.125000 0.283819 -5.143618 30.015897 0.429657 324.542603
4740 -4.875000 30.125000 0.479560 -5.139934 30.016292 0.621375 319.560454
4741 -4.875000 30.375000 0.215945 -5.076724 30.292637 0.317817 240.528471
4742 -4.875000 30.375000 0.565294 -5.097036 30.280786 0.677612 266.066638
4743 -4.875000 30.625000 0.187896 -5.129453 30.527694 0.309735 298.428497
4744 -4.875000 30.625000 0.566866 -5.081375 30.535930 0.666739 245.965113
4745 -4.875000 30.762900 0.375000 -5.101426 30.674253 0.479254 264.567098
4746 -4.887180 30.875000 0.625000 -5.059422 30.808449 0.699417 199.083341
4747 -4.875000 30.875000 0.613756 -5.045253 30.811159 0.685880 195.611231
4748 -4.875000 30.847000 0.625000 -5.065269 30.765094 0.711595 224.520844
4749 -4.875000 30.875000 0.638232 -5.041379 30.808140 0.710395 193.286692
4750 -4.901550 31.125000 0.375000 -5.092105 31.043260 0.460954 224.456730
4751 -4.875000 31.095300 0.375000 -5.056376 31.019497 0.455113 212.276419
4752 -4.875000 31.125000 0.239555 -5.058380 31.048535 0.321084 214.760212
4753 -4.942290 31.125000 0.625000 -5.140448 31.038024 0.713621 233.847826
4754 -4.875000 31.125000 0.684746 -5.055683 31.048180 0.762159 211.046230
4755 -4.913690 31.375000 0.375000 -5.100923 31.296311 0.456236 218.740710
4757 -4.952200 31.375000 0.625000 -5.139096 31.295496 0.704385 218.066148
4759 -4.875000 31.482400 0.375000 -5.046566 31.414342 0.446351 197.883270
4760 -4.875000 31.484700 0.125000 -5.047121 31.418680 0.196311 197.660256
4761 -4.875000 31.625000 0.493692 -5.030051 31.566511 0.555539 176.881149
4762 -4.893750 31.625000 0.625000 -5.059249 31.562418 0.691391 188.981684
4763 -4.875000 31.625000 0.641022 -5.028523 31.568112 0.701172 174.423549
4764 -5.069940 31.875000 0.125000 -5.267965 31.805131 0.201767 223.581967
4767 -4.875000 31.647200 0.625000 -5.041011 31.584215 0.691601 189.637849
4768 -4.672710 29.125000 0.375000 -5.043752 29.013248 0.601651 448.922250
4769 -4.625000 29.004800 0.375000 -4.992224 28.897783 0.599978 443.758433
4770 -4.625000 29.125000 0.337774 -4.997428 29.015632 0.564694 449.618586
4771 -4.625000 29.125000 0.422501 -4.993668 29.018140 0.648275 445.318986
4772 -4.625000 29.375000 0.302208 -4.988961 29.263432 0.518094 437.632300
4773 -4.679240 29.375000 0.375000 -5.039839 29.261012 0.588350 434.215744
4775 -4.625000 29.625000 0.193741 -4.954619 29.517415 0.382734 394.894591
4776 -4.864510 29.625000 0.375000 -5.187189 29.506088 0.561050 390.994360
4777 -4.625000 29.625000 0.524899 -4.939625 29.521391 0.705823 377.435179
4778 -4.625000 29.875000 0.200046 -4.941445 29.767218 0.375277 377.439106
4779 -4.807320 29.875000 0.375000 -5.118176 29.758750 0.548776 374.624277
4780 -4.625000 29.875000 0.548095 -4.929588 29.768148 0.717352 364.470833
4782 -4.685990 30.125000 0.625000 -4.922736 30.032921 0.749846 283.043563
4783 -4.625000 29.995800 0.625000 -4.909614 29.892395 0.778122 339.328893
4784 -4.625000 30.125000 0.746457 -4.861951 30.034454 0.869557 281.953779
4785 -4.648950 30.375000 0.125000 -4.881918 30.287374 0.244421 276.067916
4786 -4.625000 30.289000 0.125000 -4.854469 30.204298 0.243576 271.828439
4787 -4.747580 30.375000 0.625000 -4.970728 30.283219 0.737777 266.340568
4788 -4.625000 30.375000 0.757445 -4.849431 30.286238 0.868358 265.612035
4789 -4.714590 30.625000 0.125000 -4.938969 30.543377 0.230734 261.128381
4790 -4.763080 30.625000 0.625000 -4.970795 30.537544 0.725194 246.642779
4791 -4.625920 30.625000 0.875000 -4.836774 30.540102 0.972299 247.253720
4792 -4.625000 30.623000 0.875000 -4.834277 30.538452 0.971464 245.460006
4793 -4.625000 30.625000 0.875894 -4.835517 30.539907 0.973148 247.015235
4794 -4.669350 30.875000 0.375000 -4.841511 30.809821 0.451961 199.526664
4795 -4.704920 30.875000 0.125000 -4.880306 30.808956 0.204198 203.456141
4796 -4.658530 30.875000 0.875000 -4.827152 30.809759 0.946669 194.489226
4797 -4.625000 30.875000 0.923935 -4.794698 30.809925 0.995663 195.389943
4798 -4.793000 31.125000 0.125000 -4.948633 31.072078 0.186383 175.471386
4799 -4.710170 31.125000 0.875000 -4.863838 31.071531 0.935140 173.463441
4800 -4.625000 31.125000 0.993609 -4.781076 31.071617 1.054254 175.747971
4801 -4.625000 31.275500 0.875000 -4.789064 31.219548 0.938148 184.486353
4802 -4.625000 31.375000 0.835495 -4.762907 31.337762 0.883872 150.815525
4803 -4.664290 31.625000 0.125000 -4.814519 31.575113 0.183124 168.629690
4804 -4.848650 31.625000 0.375000 -5.004294 31.566383 0.437633 177.718299
4805 -4.625000 31.625000 0.805119 -4.772113 31.575819 0.860778 164.799544
4806 -4.723240 31.875000 0.375000 -4.862914 31.828083 0.427950 156.568582
4807 -4.712810 31.875000 0.625000 -4.853786 31.827233 0.678404 158.138609
4808 -4.625000 31.875000 0.873354 -4.766276 31.828550 0.926177 157.818719
4809 -4.472100 28.375000 0.375000 -4.855822 28.291522 0.639746 473.604654
4810 -4.375000 28.152600 0.375000 -4.771081 28.068532 0.649972 489.445260
4811 -4.448020 28.375000 0.125000 -4.834186 28.288316 0.396411 479.897879
4812 -4.375000 28.375000 0.466558 -4.759249 28.301512 0.727790 470.414421
4813 -4.452400 28.625000 0.125000 -4.861108 28.530725 0.401859 502.574679
4814 -4.486930 28.625000 0.375000 -4.871529 28.533338 0.627271 468.998003
4815 -4.375000 28.625000 0.523792 -4.778203 28.543719 0.785506 487.517835
4816 -4.465080 28.875000 0.125000 -4.875722 28.772874 0.388123 498.286799
4817 -4.572890 28.875000 0.375000 -4.951932 28.773109 0.614592 459.846345
4818 -4.388070 28.875000 0.625000 -4.772589 28.797706 0.869341 462.095269
4819 -4.375000 28.852700 0.625000 -4.758410 28.777815 0.868994 460.591399
4820 -4.375000 28.875000 0.649694 -4.757655 28.800153 0.892262 459.201264
4821 -4.460630 29.125000 0.125000 -4.847801 29.020705 0.356937 463.220955
4822 -4.465020 29.125000 0.625000 -4.821626 29.037601 0.842946 426.974646
4823 -4.375000 29.125000 0.775844 -4.720093 29.051914 0.983641 409.402508
4824 -4.512770 29.375000 0.125000 -4.889299 29.266353 0.344075 448.967560
4825 -4.498530 29.375000 0.625000 -4.841516 29.280182 0.829878 410.615022
4826 -4.390710 29.375000 0.875000 -4.708898 29.296795 1.060102 376.327481
4827 -4.375000 29.321400 0.875000 -4.691013 29.248543 1.059867 373.293798
4829 -4.562540 29.625000 0.125000 -4.897769 29.519612 0.316770 400.326018
4830 -4.497170 29.625000 0.625000 -4.804845 29.530555 0.803138 367.854225
4831 -4.406480 29.625000 0.875000 -4.696125 29.539554 1.037336 342.852864
4832 -4.375000 29.625000 1.085680 -4.670907 29.539067 1.236394 343.016259
4833 -4.548080 29.875000 0.125000 -4.871876 29.769448 0.305255 385.326517
4834 -4.556030 29.875000 0.625000 -4.859807 29.771877 0.791653 361.508400
4835 -4.488620 29.875000 0.875000 -4.789764 29.774875 1.032243 354.172286
4836 -4.441870 29.875000 1.125000 -4.724029 29.782939 1.261899 326.848793
4837 -4.375000 29.643300 1.125000 -4.680002 29.554359 1.276916 352.158140
4839 -4.375000 29.850900 1.375000 -4.548071 29.794657 1.452657 197.856600
4840 -4.428290 29.875000 1.625000 -4.563160 29.832245 1.681673 152.413321
4841 -4.375000 29.754700 1.625000 -4.499211 29.716275 1.679272 140.890967
4842 -4.445320 29.875000 1.875000 -4.522587 29.850645 1.907496 87.288578
4843 -4.375000 29.804800 1.875000 -4.452882 29.781079 1.908018 87.854645
4844 -4.375000 29.875000 2.017500 -4.404173 29.864573 2.030053 33.426990
4845 -4.583220 30.125000 0.125000 -4.835060 30.034861 0.261144 300.139591
4846 -4.541740 30.125000 0.875000 -4.779841 30.037448 0.994704 280.511595
4847 -4.474310 30.125000 1.125000 -4.719922 30.039084 1.240392 284.643946
4848 -4.441910 30.125000 1.375000 -4.632906 30.059312 1.458704 218.633382
4849 -4.428290 29.875000 1.625000 -4.563063 29.832325 1.681633 152.289536
4850 -4.489130 30.125000 1.625000 -4.615797 30.084345 1.677280 142.935164
4851 -4.555780 30.125000 1.875000 -4.654235 30.094434 1.915631 110.808263
4852 -4.487470 30.125000 2.125000 -4.509831 30.116379 2.134377 25.734461
4854 -4.519530 30.375000 0.875000 -4.717387 30.299942 0.969881 231.912823
4855 -4.413640 30.375000 1.125000 -4.618272 30.303372 1.216487 235.318690
4856 -4.387550 30.375000 1.375000 -4.569957 30.314448 1.451414 206.828394
4857 -4.447310 30.375000 1.625000 -4.577670 30.336627 1.676449 145.303626
4858 -4.472260 30.375000 1.875000 -4.552589 30.353580 1.906476 88.894461
4859 -4.389530 30.375000 2.125000 -4.408294 30.368031 2.131891 21.169445
4860 -4.375000 30.375000 2.147180 -4.389203 30.369518 2.152348 16.077682
4863 -4.431480 30.625000 1.125000 -4.651860 30.545315 1.220143 252.921670
4864 -4.399950 30.625000 1.375000 -4.567103 30.571042 1.442120 188.033856
4865 -4.393030 30.625000 1.625000 -4.509629 30.596763 1.669109 127.821111
4866 -4.388810 30.625000 1.875000 -4.451545 30.611660 1.898112 68.175154
4867 -4.375000 30.625000 1.973160 -4.410222 30.615725 1.985356 38.410002
4868 -4.375000 30.468700 2.125000 -4.394667 30.461607 2.132168 22.101958
4869 -4.480870 30.875000 1.125000 -4.655373 30.812458 1.195920 198.475134
4870 -4.436760 30.875000 1.375000 -4.616000 30.813739 1.445141 201.989015
4871 -4.387000 30.875000 1.625000 -4.493406 30.852884 1.664335 115.579719
4872 -4.405800 30.875000 1.875000 -4.475201 30.862194 1.900405 75.006362
4873 -4.436700 30.875000 2.125000 -4.465166 30.867159 2.134619 31.053491
4874 -4.375000 30.683700 2.125000 -4.392337 30.677444 2.130552 19.249383
4875 -4.375000 30.875000 2.298130 -4.380288 30.872646 2.299678 5.991172
4876 -4.528320 31.125000 1.125000 -4.687025 31.073493 1.185564 177.505475
4877 -4.452590 31.125000 1.375000 -4.615388 31.074744 1.435709 180.871306
4878 -4.375000 31.125000 1.549860 -4.514438 31.090790 1.600550 152.258557
4879 -4.375000 30.949300 1.625000 -4.485016 30.927075 1.665627 119.364586
4880 -4.375000 31.067800 1.875000 -4.442555 31.058689 1.898724 72.177247
4881 -4.405800 30.875000 1.875000 -4.475190 30.862203 1.900401 74.992750
4882 -4.375000 31.125000 1.904390 -4.444232 31.116298 1.928838 73.935563
4883 -4.437300 31.125000 2.125000 -4.463960 31.118795 2.133300 28.602978
4885 -4.555360 31.375000 0.875000 -4.698213 31.336519 0.925944 156.470280
4886 -4.522980 31.375000 1.125000 -4.635707 31.355810 1.162027 120.193973
4887 -4.454190 31.375000 1.375000 -4.569307 31.355706 1.413851 123.018861
4888 -4.396040 31.375000 1.625000 -4.513850 31.355830 1.665879 126.166194
4889 -4.375000 31.268700 1.625000 -4.489427 31.249429 1.665120 122.778951
4890 -4.375000 31.375000 1.824150 -4.442995 31.370521 1.846889 71.836484
4891 -4.375000 31.360800 2.125000 -4.400843 31.355778 2.132485 27.369403
4892 -4.543120 31.625000 0.875000 -4.662913 31.590899 0.918321 131.871346
4893 -4.488800 31.625000 1.125000 -4.610064 31.591889 1.168759 133.102186
4894 -4.444780 31.625000 1.375000 -4.560926 31.596419 1.416066 126.464413
4895 -4.409690 31.625000 1.625000 -4.527297 31.597280 1.666975 127.912662
4896 -4.428990 31.625000 1.875000 -4.525810 31.608215 1.910822 104.589487
4897 -4.375000 31.394100 1.875000 -4.443888 31.389836 1.898260 72.833922
4898 -4.448570 31.625000 2.125000 -4.493476 31.614279 2.141396 48.993032
4899 -4.375000 31.386700 2.125000 -4.401648 31.381943 2.132835 28.180709
4900 -4.375000 31.625000 2.247880 -4.407945 31.615661 2.259670 36.215421
4901 -4.624040 31.875000 0.875000 -4.764512 31.828889 0.927383 156.851737
4902 -4.464200 31.875000 1.125000 -4.591374 31.840889 1.169745 139.063997
4903 -4.403740 31.875000 1.375000 -4.532947 31.842302 1.420591 140.861676
4904 -4.375070 31.875000 1.625000 -4.505384 31.842769 1.671265 141.989982
4905 -4.403840 31.875000 1.875000 -4.512729 31.853558 1.914833 117.911748
4906 -4.475010 31.875000 2.125000 -4.526633 31.862438 2.143940 56.404285
4907 -4.375000 31.875000 2.287620 -4.413514 31.863949 2.301634 42.448157
4908 -4.279960 28.375000 0.625000 -4.657379 28.320259 0.878163 457.747500
4909 -4.281650 28.375000 0.875000 -4.647739 28.328446 1.110254 437.644587
4910 -4.268140 28.375000 1.125000 -4.636673 28.325922 1.347310 433.182305
4911 -4.245330 28.375000 1.375000 -4.551953 28.257307 1.563038 378.453751
4912 -4.206060 28.375000 1.625000 -4.445226 28.274360 1.773713 299.072395
4914 -4.296830 28.625000 0.625000 -4.686831 28.559696 0.877487 469.163694
4915 -4.293580 28.625000 0.875000 -4.670039 28.566806 1.106769 445.898164
4916 -4.267870 28.625000 1.125000 -4.623823 28.577804 1.331023 413.974912
4917 -4.284570 28.625000 1.375000 -4.602582 28.545075 1.559095 376.046331
4918 -4.246000 28.625000 1.625000 -4.470467 28.535421 1.757541 275.639270
4921 -4.301390 28.875000 0.875000 -4.667528 28.815128 1.094411 431.025724
4922 -4.305130 28.875000 1.125000 -4.640404 28.809470 1.314498 390.656338
4923 -4.282870 28.875000 1.375000 -4.567093 28.799145 1.531279 333.106522
4924 -4.263820 28.875000 1.625000 -4.463875 28.797819 1.735678 241.306243
4926 -4.329750 29.125000 0.875000 -4.664902 29.061608 1.072789 394.291587
4927 -4.313090 29.125000 1.125000 -4.629647 29.061907 1.296577 365.551015
4928 -4.259270 29.125000 1.375000 -4.490940 29.058859 1.495500 269.380738
4929 -4.250520 29.125000 1.625000 -4.414678 29.069261 1.710753 193.411841
4931 -4.343270 29.375000 1.125000 -4.644261 29.304485 1.281775 346.621658
4932 -4.260060 29.375000 1.375000 -4.468187 29.319867 1.476204 237.904685
4933 -4.243600 29.375000 1.625000 -4.382282 29.333327 1.692741 159.869648
4935 -4.370600 29.625000 1.125000 -4.671571 29.538146 1.275433 347.501397
4936 -4.336470 29.625000 1.375000 -4.523480 29.570930 1.461116 212.866870
4937 -4.303600 29.625000 1.625000 -4.428080 29.588633 1.680843 141.195701
4938 -4.159480 29.625000 1.875000 -4.184928 29.615716 1.887102 29.668771
4939 -4.350080 30.625000 2.125000 -4.366372 30.618843 2.130069 18.139141
4942 -4.347750 31.125000 1.625000 -4.457571 31.107313 1.664028 117.884179
4943 -4.365810 31.125000 1.875000 -4.435083 31.116108 1.899359 73.967793
4944 -4.193030 31.125000 2.375000 -4.194604 31.124346 2.375457 1.764884
4945 -4.370630 31.375000 1.875000 -4.439225 31.370585 1.898162 72.534685
4946 -4.370660 31.375000 2.125000 -4.397255 31.369792 2.132758 28.188306
4947 -4.125000 31.375000 2.356260 -4.127401 31.373947 2.356675 2.654791
4949 -4.125000 31.125000 2.383260 -4.126576 31.124384 2.383752 1.761889
4950 -4.197050 31.625000 2.375000 -4.202097 31.623538 2.376194 5.388322
4951 -4.125000 31.462400 2.375000 -4.127650 31.461462 2.375533 2.861428
4952 -4.125000 31.625000 2.461960 -4.127258 31.624232 2.462299 2.408897
4953 -4.242160 31.875000 2.375000 -4.261770 31.869530 2.381866 21.485548
4955 -4.125000 31.789100 2.625000 -4.125700 31.788812 2.625068 0.759647
4956 -4.100100 31.375000 2.375000 -4.102579 31.373969 2.375417 2.717144
4961 -6.375000 31.924000 0.125000 -6.690084 31.781329 0.247242 366.846418
4962 -5.125000 32.080200 0.375000 -5.304176 32.016013 0.443402 202.244343
4968 -5.625000 31.980100 0.625000 -5.855205 31.890871 0.712765 262.028242
4970 -5.625000 31.980600 0.875000 -5.855066 31.891470 0.962600 261.816595
4971 -4.375000 31.875200 1.625000 -4.506437 31.842840 1.671750 143.207415
4972 -4.375000 31.981300 1.875000 -4.486417 31.958772 1.915136 120.549285
4976 -7.125000 28.371700 -0.375000 -7.585753 28.031600 -0.091369 639.068004
4979 -7.216030 28.625000 -0.625000 -7.691495 28.279500 -0.343683 651.595086
4981 -7.125000 28.377100 -0.375000 -7.586198 28.036983 -0.091379 639.393200
4986 -6.875000 28.375000 -0.443227 -7.333595 28.055763 -0.161049 625.975746
4992 -6.970010 28.625000 -0.125000 -7.446109 28.298488 0.156315 642.198081
4993 -6.875000 28.625000 -0.285859 -7.343182 28.309583 -0.008373 629.031475
4994 -6.875000 28.566700 -0.125000 -7.338601 28.251638 0.152420 625.421700
4997 -6.875000 28.812600 -0.125000 -7.347191 28.500853 0.148377 628.399591
4998 -6.875000 28.878400 -0.375000 -7.347090 28.569585 -0.105423 625.225941
4999 -7.125000 29.029900 -0.125000 -7.618766 28.696611 0.149862 656.075592
5000 -6.875000 28.896700 -0.125000 -7.347834 28.588042 0.144476 625.667178
5001 -6.625000 28.361100 -0.375000 -7.076656 28.064183 -0.095717 608.401053
5002 -6.625000 28.375000 -0.395767 -7.077756 28.078014 -0.116475 609.255783
5003 -6.625000 28.432400 -0.125000 -7.081770 28.135382 0.154207 612.221707
5004 -6.625000 28.375000 -0.359099 -7.077683 28.078037 -0.079813 609.187299
5005 -6.794190 28.625000 -0.375000 -7.262809 28.315681 -0.097512 626.324199
5006 -6.800680 28.875000 -0.125000 -7.277885 28.568456 0.148577 629.713275
5007 -6.625000 28.875000 -0.327897 -7.079633 28.589827 -0.059077 600.232396
5008 -6.625000 28.841000 -0.375000 -7.077339 28.556031 -0.106056 598.455311
5010 -6.512800 28.125000 -0.375000 -6.953988 27.834170 -0.092215 599.329788
5011 -6.492290 28.375000 -0.625000 -6.938072 28.091193 -0.347371 596.947798
5012 -6.431990 28.125000 -0.625000 -6.868471 27.842540 -0.344312 590.834139
5013 -6.375000 28.375000 -0.218598 -6.810429 28.104919 0.054767 580.749931
5015 -6.611120 28.875000 -0.375000 -7.066461 28.590323 -0.104664 601.213568
5016 -6.375000 29.875000 -0.275832 -6.794542 29.649374 -0.064512 521.132170
5017 -6.477300 29.875000 -0.375000 -6.896399 29.643382 -0.163440 523.496300
5018 -6.375000 29.775800 -0.375000 -6.789070 29.550790 -0.163822 516.410055
5020 -6.458740 30.125000 -0.375000 -6.878365 29.900886 -0.171655 517.360511
5021 -6.625000 30.878300 -0.125000 -7.002252 30.683513 0.039562 455.348263
5023 -6.620550 30.875000 -0.125000 -6.997678 30.680442 0.039509 455.128599
5024 -6.474710 31.375000 -0.125000 -6.806121 31.213886 0.011971 393.130695
5028 -6.243360 28.375000 -0.125000 -6.668932 28.119349 0.145827 565.523028
5029 -6.125000 28.875000 -0.322288 -6.532410 28.645270 -0.073762 529.645062
5030 -6.197140 28.875000 -0.375000 -6.630061 28.630524 -0.116717 560.267065
5031 -6.125000 28.821300 -0.375000 -6.542117 28.587174 -0.122208 541.022734
5032 -6.125000 29.125000 -0.208091 -6.538456 28.898721 0.029637 527.885103
5033 -6.256130 29.125000 -0.375000 -6.683241 28.884634 -0.131225 547.381402
5034 -6.125000 29.325500 -0.125000 -6.524896 29.108879 0.098192 506.612645
5035 -6.145800 29.375000 -0.125000 -6.549105 29.156145 0.099590 510.874699
5036 -6.229390 29.375000 -0.375000 -6.647251 29.145540 -0.143999 529.737385
5037 -6.236640 29.625000 -0.375000 -6.641389 29.405637 -0.159033 508.511192
5038 -6.143720 29.625000 -0.125000 -6.548508 29.410921 0.091597 506.553734
5039 -6.125000 29.683300 -0.125000 -6.532625 29.470324 0.090333 507.824272
5044 -6.181260 31.625000 -0.375000 -6.507072 31.482423 -0.246072 378.290444
5048 -5.980610 28.375000 -0.375000 -6.393600 28.144548 -0.099341 547.409356
5049 -6.059110 28.375000 -0.125000 -6.469272 28.139814 0.146716 545.320469
5050 -5.875000 28.602700 -0.375000 -6.263941 28.392997 -0.122661 508.846851
5051 -5.875000 28.625000 -0.314357 -6.265951 28.415225 -0.059902 511.463823
5052 -5.917970 28.625000 -0.125000 -6.305594 28.413654 0.125844 507.781722
5053 -5.981830 28.875000 -0.125000 -6.377343 28.660205 0.118114 511.538922
5054 -5.875000 28.650600 -0.375000 -6.266814 28.440363 -0.122176 511.506077
5055 -5.875000 29.102900 -0.125000 -6.248171 28.906847 0.097366 476.592064
5057 -5.875000 29.146100 -0.125000 -6.250474 28.949486 0.097757 478.810089
5058 -6.003800 29.875000 -0.125000 -6.364225 29.685153 0.069712 451.508978
5059 -5.875000 29.959000 -0.125000 -6.241079 29.775432 0.068586 452.975606
5065 -6.064350 31.625000 -0.375000 -6.370508 31.493535 -0.252835 354.880332
5066 -5.875000 31.422300 -0.375000 -6.177663 31.292474 -0.249732 352.352085
5067 -5.792790 28.625000 -0.375000 -6.160766 28.428820 -0.133873 481.700244
5068 -5.863930 29.125000 -0.125000 -6.226182 28.933117 0.096456 465.927272
5069 -5.741380 30.125000 -0.125000 -6.075061 29.958907 0.052609 412.885688
5074 -5.480690 31.875000 -0.125000 -5.692183 31.791519 -0.041607 242.183202
5075 -4.392850 29.625000 -0.125000 -4.750274 29.523014 0.068357 418.974546
5076 -4.375000 29.569200 -0.125000 -4.760219 29.462732 0.082798 450.454425
5077 -4.375000 29.625000 -0.129838 -4.779059 29.516309 0.075824 466.233965
5078 -4.375000 29.784300 -0.125000 -4.760799 29.679375 0.067833 443.885402
5079 -4.481760 30.125000 -0.125000 -4.747322 30.036900 0.013549 312.218587
5080 -4.375000 29.896900 -0.125000 -4.688643 29.803003 0.041402 367.257737
5081 -4.375000 30.125000 -0.152506 -4.747434 30.028436 0.015270 419.738254
5082 -4.375000 30.247400 -0.125000 -4.618696 30.169311 -0.002698 283.625308
5083 -4.125000 28.375000 -0.187232 -4.572382 28.281426 0.098853 539.213623
5084 -4.321620 28.375000 -0.125000 -4.735544 28.273023 0.142618 503.340041
5085 -4.125000 28.625000 -0.186534 -4.566522 28.532233 0.086056 527.116965
5086 -4.310760 28.625000 -0.125000 -4.742639 28.525745 0.151160 522.145026
5087 -4.125000 28.875000 -0.181796 -4.567032 28.778214 0.077513 521.537531
5088 -4.306380 28.875000 -0.125000 -4.736562 28.772415 0.137482 514.273471
5089 -4.125000 29.125000 -0.176396 -4.566361 29.024807 0.069005 514.839601
5090 -4.284830 29.125000 -0.125000 -4.690684 29.021346 0.105015 477.879646
5091 -4.125000 29.375000 -0.172815 -4.537196 29.275827 0.041558 475.075106
5092 -4.310360 29.375000 -0.125000 -4.707317 29.270302 0.091877 464.297338
5093 -4.125000 29.625000 -0.176214 -4.531608 29.528499 0.022864 462.897710
5095 -4.360170 29.875000 -0.125000 -4.755200 29.769587 0.068527 452.341992
5096 -4.360170 29.875000 -0.125000 -4.797455 29.765066 0.080099 495.347896
5097 -4.125000 30.125000 -0.191217 -4.524858 30.038552 -0.021612 442.860738
5098 -4.125000 30.375000 -0.160109 -4.410107 30.304842 -0.034302 319.430489
5099 -4.261180 30.375000 -0.125000 -4.485373 30.307875 -0.019622 256.656580
5100 -4.125000 30.625000 -0.154268 -4.391114 30.560352 -0.042003 295.971662
5101 -4.226360 30.625000 -0.125000 -4.436838 30.562257 -0.030198 239.217384
5102 -4.125000 30.875000 -0.168963 -4.419000 30.812820 -0.049459 323.393919
5103 -4.289100 30.875000 -0.125000 -4.478873 30.817785 -0.044160 214.061611
5105 -4.297330 31.125000 -0.125000 -4.473234 31.074579 -0.055576 195.714816
5107 -4.261760 31.375000 -0.125000 -4.388292 31.358485 -0.091779 131.858775
5109 -4.324990 31.625000 -0.125000 -4.445718 31.599274 -0.086492 129.305790
5112 -4.125000 29.125000 -0.745046 -4.479402 29.007652 -0.611869 396.367782
5113 -4.125000 29.250000 -0.875000 -4.417902 29.145225 -0.793239 321.643268
5114 -3.984130 29.125000 -0.875000 -4.267545 29.011555 -0.826171 309.156629
5115 -3.875000 28.375000 -0.236433 -4.344798 28.288013 0.047504 555.785272
5117 -3.875000 28.875000 -0.237129 -4.373940 28.788142 0.045138 579.793084
5118 -3.875000 29.125000 -0.229215 -4.358788 29.027351 0.017233 551.654460
5119 -3.875000 29.375000 -0.221741 -4.345248 29.276844 0.001949 529.910416
5120 -3.875000 29.625000 -0.222746 -4.306621 29.535343 -0.029931 481.157635
5121 -3.875000 29.875000 -0.210629 -4.302320 29.790454 -0.030868 471.237119
5122 -3.875000 30.125000 -0.216209 -4.268911 30.051991 -0.062123 429.230194
5123 -3.875000 30.375000 -0.208311 -4.220239 30.312663 -0.073895 375.691224
5124 -3.875000 30.625000 -0.207032 -4.158073 30.573248 -0.098237 307.644650
5133 -5.875000 31.912900 -0.375000 -6.157074 31.799147 -0.266307 322.985986
5134 -5.625000 32.053900 -0.375000 -5.858508 31.965752 -0.287587 264.456439
5135 -4.375000 31.957300 -0.125000 -4.485239 31.936625 -0.092290 116.833167
5136 -6.375000 31.875000 0.118404 -6.688398 31.732373 0.240694 365.398413
5139 -5.375000 31.875000 -0.051082 -5.587180 31.793935 0.032313 241.963768
5142 -4.375000 31.875000 -0.108042 -4.505274 31.844836 -0.065456 140.337838
5143 -6.125000 28.375000 -0.088983 -6.529774 28.137530 0.176305 539.084359
5144 -4.375000 28.375000 -0.034938 -4.776659 28.280549 0.237378 494.375758
5145 -6.125000 28.625000 0.009144 -6.551650 28.384122 0.270800 555.442878
5146 -4.375000 28.625000 -0.022927 -4.799030 28.527958 0.256602 517.064004
5152 -4.375000 28.875000 -0.030036 -4.797913 28.773126 0.235862 509.839178
5158 -6.728140 28.875000 0.125000 -7.193231 28.578653 0.394393 613.761817
5160 -6.125000 29.125000 0.061608 -6.536665 28.899472 0.298279 525.684070
5161 -5.875000 29.125000 -0.106027 -6.249162 28.928762 0.116401 477.473317
5162 -4.375000 29.125000 -0.015101 -4.773363 29.020941 0.218019 473.145003
5163 -7.247600 29.375000 -0.125000 -7.744668 29.043122 0.138691 653.263316
5165 -4.375000 29.375000 -0.063831 -4.769593 29.268643 0.156936 464.492257
5166 -4.375000 29.875000 -0.112169 -4.720805 29.774546 0.071199 404.098587
5167 -5.875000 30.125000 0.011555 -6.234686 29.947413 0.194507 440.888088
5171 -4.625000 30.375000 0.108350 -4.858934 30.288106 0.227971 276.739698
5172 -4.375000 30.375000 -0.077397 -4.593299 30.305209 0.027482 252.041361
5173 -4.625000 30.625000 0.087320 -4.842449 30.542056 0.194936 256.408012
5174 -4.375000 30.625000 -0.048812 -4.603766 30.548389 0.061721 265.368615
5175 -6.625000 30.875000 -0.111323 -7.002131 30.680265 0.053178 455.203046
5176 -6.491100 30.625000 -0.125000 -6.874216 30.428021 0.047284 463.961907
5179 -4.625000 30.875000 0.071821 -4.801018 30.812925 0.148619 201.825612
5180 -4.375000 30.875000 -0.078829 -4.560497 30.816170 0.001318 210.460612
5184 -4.625000 31.125000 0.080069 -4.784185 31.073436 0.143111 178.810104
5185 -4.375000 31.125000 -0.102339 -4.543582 31.076068 -0.036645 187.430127
5193 -4.625000 31.375000 0.018417 -4.769463 31.340730 0.065816 155.854136
5194 -4.375000 31.375000 -0.066781 -4.497017 31.358821 -0.034918 127.142576
5199 -4.625000 31.625000 0.101576 -4.774442 31.576705 0.158692 167.114878
5200 -4.375000 31.625000 -0.095687 -4.494462 31.598618 -0.057232 128.242109
5276 0.582858 17.375000 0.125000 0.582878 17.374998 0.125050 0.053607
5338 0.960528 16.625000 0.125000 0.960573 16.625010 0.125051 0.068778
5340 0.948214 16.875000 0.125000 0.948247 16.875012 0.125050 0.061338
5343 0.949440 17.375000 0.125000 0.949473 17.375019 0.125051 0.063686
5349 1.009270 17.875000 0.125000 1.009325 17.875057 0.125047 0.092572
5357 0.976569 18.375000 0.125000 0.976598 18.375034 0.125051 0.067832
5359 0.963342 18.625000 0.125000 0.963324 18.624982 0.125049 0.054663
5376 1.375000 16.625000 0.134237 1.375037 16.625006 0.134291 0.065779
5378 1.375000 16.504500 0.125000 1.375044 16.504526 0.125054 0.074095
5392 1.375000 17.625000 0.143000 1.375030 17.625012 0.143054 0.063093
5393 1.336420 17.625000 0.125000 1.336448 17.625022 0.125039 0.053035
5396 1.375000 17.875000 0.139353 1.375012 17.875010 0.139395 0.044345
5397 1.343540 17.875000 0.125000 1.343554 17.875004 0.125060 0.061274
5400 1.375000 18.125000 0.153669 1.375034 18.125034 0.153711 0.063951
5401 1.309200 18.125000 0.125000 1.309226 18.125034 0.125060 0.073356
5403 1.375000 18.375000 0.195123 1.374994 18.374983 0.195177 0.057108
5404 1.247640 18.375000 0.125000 1.247659 18.375026 0.125051 0.060919
5406 1.375000 18.625000 0.210475 1.375013 18.625009 0.210526 0.053404
5407 1.226210 18.625000 0.125000 1.226202 18.624997 0.125046 0.046440
5411 1.375000 18.875000 0.238986 1.375003 18.875008 0.239035 0.049359
5412 1.232970 18.875000 0.125000 1.232982 18.875020 0.125051 0.056189
5416 1.375000 19.125000 0.308177 1.375008 19.125025 0.308232 0.060986
5417 1.243820 19.125000 0.125000 1.243821 19.125006 0.125042 0.042961
5423 1.375000 19.375000 0.359625 1.375002 19.375031 0.359683 0.066102
5424 1.256010 19.375000 0.125000 1.255997 19.374991 0.125043 0.045869
5431 1.375000 19.424100 0.375000 1.374993 19.424113 0.375049 0.050868
5432 1.345570 19.625000 0.375000 1.345575 19.625046 0.375053 0.070190
5433 1.286580 19.625000 0.125000 1.286562 19.624994 0.125049 0.052820
5435 1.367500 19.625000 0.625000 1.367480 19.624989 0.625041 0.046727
5436 1.375000 19.625000 0.823752 1.375003 19.625026 0.823806 0.059722
5440 1.299280 19.875000 0.125000 1.299275 19.875037 0.125044 0.057806
5441 1.313690 19.875000 0.375000 1.313672 19.875004 0.375059 0.061434
5442 1.337130 19.875000 0.625000 1.337118 19.875008 0.625044 0.046184
5443 1.375000 19.639400 0.875000 1.374997 19.639423 0.875053 0.057524
5444 1.347620 19.875000 0.875000 1.347613 19.875026 0.875053 0.059803
5445 1.375000 19.757500 1.125000 1.374979 19.757505 1.125036 0.042322
5446 1.361810 19.875000 1.125000 1.361812 19.875039 1.125059 0.070909
5447 1.375000 19.871800 1.375000 1.374993 19.871829 1.375051 0.058859
5448 1.374730 19.875000 1.375000 1.374718 19.875022 1.375041 0.048512
5449 1.375000 19.798000 1.625000 1.375005 19.798039 1.625056 0.068296
5450 1.367410 19.875000 1.625000 1.367382 19.875028 1.625055 0.068066
5451 1.375000 19.821000 1.875000 1.374993 19.821023 1.875067 0.071318
5452 1.369470 19.875000 1.875000 1.369473 19.875019 1.875070 0.072965
5457 1.625000 16.375000 0.343194 1.625060 16.375017 0.343232 0.072971
5458 1.389550 16.375000 0.125000 1.389603 16.375014 0.125044 0.070652
5459 1.625000 16.125000 0.317915 1.625049 16.125031 0.317953 0.069651
5460 1.409990 16.125000 0.125000 1.410061 16.125055 0.125055 0.105386
5461 1.625000 16.331600 0.625000 1.625064 16.331644 0.625062 0.099391
5462 1.617930 16.375000 0.625000 1.617957 16.374997 0.625057 0.063005
5463 1.625000 16.375000 0.565575 1.625036 16.375006 0.565625 0.061826
5464 1.625000 16.129400 0.875000 1.625049 16.129416 0.875053 0.073646
5465 1.588080 16.375000 0.875000 1.588124 16.375015 0.875056 0.072370
5466 1.625000 16.125000 0.927486 1.625056 16.125023 0.927537 0.079584
5467 1.622370 16.125000 1.125000 1.622423 16.125031 1.125053 0.080805
5468 1.585900 16.375000 1.125000 1.585947 16.375016 1.125051 0.071452
5469 1.625000 16.144000 1.375000 1.625061 16.144041 1.375045 0.086259
5470 1.588110 16.375000 1.375000 1.588164 16.375012 1.375055 0.077849
5471 1.625000 16.125000 1.233420 1.625020 16.124973 1.233461 0.053270
5472 1.625000 16.165600 1.625000 1.625037 16.165621 1.625054 0.068623
5474 1.625000 16.162700 1.875000 1.625043 16.162736 1.875072 0.090852
5475 1.590180 16.375000 1.875000 1.590244 16.375015 1.875056 0.086537
5476 1.625000 16.125000 2.111060 1.625028 16.124997 2.111089 0.039958
5477 1.624630 16.125000 2.125000 1.624677 16.125015 2.125031 0.058234
5478 1.588320 16.375000 2.125000 1.588346 16.375015 2.125066 0.072447
5485 1.625000 16.625000 0.367092 1.625075 16.625053 0.367148 0.107809
5486 1.625000 16.625000 0.405462 1.625017 16.625001 0.405507 0.048316
5487 1.588730 16.625000 0.625000 1.588768 16.625030 0.625052 0.070955
5488 1.564270 16.625000 0.875000 1.564327 16.625038 0.875058 0.089719
5490 1.566480 16.625000 1.375000 1.566518 16.625022 1.375053 0.068278
5491 1.564710 16.625000 1.625000 1.564747 16.624998 1.625042 0.055608
5493 1.588320 16.375000 2.125000 1.588346 16.375015 2.125066 0.072447
5498 1.625000 16.680400 0.375000 1.625038 16.680428 0.375056 0.073700
5499 1.604250 16.875000 0.375000 1.604281 16.875001 0.375052 0.060924
5500 1.575010 16.875000 0.625000 1.575051 16.875025 0.625056 0.073541
5501 1.551400 16.875000 0.875000 1.551447 16.875030 0.875061 0.083237
5502 1.545170 16.875000 1.125000 1.545217 16.875040 1.125065 0.090160
5503 1.553490 16.875000 1.375000 1.553516 16.874994 1.375052 0.058085
5504 1.556180 16.875000 1.625000 1.556206 16.875017 1.625050 0.059094
5511 1.575700 17.125000 0.375000 1.575729 17.125011 0.375055 0.063411
5512 1.575010 16.875000 0.625000 1.575051 16.875025 0.625056 0.073541
5513 1.560150 17.125000 0.625000 1.560196 17.125023 0.625044 0.067239
5514 1.549470 17.125000 0.875000 1.549525 17.125041 0.875067 0.095542
5515 1.547500 17.125000 1.125000 1.547526 17.125009 1.125038 0.047132
5516 1.548700 17.125000 1.375000 1.548753 17.125030 1.375043 0.074583
5517 1.557050 17.125000 1.625000 1.557094 17.125025 1.625065 0.082632
5523 1.546040 17.375000 0.375000 1.546069 17.375004 0.375048 0.056283
5524 1.549240 17.375000 0.625000 1.549268 17.375021 0.625051 0.062326
5525 1.553100 17.375000 0.875000 1.553135 17.375017 0.875057 0.069263
5526 1.547490 17.375000 1.125000 1.547517 17.375014 1.125049 0.057890
5527 1.548700 17.125000 1.375000 1.548753 17.125030 1.375043 0.074583
5528 1.540320 17.375000 1.375000 1.540364 17.375017 1.375056 0.072828
5529 1.554300 17.375000 1.625000 1.554314 17.375010 1.625052 0.054770
5530 1.549710 17.375000 1.875000 1.549737 17.375010 1.875026 0.038448
5536 1.531220 17.625000 0.375000 1.531268 17.625037 0.375049 0.078253
5537 1.528760 17.625000 0.625000 1.528759 17.624996 0.625040 0.039969
5538 1.562050 17.625000 0.875000 1.562065 17.625030 0.875063 0.071525
5539 1.546150 17.625000 1.125000 1.546170 17.624983 1.125031 0.040510
5540 1.535710 17.625000 1.375000 1.535714 17.625010 1.375047 0.048510
5542 1.539980 17.625000 1.875000 1.540012 17.625002 1.875061 0.068768
5548 1.515220 17.875000 0.375000 1.515255 17.875030 0.375053 0.069966
5549 1.505710 17.875000 0.625000 1.505730 17.875016 0.625038 0.045610
5550 1.572350 17.875000 0.875000 1.572362 17.874997 0.875048 0.049277
5551 1.565930 17.875000 1.125000 1.565957 17.875029 1.125067 0.077899
5552 1.531250 17.875000 1.375000 1.531281 17.875029 1.375060 0.072946
5553 1.528020 17.875000 1.625000 1.528041 17.874994 1.625024 0.032452
5554 1.526740 17.875000 1.875000 1.526770 17.875027 1.875051 0.065071
5555 1.518700 17.875000 2.125000 1.518723 17.875020 2.125059 0.066650
5559 1.493480 18.125000 0.375000 1.493505 18.125043 0.375053 0.073169
5560 1.490130 18.125000 0.625000 1.490143 18.125020 0.625054 0.059007
5561 1.523380 18.125000 0.875000 1.523394 18.125011 0.875053 0.055786
5562 1.531940 18.125000 1.125000 1.531964 18.125008 1.125063 0.067941
5563 1.518770 18.125000 1.375000 1.518797 18.125032 1.375074 0.085562
5565 1.500660 18.125000 1.875000 1.500695 18.125036 1.875069 0.085021
5566 1.494500 18.125000 2.125000 1.494516 18.125037 2.125081 0.090938
5571 1.475390 18.375000 0.375000 1.475401 18.375017 0.375044 0.048835
5572 1.479780 18.375000 0.625000 1.479804 18.375025 0.625051 0.061988
5573 1.488390 18.375000 0.875000 1.488394 18.375023 0.875055 0.059716
5574 1.506830 18.375000 1.125000 1.506839 18.374995 1.125044 0.045033
5575 1.502180 18.375000 1.375000 1.502202 18.375028 1.375043 0.055814
5576 1.492400 18.375000 1.625000 1.492433 18.375026 1.625066 0.077704
5577 1.485390 18.375000 1.875000 1.485412 18.375014 1.875057 0.062530
5578 1.472260 18.375000 2.125000 1.472263 18.375036 2.125076 0.084216
5582 1.467450 18.625000 0.375000 1.467435 18.624985 0.375045 0.049480
5583 1.479780 18.375000 0.625000 1.479811 18.375035 0.625055 0.072171
5584 1.466510 18.625000 0.625000 1.466505 18.625010 0.625051 0.052225
5585 1.469860 18.625000 0.875000 1.469889 18.625057 0.875067 0.092465
5586 1.487730 18.625000 1.125000 1.487749 18.625021 1.125049 0.056801
5587 1.479390 18.625000 1.375000 1.479380 18.624992 1.375031 0.033367
5588 1.471360 18.625000 1.625000 1.471396 18.625048 1.625079 0.099271
5589 1.471700 18.625000 1.875000 1.471714 18.625026 1.875058 0.065296
5590 1.461750 18.625000 2.125000 1.461776 18.625024 2.125066 0.074674
5593 1.453770 18.875000 0.375000 1.453782 18.875017 0.375052 0.056557
5594 1.451470 18.875000 0.625000 1.451470 18.875019 0.625051 0.053988
5595 1.448340 18.875000 0.875000 1.448344 18.875008 0.875047 0.047865
5596 1.465830 18.875000 1.125000 1.465821 18.874992 1.125040 0.041237
5597 1.465910 18.875000 1.375000 1.465925 18.875036 1.375057 0.069153
5598 1.450830 18.875000 1.625000 1.450813 18.874995 1.625040 0.043429
5603 1.410180 19.125000 0.375000 1.410185 19.125036 0.375055 0.065675
5604 1.431680 19.125000 0.625000 1.431691 19.125035 0.625049 0.061565
5605 1.425930 19.125000 0.875000 1.425949 19.125033 0.875060 0.071061
5606 1.438040 19.125000 1.125000 1.438052 19.125033 1.125044 0.056563
5607 1.445200 19.125000 1.375000 1.445224 19.125016 1.375048 0.055970
5608 1.434920 19.125000 1.625000 1.434902 19.125012 1.625037 0.042628
5612 1.410180 19.125000 0.375000 1.410185 19.125035 0.375055 0.065627
5613 1.381210 19.375000 0.375000 1.381209 19.375022 0.375054 0.058206
5614 1.395820 19.375000 0.625000 1.395823 19.375018 0.625058 0.060461
5615 1.404660 19.375000 0.875000 1.404668 19.375019 0.875047 0.051320
5616 1.411610 19.375000 1.125000 1.411631 19.375046 1.125068 0.084790
5617 1.423450 19.375000 1.375000 1.423462 19.375046 1.375068 0.082900
5618 1.417000 19.375000 1.625000 1.416975 19.374981 1.625045 0.054709
5619 1.418810 19.375000 1.875000 1.418816 19.375023 1.875051 0.056434
5621 1.381210 19.375000 0.375000 1.381209 19.375022 0.375054 0.058239
5622 1.395820 19.375000 0.625000 1.395823 19.375017 0.625058 0.060397
5623 1.376730 19.625000 0.875000 1.376723 19.625018 0.875051 0.054656
5624 1.390240 19.625000 1.125000 1.390230 19.625023 1.125050 0.056031
5625 1.396950 19.625000 1.375000 1.396927 19.624992 1.375035 0.042447
5626 1.394100 19.625000 1.625000 1.394083 19.625015 1.625028 0.036007
5627 1.396700 19.625000 1.875000 1.396693 19.625018 1.875064 0.066824
5629 1.684860 16.125000 0.375000 1.684900 16.124997 0.375045 0.059684
5630 1.655600 16.375000 0.375000 1.655637 16.375004 0.375047 0.060024
5631 1.674390 16.125000 0.625000 1.674425 16.125007 0.625054 0.064418
5632 1.626070 16.125000 0.875000 1.626114 16.125018 0.875045 0.065818
5633 1.630400 16.125000 1.375000 1.630452 16.125022 1.375042 0.070544
5634 1.638720 16.125000 1.625000 1.638761 16.125010 1.625059 0.072408
5635 1.635250 16.125000 1.875000 1.635311 16.125026 1.875050 0.082758
5636 1.631370 16.625000 0.375000 1.631413 16.625006 0.375065 0.078656
5637 1.962710 18.375000 1.125000 1.962715 18.375028 1.125067 0.072753
5638 2.125000 18.245600 1.125000 2.125056 18.245689 1.125087 0.137105
5639 2.125000 18.375000 0.998179 2.124993 18.375001 0.998225 0.046393
5640 1.998630 18.375000 1.375000 1.998629 18.375031 1.375069 0.075172
5641 2.125000 18.250700 1.375000 2.124997 18.250717 1.375029 0.034004
5643 2.092690 18.625000 0.875000 2.092708 18.625045 0.875075 0.089411
5644 2.125000 18.595900 0.875000 2.125024 18.595937 0.875052 0.068381
5645 2.125000 18.625000 0.845729 2.125010 18.625036 0.845807 0.086309
5646 2.014410 18.625000 1.125000 2.014422 18.625025 1.125047 0.054666
5647 1.998350 18.625000 1.375000 1.998401 18.625078 1.375076 0.119960
5649 2.125000 18.875000 0.776685 2.125022 18.875053 0.776757 0.092317
5650 2.021390 18.875000 0.875000 2.021405 18.875026 0.875049 0.057787
5651 2.027180 18.875000 1.125000 2.027165 18.874989 1.125046 0.049764
5652 2.032160 18.875000 1.375000 2.032177 18.875058 1.375069 0.091977
5654 1.979350 19.125000 0.625000 1.979346 19.125009 0.625043 0.043728
5655 2.125000 18.999800 0.625000 2.124984 18.999792 0.625046 0.049227
5656 2.125000 19.125000 0.491155 2.124984 19.125004 0.491195 0.043620
5657 2.019910 19.125000 0.875000 2.019920 19.125025 0.875058 0.063696
5658 2.100100 19.125000 1.125000 2.100095 19.125015 1.125050 0.052309
5659 1.988440 19.125000 1.375000 1.988453 19.125047 1.375067 0.082819
5661 2.125000 18.992900 1.625000 2.125020 18.992934 1.625055 0.067630
5663 2.055330 19.375000 0.125000 2.055331 19.375031 0.125039 0.049325
5664 2.125000 19.375000 0.205502 2.124988 19.375012 0.205548 0.049428
5665 2.125000 19.306400 0.125000 2.124995 19.306440 0.125059 0.071976
5666 2.125000 19.375000 0.479650 2.125006 19.375024 0.479703 0.058246
5667 1.976630 19.375000 0.625000 1.976638 19.375032 0.625051 0.060937
5668 2.001780 19.375000 0.875000 2.001798 19.375067 0.875074 0.101417
5669 2.012720 19.375000 1.125000 2.012724 19.375027 1.125042 0.049973
5674 2.125000 19.625000 0.395230 2.125014 19.625033 0.395280 0.061370
5675 1.992250 19.625000 0.625000 1.992237 19.625026 0.625058 0.064768
5677 2.098160 19.625000 1.125000 2.098173 19.625048 1.125051 0.070832
5678 1.989440 19.625000 1.375000 1.989441 19.625052 1.375043 0.067343
5680 1.992250 19.625000 0.625000 1.992235 19.625023 0.625058 0.064129
5681 2.125000 19.875000 0.427294 2.125021 19.875042 0.427342 0.067179
5682 2.023910 19.875000 0.625000 2.023905 19.875035 0.625048 0.060231
5689 2.343680 17.125000 0.125000 2.343740 17.125056 0.125048 0.095032
5690 2.375000 17.125000 0.309182 2.375013 17.125000 0.309236 0.055670
5691 2.375000 17.084100 0.125000 2.375014 17.084123 0.125040 0.047681
5692 2.375000 17.208300 0.125000 2.375026 17.208330 0.125050 0.064137
5694 2.236050 17.375000 0.375000 2.236090 17.375038 0.375047 0.071926
5695 2.375000 17.136900 0.375000 2.375045 17.136948 0.375052 0.083917
5696 2.318570 17.375000 0.625000 2.318584 17.375016 0.625044 0.048955
5697 2.375000 17.281600 0.625000 2.374996 17.281605 0.625036 0.036177
5700 2.333180 17.625000 0.375000 2.333221 17.625031 0.375067 0.084221
5701 2.375000 17.625000 0.608892 2.375043 17.625034 0.608955 0.083800
5702 2.375000 17.612700 0.625000 2.375068 17.612766 0.625045 0.105117
5703 2.375000 17.625000 0.627641 2.375035 17.625052 0.627692 0.080609
5704 2.237030 17.625000 0.875000 2.237077 17.625059 0.875064 0.098824
5705 2.375000 17.500000 0.875000 2.375028 17.500013 0.875040 0.050426
5707 2.375000 17.875000 0.524105 2.375021 17.875023 0.524169 0.070844
5708 2.336090 17.875000 0.625000 2.336111 17.875035 0.625057 0.070408
5709 2.375000 17.639900 0.625000 2.375019 17.639920 0.625056 0.061904
5710 2.234120 17.875000 0.875000 2.234146 17.875040 0.875040 0.062150
5711 2.248890 18.125000 0.375000 2.248893 18.125009 0.375052 0.052811
5712 2.375000 18.026900 0.375000 2.375024 18.026929 0.375042 0.056282
5714 2.261240 18.125000 0.625000 2.261258 18.125040 0.625050 0.066445
5715 2.249000 18.125000 0.875000 2.249038 18.125043 0.875045 0.073267
5725 2.288540 18.375000 1.375000 2.288532 18.375010 1.375045 0.046780
5727 2.375000 18.507200 0.875000 2.375002 18.507201 0.875058 0.058406
5732 2.375000 18.375000 1.468790 2.375011 18.375029 1.468844 0.062335
5733 2.375000 18.625000 1.557810 2.375043 18.625085 1.557894 0.126792
5734 2.204560 18.375000 1.625000 2.204586 18.375037 1.625047 0.065072
5735 2.375000 18.538100 1.625000 2.375022 18.538138 1.625055 0.069863
5736 2.249790 18.875000 0.625000 2.249827 18.875070 0.625052 0.094413
5737 2.375000 18.742700 0.625000 2.374964 18.742703 0.625061 0.071075
5738 2.375000 18.875000 0.493472 2.375044 18.875074 0.493523 0.100136
5743 2.375000 18.965200 1.625000 2.375049 18.965269 1.625072 0.111180
5752 2.375000 19.375000 0.982832 2.375010 19.375042 0.982892 0.074260
5756 2.300290 19.875000 0.375000 2.300282 19.875031 0.375034 0.046821
5757 2.375000 19.858000 0.375000 2.374969 19.858020 0.375059 0.069506
5758 2.375000 19.875000 0.342306 2.374987 19.875024 0.342345 0.047297
5764 2.375000 19.875000 1.671130 2.374987 19.875027 1.671194 0.070573
5765 2.314550 19.875000 1.875000 2.314552 19.875026 1.875051 0.056714
5766 2.595670 16.125000 0.125000 2.595721 16.125029 0.125073 0.093442
5767 2.625000 16.175700 0.125000 2.625020 16.175700 0.125025 0.032017
5770 2.435580 16.125000 0.375000 2.435629 16.125047 0.375046 0.081979
5780 2.610510 16.875000 0.375000 2.610529 16.875031 0.375059 0.069100
5781 2.625000 16.787600 0.375000 2.625061 16.787641 0.375056 0.092229
5782 2.625000 16.822200 0.125000 2.625021 16.822199 0.125041 0.045562
5783 2.580860 16.875000 0.125000 2.580898 16.875033 0.125054 0.073548
5785 2.437020 17.125000 0.375000 2.437037 17.125006 0.375056 0.059082
5787 2.437020 17.125000 0.375000 2.437037 17.125006 0.375056 0.058715
5788 2.625000 17.201400 0.375000 2.625034 17.201439 0.375064 0.082591
5789 2.625000 17.252400 0.125000 2.625031 17.252433 0.125039 0.059632
5791 2.625000 17.375000 0.422235 2.625031 17.375038 0.422289 0.072681
5792 2.625000 17.168600 0.625000 2.625040 17.168644 0.625073 0.093846
5795 2.377640 17.625000 0.625000 2.377641 17.624982 0.625041 0.044330
5797 2.474830 17.875000 0.375000 2.474848 17.875041 0.375049 0.066285
5799 2.438070 18.125000 0.375000 2.438086 18.125038 0.375035 0.053699
5807 2.465180 18.875000 1.625000 2.465147 18.875006 1.625055 0.064233
5811 2.492100 19.375000 1.875000 2.492060 19.375030 1.875056 0.075023
5812 2.482830 19.375000 0.875000 2.482854 19.375033 0.875052 0.066543
5813 2.406990 19.875000 1.625000 2.406949 19.875009 1.625027 0.049702
5818 2.641070 16.625000 0.375000 2.641109 16.625016 0.375032 0.052716
5820 2.875000 16.375000 0.827985 2.875049 16.375060 0.828048 0.099876
5821 2.875000 16.422000 0.875000 2.875049 16.422048 0.875066 0.095500
5822 2.749620 16.625000 0.875000 2.749646 16.625012 0.875038 0.047787
5824 2.875000 16.375000 0.922015 2.875038 16.375046 0.922053 0.071016
5825 2.750000 16.625000 1.125000 2.750051 16.625019 1.125033 0.063717
5827 2.692840 16.875000 0.125000 2.692896 16.875029 0.125055 0.083962
5829 2.875000 16.875000 0.741346 2.875029 16.875028 0.741412 0.077198
5832 2.831040 17.125000 0.125000 2.831067 17.125024 0.125063 0.072983
5833 2.875000 16.986100 0.625000 2.875055 16.986158 0.625080 0.113329
5834 2.875000 17.125000 0.405691 2.875012 17.125017 0.405735 0.048960
5835 2.875000 17.329900 0.375000 2.875013 17.329936 0.375039 0.055007
5836 2.807330 17.375000 0.625000 2.807317 17.375006 0.625042 0.044300
5843 2.705760 18.125000 0.375000 2.705763 18.125024 0.375029 0.037458
5844 2.875000 18.053100 0.625000 2.874995 18.053112 0.625036 0.037953
5845 2.803070 18.125000 0.625000 2.803105 18.125059 0.625065 0.095114
5846 2.875000 18.125000 0.553073 2.875003 18.125028 0.553111 0.047049
5847 2.875000 18.375000 0.248714 2.875009 18.375026 0.248774 0.065451
5848 2.777540 18.625000 0.125000 2.777529 18.625010 0.125043 0.044974
5849 2.875000 18.549400 0.125000 2.875051 18.549454 0.125020 0.077334
5857 2.950390 16.375000 0.125000 2.950453 16.375057 0.125075 0.113637
5858 3.053160 16.125000 0.125000 3.053220 16.125059 0.125041 0.093373
5859 2.950070 16.625000 0.125000 2.950118 16.625012 0.125046 0.067636
5860 2.922010 16.375000 0.875000 2.922014 16.375010 0.875030 0.031496
5862 3.125000 16.875000 0.764134 3.125045 16.875039 0.764176 0.072905
5863 3.125000 16.764100 0.875000 3.125048 16.764133 0.875073 0.093881
5864 3.125000 16.875000 0.985866 3.125056 16.875061 0.985909 0.093326
5865 2.875000 16.875000 0.974793 2.875047 16.875039 0.974844 0.079846
5869 3.125000 17.000000 0.625000 3.125060 17.000049 0.625041 0.087738
5881 3.125000 18.455100 0.125000 3.125008 18.455115 0.125059 0.061568
5895 1.294400 20.125000 0.125000 1.294403 20.125031 0.125057 0.064861
5896 1.298600 20.125000 0.375000 1.298580 20.125006 0.375054 0.057704
5897 2.375000 20.125000 0.219344 2.374978 20.125030 0.219378 0.050026
5898 2.250000 20.125000 0.375000 2.250003 20.125046 0.375050 0.068235
5899 1.316180 20.125000 0.625000 1.316164 20.125005 0.625043 0.046302
5900 2.125000 20.125000 0.500000 2.125005 20.125056 0.500056 0.079094
5901 1.998610 20.125000 0.625000 1.998605 20.125035 0.625056 0.065974
5902 1.323590 20.125000 0.875000 1.323569 20.125008 0.875049 0.053936
5903 2.125000 20.125000 0.764760 2.125000 20.125046 0.764821 0.076438
5904 2.235240 20.125000 0.875000 2.235221 20.125021 0.875046 0.054532
5905 1.342280 20.125000 1.125000 1.342273 20.125006 1.125053 0.053849
5906 1.359020 20.125000 1.375000 1.358996 20.124998 1.375039 0.045686
5908 1.353110 20.125000 1.625000 1.353094 20.125040 1.625075 0.086423
5911 2.236520 20.125000 1.625000 2.236519 20.125042 1.625058 0.070963
5912 1.355020 20.125000 1.875000 1.354996 20.124992 1.875032 0.040739
5914 2.375000 19.968400 1.875000 2.374997 19.968447 1.875065 0.079979
5916 2.625000 20.066600 1.875000 2.624984 20.066623 1.875050 0.057384
5918 1.348110 20.125000 2.125000 1.348100 20.125026 2.125060 0.065947
6408 -2.735800 7.625000 -0.125000 -2.735631 7.624964 -0.124945 0.180914
6411 -2.763160 7.875000 -0.375000 -2.762984 7.874933 -0.374949 0.194797
6412 -2.742940 7.875000 -0.125000 -2.742765 7.874937 -0.124946 0.193742
6414 -2.441820 7.125000 -0.125000 -2.441650 7.124940 -0.124959 0.184479
6417 -2.491430 7.375000 -0.375000 -2.491272 7.374983 -0.374944 0.168609
6419 -2.625000 7.875000 -1.417830 -2.624832 7.874946 -1.417764 0.188589
6420 -2.582170 7.875000 -1.375000 -2.582018 7.874972 -1.374952 0.162176
6421 -2.625000 7.832170 -1.375000 -2.624860 7.832141 -1.374968 0.146462
6434 -2.063360 6.375000 -0.125000 -2.063166 6.374933 -0.124936 0.215208
6435 -1.946330 6.625000 -0.125000 -1.946144 6.624977 -0.124947 0.194533
6438 -1.900500 7.375000 -0.125000 -1.900316 7.374958 -0.124948 0.195618
6439 -1.875000 7.321420 -0.125000 -1.874822 7.321386 -0.124949 0.188357
6445 -1.852310 5.875000 -0.125000 -1.852131 5.874984 -0.124955 0.185510
6448 -1.836370 6.125000 -0.375000 -1.836191 6.124978 -0.374958 0.185361
6449 -1.875000 6.091510 -0.375000 -1.874816 6.091485 -0.374949 0.192875
6450 -1.875000 5.875000 -0.137737 -1.874817 5.874981 -0.137672 0.194803
6451 -1.625000 6.125000 -0.523399 -1.624794 6.124944 -0.523345 0.219876
6452 -1.625000 6.375000 -0.550930 -1.624807 6.374962 -0.550877 0.203810
6453 -1.826450 6.375000 -0.375000 -1.826268 6.374960 -0.374946 0.194083
6454 -1.625000 6.625000 -0.486659 -1.624835 6.624990 -0.486612 0.171786
6455 -1.625000 6.875000 -0.488259 -1.624828 6.874977 -0.488209 0.180859
6456 -1.625000 7.125000 -0.490420 -1.624810 7.124949 -0.490370 0.203531
6459 -1.625000 7.342480 -0.875000 -1.624822 7.342441 -0.874946 0.190118
6460 -1.625000 7.375000 -0.456819 -1.624801 7.374961 -0.456765 0.209617
6462 -1.625000 7.258020 -0.125000 -1.624834 7.257997 -0.124945 0.176376
6466 -1.625000 7.625000 -0.487903 -1.624836 7.624964 -0.487848 0.176577
6469 -1.625000 7.672810 -0.875000 -1.624826 7.672773 -0.874955 0.183756
6473 -1.534410 6.125000 -0.625000 -1.534234 6.124984 -0.624945 0.185520
6474 -1.625000 6.039190 -0.625000 -1.624814 6.039173 -0.624955 0.192196
6475 -1.375000 6.125000 -0.744773 -1.374793 6.124961 -0.744712 0.219418
6476 -1.375000 6.375000 -0.748409 -1.374794 6.374940 -0.748345 0.224078
6477 -1.557840 6.375000 -0.625000 -1.557647 6.374965 -0.624947 0.203115
6478 -1.498070 6.625000 -0.625000 -1.497903 6.624991 -0.624950 0.174077
6479 -1.498900 6.875000 -0.625000 -1.498707 6.874962 -0.624945 0.204671
6480 -1.491440 7.125000 -0.625000 -1.491262 7.124973 -0.624948 0.187242
6481 -1.416240 7.125000 -0.125000 -1.416057 7.124959 -0.124952 0.194030
6482 -1.375000 7.068570 -0.125000 -1.374814 7.068544 -0.124955 0.193089
6484 -1.493030 7.375000 -0.625000 -1.492867 7.374976 -0.624949 0.172127
6486 -1.375000 7.466030 -0.875000 -1.374835 7.466006 -0.874952 0.173288
6487 -1.526700 7.625000 -0.625000 -1.526535 7.624970 -0.624957 0.173294
6488 -1.375000 7.625000 -0.748768 -1.374830 7.624968 -0.748716 0.180633
6492 -1.375000 7.875000 -0.508339 -1.374820 7.874942 -0.508289 0.195740
6494 -1.125000 5.375000 -0.166775 -1.124799 5.374988 -0.166724 0.207686
6495 -1.375000 5.125000 -0.330767 -1.374786 5.124958 -0.330716 0.223929
6497 -1.375000 5.375000 -0.159367 -1.374812 5.374970 -0.159318 0.196859
6498 -1.125000 5.625000 -0.137577 -1.124798 5.624969 -0.137530 0.209852
6499 -1.154410 5.625000 -0.125000 -1.154192 5.624948 -0.124945 0.230406
6501 -1.125000 5.875000 -0.129054 -1.124769 5.874935 -0.128999 0.245921
6502 -1.139640 5.875000 -0.125000 -1.139433 5.874963 -0.124955 0.215372
6503 -1.125000 5.899320 -0.125000 -1.124807 5.899295 -0.124949 0.200922
6504 -1.159290 6.875000 -0.125000 -1.159106 6.874981 -0.124960 0.189398
6510 -1.265290 7.875000 -0.625000 -1.265128 7.874967 -0.624940 0.175984
6511 -1.125000 7.875000 -0.736503 -1.124834 7.874966 -0.736447 0.178688
6512 -1.125000 7.625000 -0.738208 -1.124816 7.624927 -0.738121 0.216430
6517 -0.875000 5.375000 -0.275329 -0.874810 5.374987 -0.275277 0.197148
6518 -0.875000 5.625000 -0.259930 -0.874794 5.624967 -0.259874 0.215769
6519 -0.875000 5.875000 -0.224541 -0.874788 5.874956 -0.224486 0.222987
6520 -0.875000 6.125000 -0.191972 -0.874793 6.124941 -0.191918 0.221576
6521 -1.043040 6.125000 -0.125000 -1.042841 6.124961 -0.124944 0.209919
6523 -0.980410 6.375000 -0.125000 -0.980220 6.374969 -0.124950 0.198754
6531 -0.625000 4.875000 -0.340956 -0.624786 4.874977 -0.340904 0.221667
6532 -0.875000 4.625000 -0.318457 -0.874754 4.624923 -0.318391 0.266426
6533 -0.625000 4.625000 -0.363723 -0.624774 4.624948 -0.363657 0.241235
6534 -0.625000 5.125000 -0.327223 -0.624830 5.125033 -0.327193 0.175781
6535 -0.625000 5.375000 -0.319379 -0.624789 5.374975 -0.319321 0.220447
6536 -0.625000 5.625000 -0.304151 -0.624800 5.624970 -0.304091 0.211174
6537 -0.625000 5.875000 -0.281154 -0.624803 5.874979 -0.281098 0.206377
6538 -0.625000 6.125000 -0.272963 -0.624783 6.124939 -0.272889 0.236942
6539 -0.625000 6.375000 -0.253429 -0.624809 6.374979 -0.253374 0.199427
6540 -0.625000 6.625000 -0.238968 -0.624809 6.624976 -0.238913 0.200003
6545 -0.625000 7.875000 -0.224816 -0.624827 7.874966 -0.224761 0.185154
6546 -0.375000 4.582910 -0.375000 -0.374784 4.582891 -0.374941 0.224219
6547 -0.375000 4.625000 -0.370852 -0.374787 4.624996 -0.370803 0.218874
6548 -0.625000 4.492540 -0.375000 -0.624772 4.492514 -0.374943 0.236397
6549 -0.375000 4.875000 -0.348418 -0.374809 4.875022 -0.348381 0.195375
6550 -0.375000 5.125000 -0.329424 -0.374791 5.124985 -0.329377 0.214460
6551 -0.375000 5.375000 -0.322223 -0.374803 5.375010 -0.322181 0.201639
6552 -0.375000 5.625000 -0.310636 -0.374788 5.624945 -0.310566 0.230167
6553 -0.375000 5.875000 -0.288443 -0.374803 5.874977 -0.288391 0.204569
6559 -0.375000 7.375000 -0.220306 -0.374824 7.374994 -0.220258 0.182638
6561 -0.375000 7.875000 -0.212964 -0.374840 7.875029 -0.212933 0.165482
6562 -0.157655 4.625000 -0.375000 -0.157443 4.625014 -0.374959 0.216556
6563 -0.125000 4.631010 -0.375000 -0.124789 4.631007 -0.374950 0.217085
6564 -0.157655 4.625000 -0.375000 -0.157443 4.625014 -0.374959 0.216549
6565 -0.125000 4.625000 -0.376083 -0.124787 4.625010 -0.376039 0.217656
6566 -0.125000 4.875000 -0.350125 -0.124794 4.874986 -0.350076 0.212473
6567 -0.125000 5.125000 -0.337973 -0.124792 5.125021 -0.337933 0.213338
6568 -0.125000 5.375000 -0.327890 -0.124796 5.374962 -0.327828 0.216757
6569 -0.125000 5.625000 -0.314477 -0.124803 5.624995 -0.314428 0.203002
6570 -0.125000 5.875000 -0.293864 -0.124805 5.874979 -0.293810 0.202977
6572 -0.125000 6.375000 -0.250069 -0.124807 6.375001 -0.250025 0.198027
6575 -0.125000 7.125000 -0.230755 -0.124830 7.124965 -0.230694 0.183955
6576 -0.125000 7.375000 -0.217727 -0.124819 7.375014 -0.217688 0.185830
6578 -0.125000 7.875000 -0.225370 -0.124830 7.874997 -0.225320 0.177065
6579 0.125000 4.625000 -0.377373 0.125221 4.625012 -0.377336 0.224163
6580 0.125000 4.640810 -0.375000 0.125218 4.640804 -0.374953 0.223378
6581 0.125000 4.875000 -0.355234 0.125214 4.874990 -0.355182 0.220108
6582 0.125000 5.125000 -0.344387 0.125205 5.125001 -0.344340 0.210459
6583 0.125000 5.375000 -0.327471 0.125201 5.374976 -0.327410 0.211277
6584 0.125000 5.625000 -0.317657 0.125194 5.624979 -0.317599 0.203463
6585 0.125000 5.875000 -0.300200 0.125195 5.874983 -0.300143 0.203636
6596 -2.701360 7.875000 -1.375000 -2.701205 7.874976 -1.374962 0.161162
6597 -2.625000 7.917830 -1.375000 -2.624828 7.917784 -1.374937 0.189053
6598 -1.125000 8.125000 -0.746251 -1.124859 8.125005 -0.746214 0.145944
6599 -1.276000 8.125000 -0.625000 -1.275824 8.124951 -0.624949 0.189985
6604 -1.375000 8.125000 -0.510716 -1.374834 8.124977 -0.510667 0.174728
6605 -2.375010 8.125000 -0.375000 -2.374844 8.124942 -0.374934 0.188283
6606 -2.375000 8.125000 -0.374979 -2.374844 8.124956 -0.374936 0.167988
6607 -2.375000 8.124990 -0.375000 -2.374844 8.124942 -0.374934 0.176517
6608 -2.374990 8.125000 -0.375000 -2.374840 8.124982 -0.374940 0.162808
6621 -3.125000 8.000000 0.125000 -3.124814 7.999929 0.125069 0.211112
6628 -1.375000 5.375000 0.095565 -1.374806 5.374998 0.095615 0.200335
6629 -1.361370 5.375000 0.125000 -1.361171 5.374969 0.125055 0.208365
6631 -1.349850 5.625000 0.125000 -1.349631 5.624934 0.125044 0.233245
6632 -1.210560 5.875000 0.125000 -1.210380 5.875001 0.125051 0.186602
6634 -1.125000 5.978110 0.125000 -1.124816 5.978093 0.125054 0.192257
6635 -1.033410 6.125000 0.125000 -1.033223 6.124981 0.125052 0.194877
6636 -0.969202 6.375000 0.125000 -0.968998 6.374948 0.125047 0.215657
6637 -2.125000 6.375000 -0.091710 -2.124817 6.374956 -0.091664 0.193614
6638 -2.125000 6.602290 0.125000 -2.124818 6.602258 0.125047 0.190794
6639 -2.062830 6.625000 0.125000 -2.062660 6.624982 0.125060 0.181369
6640 -0.952404 6.625000 0.125000 -0.952221 6.624976 0.125055 0.192497
6641 -2.054610 6.875000 0.125000 -2.054425 6.874949 0.125053 0.199499
6651 -2.046910 7.125000 0.125000 -2.046721 7.124945 0.125050 0.202663
6652 -1.375000 7.125000 -0.095294 -1.374827 7.124961 -0.095246 0.183980
6653 -1.125000 7.125000 -0.070429 -1.124813 7.124966 -0.070373 0.197592
6659 -2.125000 7.293010 0.125000 -2.124834 7.292974 0.125053 0.178384
6662 -1.875000 7.359180 0.125000 -1.874842 7.359172 0.125048 0.165513
6663 -1.625000 7.245910 0.125000 -1.624831 7.245881 0.125050 0.178428
6664 -1.375000 7.297350 0.125000 -1.374826 7.297317 0.125057 0.185597
6665 -1.125000 7.201000 0.125000 -1.124832 7.200976 0.125052 0.177546
6666 -2.375000 7.383280 0.125000 -2.374810 7.383229 0.125044 0.201584
6667 -2.625000 7.525450 0.125000 -2.624851 7.525424 0.125066 0.164944
6669 -2.289830 7.625000 0.125000 -2.289668 7.624968 0.125056 0.174198
6670 -2.125000 7.414370 0.125000 -2.124833 7.414320 0.125039 0.178549
6671 -2.875000 7.625000 0.011409 -2.874819 7.624936 0.011448 0.195773
6672 -2.875000 7.819600 0.125000 -2.874818 7.819545 0.125048 0.196533
6673 -2.743340 7.875000 0.125000 -2.743176 7.874951 0.125058 0.180655
6682 0.375000 17.125000 -0.468680 0.375035 17.125053 -0.468667 0.064925
6683 0.125000 17.125000 -0.447466 0.125039 17.125008 -0.447424 0.058081
6684 0.375000 17.375000 -0.455467 0.375020 17.374977 -0.455397 0.076237
6685 0.125000 17.375000 -0.443480 0.125021 17.375004 -0.443435 0.049791
6686 0.375000 17.625000 -0.440242 0.375019 17.624972 -0.440182 0.069284
6687 0.125000 17.625000 -0.442859 0.125021 17.624978 -0.442800 0.065900
6688 0.375000 17.875000 -0.430769 0.375026 17.875011 -0.430723 0.053887
6689 0.125000 17.875000 -0.434899 0.125018 17.875032 -0.434870 0.046253
6690 0.375000 18.125000 -0.422116 0.375016 18.125005 -0.422071 0.047972
6691 0.125000 18.125000 -0.430837 0.125015 18.125013 -0.430798 0.044381
6692 0.375000 18.375000 -0.421659 0.375020 18.374979 -0.421596 0.068997
6693 0.125000 18.375000 -0.427040 0.125013 18.374988 -0.426992 0.051452
6694 0.375000 18.625000 -0.427958 0.375010 18.625015 -0.427915 0.046784
6695 0.125000 18.625000 -0.425097 0.125014 18.625002 -0.425046 0.053129
6696 0.375000 18.875000 -0.423104 0.375006 18.874990 -0.423043 0.061971
6697 0.125000 18.875000 -0.426608 0.125004 18.875007 -0.426571 0.038114
6698 0.375000 19.125000 -0.432556 0.375017 19.125040 -0.432524 0.053995
6699 0.125000 19.125000 -0.424023 0.125005 19.124959 -0.423953 0.081379
6700 0.375000 19.375000 -0.436790 0.375007 19.375032 -0.436748 0.053323
6701 0.125000 19.375000 -0.423024 0.124998 19.374997 -0.422977 0.047126
6702 0.375000 19.625000 -0.447143 0.374992 19.625007 -0.447097 0.047019
6703 0.125000 19.625000 -0.426961 0.124991 19.624980 -0.426893 0.071215
6704 0.375000 19.875000 -0.443363 0.374979 19.874968 -0.443294 0.079300
6705 0.125000 19.875000 -0.422117 0.124984 19.875041 -0.422083 0.056045
6707 0.625000 16.125000 -0.446618 0.625055 16.124996 -0.446567 0.075453
6708 0.625000 16.125000 -0.216012 0.625043 16.124994 -0.215959 0.068817
6713 0.625000 16.409200 -0.125000 0.625048 16.409218 -0.124953 0.069993
6715 0.625000 17.125000 -0.480389 0.625010 17.124959 -0.480320 0.081105
6716 0.625000 17.375000 -0.469122 0.625030 17.375014 -0.469077 0.055840
6717 0.625000 17.625000 -0.460184 0.625008 17.624952 -0.460103 0.094435
6718 0.625000 17.875000 -0.456468 0.625010 17.874990 -0.456409 0.060203
6719 0.625000 18.125000 -0.450716 0.625018 18.125008 -0.450662 0.057888
6720 0.625000 18.375000 -0.452004 0.624993 18.374958 -0.451923 0.091662
6721 0.625000 18.625000 -0.448928 0.625009 18.624984 -0.448863 0.067884
6722 0.625000 18.875000 -0.443369 0.625016 18.875000 -0.443309 0.061540
6723 0.625000 19.125000 -0.439469 0.624994 19.124994 -0.439420 0.050005
6724 0.625000 19.375000 -0.436607 0.624995 19.374993 -0.436562 0.045950
6725 0.625000 19.625000 -0.436679 0.624987 19.625004 -0.436618 0.062695
6726 0.625000 19.875000 -0.443049 0.624992 19.875005 -0.443002 0.047483
6727 0.875000 16.295100 -0.625000 0.875051 16.295116 -0.624951 0.072745
6728 0.875000 16.375000 -0.502961 0.875051 16.375028 -0.502915 0.074399
6729 0.707146 16.125000 -0.625000 0.707189 16.124993 -0.624942 0.072460
6731 0.875000 16.125000 -0.353759 0.875047 16.125005 -0.353706 0.070711
6733 0.774348 16.625000 -0.125000 0.774385 16.624988 -0.124949 0.064325
6736 0.875000 16.664300 -0.125000 0.875031 16.664306 -0.124949 0.060497
6737 0.875000 17.125000 -0.485796 0.875012 17.124970 -0.485719 0.083221
6738 0.875000 17.375000 -0.477364 0.875020 17.374993 -0.477305 0.062611
6739 0.875000 17.625000 -0.478084 0.874985 17.624957 -0.478011 0.085652
6741 0.875000 18.125000 -0.471276 0.875035 18.125031 -0.471234 0.062519
6742 0.875000 18.375000 -0.460849 0.875005 18.374986 -0.460784 0.066300
6743 0.875000 18.625000 -0.452885 0.875011 18.624997 -0.452826 0.060459
6745 0.875000 19.125000 -0.441937 0.874998 19.125014 -0.441889 0.050229
6746 0.875000 19.375000 -0.437650 0.875018 19.375036 -0.437606 0.059529
6747 0.875000 19.625000 -0.432878 0.874979 19.624986 -0.432812 0.070896
6748 0.875000 19.875000 -0.426397 0.874997 19.875008 -0.426340 0.057284
6752 1.035340 16.375000 -0.375000 1.035364 16.375013 -0.374946 0.060490
6753 1.035710 16.375000 -0.625000 1.035761 16.375026 -0.624952 0.074784
6754 1.125000 16.470200 -0.375000 1.125047 16.470206 -0.374952 0.067248
6755 1.125000 16.452600 -0.625000 1.125028 16.452575 -0.624936 0.073777
6756 1.125000 16.625000 -0.484007 1.125040 16.625010 -0.483962 0.061100
6759 1.029100 16.875000 -0.125000 1.029117 16.875005 -0.124965 0.038779
6761 0.875000 16.664300 -0.125000 0.875032 16.664306 -0.124949 0.060598
6764 1.125000 17.375000 -0.468388 1.125046 17.375029 -0.468348 0.066998
6765 1.125000 17.625000 -0.468237 1.125030 17.625022 -0.468193 0.057581
6766 1.125000 17.875000 -0.474044 1.125020 17.874994 -0.473984 0.064024
6767 1.125000 18.125000 -0.497029 1.125004 18.124990 -0.496964 0.065765
6768 1.125000 18.375000 -0.501908 1.125009 18.375002 -0.501856 0.052541
6769 1.125000 18.625000 -0.486069 1.125005 18.625013 -0.486014 0.056967
6770 1.125000 18.875000 -0.461799 1.124973 18.874972 -0.461731 0.078664
6771 1.125000 19.125000 -0.441946 1.125026 19.125039 -0.441912 0.057753
6772 1.125000 19.375000 -0.426880 1.125011 19.375030 -0.426833 0.056763
6773 1.125000 19.625000 -0.419299 1.124986 19.624995 -0.419238 0.063073
6774 1.125000 19.875000 -0.411822 1.124963 19.874984 -0.411753 0.079446
6778 1.152460 16.375000 -0.625000 1.152504 16.375003 -0.624934 0.079684
6779 1.125000 16.296400 -0.875000 1.125052 16.296430 -0.874958 0.073562
6780 1.295020 16.375000 -0.875000 1.295064 16.375014 -0.874940 0.075637
6781 1.125000 16.375000 -0.686711 1.125042 16.375027 -0.686670 0.064910
6784 1.375000 16.837700 -0.375000 1.375035 16.837725 -0.374963 0.056519
6795 1.311700 17.625000 -0.125000 1.311739 17.625048 -0.124961 0.073394
6798 1.330620 17.875000 -0.125000 1.330649 17.875028 -0.124958 0.058456
6799 1.375000 18.125000 -0.396326 1.375042 18.125053 -0.396287 0.078082
6800 1.375000 18.125000 -0.303960 1.375000 18.124992 -0.303902 0.058486
6801 1.321380 18.125000 -0.125000 1.321407 18.125029 -0.124950 0.064114
6802 1.375000 18.375000 -0.396225 1.375013 18.375028 -0.396186 0.049457
6803 1.375000 18.375000 -0.311375 1.375022 18.375034 -0.311333 0.058404
6804 1.324880 18.375000 -0.125000 1.324902 18.375035 -0.124947 0.067564
6805 1.375000 18.625000 -0.396706 1.375009 18.625029 -0.396655 0.059082
6806 1.375000 18.625000 -0.300510 1.374998 18.625003 -0.300453 0.057244
6807 1.340130 18.625000 -0.125000 1.340119 18.624989 -0.124936 0.066211
6808 1.375000 18.875000 -0.383008 1.375002 18.875018 -0.382960 0.050870
6809 1.375000 18.875000 -0.326063 1.375002 18.875025 -0.326011 0.057854
6810 1.353230 18.875000 -0.125000 1.353253 18.875042 -0.124949 0.070022
6811 1.375000 18.994800 -0.375000 1.375014 18.994833 -0.374943 0.067675
6812 1.358680 19.125000 -0.375000 1.358669 19.124989 -0.374943 0.058757
6813 1.368750 19.125000 -0.125000 1.368756 19.125020 -0.124962 0.043178
6814 1.309930 19.375000 -0.375000 1.309929 19.375019 -0.374956 0.047549
6815 1.375000 19.375000 -0.215679 1.374987 19.375006 -0.215637 0.044677
6817 1.281090 19.625000 -0.375000 1.281095 19.625022 -0.374969 0.038757
6818 1.375000 19.625000 -0.311261 1.375011 19.625035 -0.311216 0.057666
6819 1.269290 19.875000 -0.375000 1.269292 19.875036 -0.374958 0.055735
6820 1.375000 19.875000 -0.305950 1.374996 19.875034 -0.305906 0.055869
6821 1.536990 16.375000 -0.875000 1.537054 16.375044 -0.874970 0.083781
6822 1.550410 16.625000 -0.375000 1.550431 16.624994 -0.374947 0.057371
6823 1.625000 16.609300 -0.375000 1.625031 16.609308 -0.374948 0.061196
6826 1.375000 16.625000 -1.082010 1.375034 16.624993 -1.081955 0.065359
6827 1.375000 16.660600 -1.125000 1.375044 16.660604 -1.124958 0.060934
6828 1.427580 16.625000 -1.125000 1.427626 16.625004 -1.124955 0.064645
6830 1.585580 16.875000 -0.375000 1.585609 16.874988 -0.374944 0.064087
6831 1.445330 17.125000 -0.375000 1.445368 17.125032 -0.374956 0.066426
6832 1.423740 17.375000 -0.375000 1.423761 17.374999 -0.374954 0.050959
6835 1.561820 17.875000 -0.375000 1.561835 17.875019 -0.374940 0.064550
6836 1.451550 18.125000 -0.375000 1.451557 18.125009 -0.374957 0.044514
6837 1.416520 18.375000 -0.375000 1.416526 18.375018 -0.374946 0.056815
6838 1.416520 18.375000 -0.375000 1.416510 18.374997 -0.374939 0.061817
6839 1.406860 18.625000 -0.375000 1.406893 18.625036 -0.374956 0.065809
6840 1.386410 18.875000 -0.375000 1.386388 18.874991 -0.374937 0.067560
6842 1.451970 19.625000 -0.125000 1.451943 19.624991 -0.124958 0.051047
6843 1.455060 19.875000 -0.125000 1.455035 19.875003 -0.124953 0.053199
6844 1.707380 18.125000 -0.125000 1.707409 18.125032 -0.124962 0.057397
6845 1.875000 18.013600 -0.125000 1.874992 18.013574 -0.124944 0.062568
6850 1.944830 17.625000 -0.125000 1.944835 17.625002 -0.124961 0.039049
6851 2.125000 17.485600 -0.125000 2.125021 17.485605 -0.124948 0.056334
6854 2.051420 17.875000 -0.125000 2.051436 17.875025 -0.124965 0.045584
6855 2.125000 17.969500 -0.125000 2.125026 17.969524 -0.124948 0.063136
6856 2.009930 18.125000 -0.125000 2.009941 18.125014 -0.124941 0.061383
6857 2.125000 18.210800 -0.125000 2.125016 18.210822 -0.124959 0.048856
6862 2.042280 18.875000 -0.125000 2.042324 18.875070 -0.124940 0.102355
6864 2.017720 19.375000 -0.125000 2.017700 19.375007 -0.124948 0.056441
6865 2.125000 19.273200 -0.125000 2.124984 19.273216 -0.124966 0.040627
6868 2.084590 19.625000 -0.125000 2.084589 19.625019 -0.124946 0.056934
6870 2.033370 19.875000 -0.125000 2.033357 19.875007 -0.124945 0.057052
6875 2.205130 18.125000 -0.125000 2.205147 18.125007 -0.124946 0.056823
6879 2.375000 18.754400 -0.375000 2.375007 18.754418 -0.374942 0.061421
6882 2.220280 19.125000 -0.125000 2.220277 19.125016 -0.124960 0.042598
6892 2.625000 18.686900 -0.375000 2.624973 18.686883 -0.374943 0.064778
6898 2.515580 19.625000 -0.375000 2.515571 19.625028 -0.374940 0.066471
6899 2.625000 19.390700 -0.375000 2.625005 19.390730 -0.374926 0.079932
6900 2.625000 19.625000 -0.478464 2.625017 19.625028 -0.478409 0.064478
6901 2.625000 19.875000 -0.601911 2.625009 19.875019 -0.601860 0.054785
6902 2.514420 19.875000 -0.375000 2.514405 19.875039 -0.374953 0.063026
6904 2.875000 18.317400 -0.375000 2.875024 18.317455 -0.374937 0.086297
6905 2.780930 18.375000 -0.375000 2.780968 18.375056 -0.374921 0.103756
6907 2.682480 18.625000 -0.375000 2.682490 18.625034 -0.374950 0.061255
6910 2.750000 19.375000 -0.125000 2.749982 19.375011 -0.124922 0.080304
6912 2.875000 19.500000 -0.125000 2.874987 19.500034 -0.124950 0.061714
6914 2.729420 19.625000 -0.625000 2.729430 19.625053 -0.624949 0.074133
6916 0.375000 20.125000 -0.436062 0.374978 20.124983 -0.435992 0.075339
6917 0.125000 20.125000 -0.427323 0.124991 20.124989 -0.427276 0.049429
6918 0.625000 20.125000 -0.450861 0.624977 20.124988 -0.450793 0.072754
6919 0.875000 20.125000 -0.419926 0.874983 20.125007 -0.419873 0.055999
6920 1.125000 20.125000 -0.408490 1.125030 20.125064 -0.408453 0.079918
6921 1.236540 20.125000 -0.375000 1.236513 20.124999 -0.374956 0.051569
6923 2.425270 20.125000 -0.375000 2.425275 20.125043 -0.374964 0.056399
6925 1.375000 20.125000 -0.254223 1.374993 20.125007 -0.254174 0.049876
6926 1.452230 20.125000 -0.125000 1.452242 20.125049 -0.124958 0.065683
6928 2.060750 20.125000 -0.125000 2.060761 20.125037 -0.124961 0.055399
6930 1.375000 19.875000 0.030205 1.375012 19.875048 0.030256 0.070714
6931 1.375000 20.125000 -0.009002 1.374992 20.125024 -0.008962 0.047443
6945 3.125000 16.125000 0.091931 3.125044 16.125036 0.091999 0.088647
6946 3.125000 16.375000 -0.049141 3.125023 16.375019 -0.049084 0.063881
6947 0.625000 16.625000 0.060728 0.625033 16.625009 0.060781 0.063245
6949 3.125000 16.625000 -0.089251 3.125011 16.625052 -0.089202 0.072519
6953 2.625000 16.875000 0.097961 2.625050 16.875050 0.098041 0.106005
6961 2.125000 17.625000 0.029833 2.125037 17.625040 0.029899 0.085880
6989 1.375000 19.625000 0.029752 1.374984 19.625008 0.029804 0.054895
7165 -2.625000 17.690100 0.125000 -2.625001 17.690086 0.125041 0.043768
7168 -2.625000 17.731400 0.875000 -2.624951 17.731343 0.875066 0.100130
7169 -2.625000 17.875000 0.732519 -2.624977 17.874969 0.732573 0.066398
7172 -2.625000 17.739800 1.125000 -2.625016 17.739766 1.125048 0.060498
7197 -2.627270 18.625000 1.625000 -2.627238 18.624932 1.625065 0.099004
7219 -2.376500 16.875000 1.375000 -2.376457 16.874972 1.375054 0.074146
7220 -2.375000 16.875000 1.372850 -2.374981 16.874978 1.372917 0.073328
7229 -2.485200 17.875000 0.125000 -2.485158 17.874927 0.125048 0.096971
7230 -2.470420 17.875000 0.875000 -2.470390 17.874949 0.875064 0.087090
7268 -2.471950 19.625000 0.125000 -2.471919 19.624911 0.125058 0.111093
7281 -2.547910 19.875000 0.125000 -2.547939 19.874952 0.125055 0.078289
7288 -2.299800 16.375000 0.625000 -2.299767 16.374944 0.625046 0.079754
7289 -2.375000 16.375000 0.514698 -2.374966 16.374967 0.514779 0.094008
7293 -2.283780 16.125000 1.375000 -2.283715 16.124936 1.375033 0.096459
7294 -2.125000 16.363500 1.375000 -2.124965 16.363469 1.375053 0.070417
7305 -2.125000 17.125000 1.329240 -2.124971 17.124962 1.329274 0.059052
7317 -2.160990 18.375000 0.375000 -2.160968 18.374977 0.375080 0.086206
7320 -2.208210 18.375000 0.625000 -2.208209 18.374979 0.625055 0.059401
7324 -2.193000 18.375000 1.125000 -2.192965 18.374950 1.125071 0.093523
7332 -2.156260 18.625000 0.375000 -2.156240 18.624941 0.375027 0.068157
7333 -2.221220 18.625000 0.625000 -2.221197 18.624961 0.625047 0.065383
7334 -2.221770 18.625000 0.875000 -2.221755 18.624970 0.875069 0.076611
7335 -2.198550 18.625000 1.125000 -2.198519 18.624947 1.125048 0.078465
7340 -2.175700 18.875000 0.375000 -2.175660 18.874941 0.375063 0.095447
7342 -2.270880 18.875000 0.875000 -2.270886 18.874971 0.875066 0.072470
7350 -2.125000 19.101200 0.375000 -2.124994 19.101166 0.375051 0.061867
7372 -2.125000 19.783100 0.375000 -2.125019 19.783071 0.375032 0.046590
7375 -1.905780 16.125000 0.875000 -1.905730 16.124970 0.875036 0.068864
7376 -1.875000 16.125000 0.781340 -1.874967 16.124965 0.781390 0.069388
7377 -1.875000 16.375000 0.759386 -1.874946 16.374942 0.759425 0.088155
7378 -1.903670 16.375000 0.875000 -1.903632 16.374977 0.875049 0.065936
7382 -1.875000 16.453900 0.875000 -1.874966 16.453881 0.875048 0.061587
7384 -1.875000 16.839700 1.125000 -1.874950 16.839655 1.125041 0.078605
7390 -1.892290 17.375000 0.875000 -1.892290 17.374989 0.875046 0.047351
7391 -1.875000 17.281400 0.875000 -1.874978 17.281368 0.875049 0.062210
7393 -1.875000 17.218100 1.125000 -1.874985 17.218078 1.125065 0.070456
7405 -2.051600 17.875000 0.625000 -2.051573 17.874955 0.625041 0.066646
7406 -2.051890 17.875000 0.875000 -2.051866 17.874968 0.875038 0.055190
7410 -2.086330 18.125000 0.625000 -2.086263 18.124936 0.625044 0.102628
7417 -2.120310 19.125000 0.125000 -2.120316 19.124971 0.125047 0.055294
7420 -2.040990 19.375000 0.125000 -2.041024 19.374977 0.125031 0.051267
7422 -1.961300 19.625000 0.125000 -1.961308 19.624992 0.125037 0.038669
7424 -2.085570 19.875000 0.375000 -2.085574 19.874973 0.375055 0.061182
7425 -1.875000 19.875000 0.302403 -1.875004 19.874963 0.302434 0.048194
7426 -1.875000 19.706100 0.125000 -1.875026 19.706089 0.125067 0.073294
7428 -1.801010 16.125000 0.375000 -1.800956 16.124958 0.375065 0.094865
7432 -1.823480 16.125000 0.625000 -1.823447 16.124986 0.625047 0.058605
7433 -1.841610 16.375000 0.625000 -1.841573 16.374956 0.625033 0.066427
7441 -1.789420 16.625000 0.375000 -1.789378 16.624955 0.375053 0.081313
7442 -1.821110 16.625000 0.625000 -1.821062 16.624947 0.625047 0.085395
7443 -1.816980 16.625000 0.875000 -1.816959 16.624966 0.875046 0.060836
7447 -1.773060 16.875000 0.375000 -1.773033 16.874976 0.375050 0.061566
7448 -1.797380 16.875000 0.625000 -1.797322 16.874953 0.625047 0.088523
7449 -1.778360 16.875000 0.875000 -1.778351 16.874977 0.875059 0.064255
7450 -1.847570 16.875000 1.125000 -1.847532 16.874960 1.125051 0.075062
7453 -1.829640 17.125000 0.625000 -1.829597 17.124944 0.625044 0.082418
7454 -1.834860 17.125000 0.875000 -1.834847 17.124972 0.875074 0.080562
7455 -1.845930 17.125000 1.125000 -1.845881 17.124954 1.125047 0.081744
7492 -1.625000 19.169400 0.375000 -1.625016 19.169382 0.375057 0.062383
7496 -1.625000 19.556800 0.125000 -1.624992 19.556747 0.125055 0.076294
7536 -1.375000 19.520300 0.125000 -1.375008 19.520271 0.125038 0.048030
7579 -1.125000 19.407800 0.125000 -1.124987 19.407765 0.125050 0.062262
7614 -0.947022 19.375000 0.125000 -0.947039 19.374996 0.125072 0.073744
7617 -0.658137 16.375000 0.125000 -0.658095 16.374986 0.125049 0.066345
7618 -0.761468 16.125000 0.125000 -0.761424 16.124976 0.125049 0.070221
7621 -0.625000 16.443600 0.125000 -0.624964 16.443590 0.125048 0.060957
7654 -0.849639 19.125000 0.125000 -0.849643 19.124987 0.125031 0.034121
7667 -0.375000 16.217600 0.125000 -0.374948 16.217561 0.125051 0.083019
7709 -0.280122 16.125000 0.125000 -0.280081 16.124995 0.125052 0.066668
7737 -0.348283 18.125000 0.125000 -0.348294 18.125031 0.125047 0.057822
7770 -1.875000 20.096200 0.375000 -1.875023 20.096172 0.375045 0.057842
7788 -2.625000 12.370400 -1.875000 -2.624896 12.370344 -1.874936 0.134335
7789 -2.625000 12.380900 -1.875000 -2.624894 12.380845 -1.874937 0.135320
7792 -2.783670 12.625000 -1.875000 -2.783575 12.624951 -1.874968 0.111826
7793 -2.625000 12.965800 -1.875000 -2.624922 12.965757 -1.874948 0.102663
7794 -2.725670 12.875000 -1.875000 -2.725587 12.874966 -1.874941 0.107520
7795 -2.625000 12.875000 -1.967330 -2.624883 12.874945 -1.967270 0.142127
7796 -2.375000 12.322300 -1.875000 -2.374906 12.322258 -1.874923 0.128552
7801 -2.390840 12.625000 -1.375000 -2.390735 12.624958 -1.374936 0.129549
7806 -2.375000 13.125000 -2.004220 -2.374925 13.124953 -2.004145 0.115459
7807 -2.509510 13.125000 -1.875000 -2.509398 13.124948 -1.874943 0.136117
7808 -2.375000 12.884300 -1.875000 -2.374906 12.884251 -1.874966 0.111108
7809 -2.625000 13.125000 -1.697680 -2.624934 13.124974 -1.697654 0.075763
7820 -2.180670 12.125000 -1.625000 -2.180598 12.125013 -1.624971 0.078511
7823 -2.125000 12.428000 -1.625000 -2.124906 12.427976 -1.624963 0.103676
7825 -2.359160 12.625000 -1.375000 -2.359043 12.624933 -1.374935 0.149711
7826 -2.375000 12.605200 -1.375000 -2.374898 12.605117 -1.374934 0.146876
7827 -2.375000 12.625000 -1.134690 -2.374897 12.624949 -1.134650 0.121370
7828 -2.125000 12.765200 -1.625000 -2.124936 12.765174 -1.624947 0.087031
7831 -2.125000 12.965600 -1.625000 -2.124927 12.965576 -1.624938 0.098874
7832 -2.125000 13.125000 -1.755250 -2.124902 13.124949 -1.755214 0.116473
7834 -2.125000 13.244700 -1.875000 -2.124919 13.244675 -1.874970 0.089570
7835 -2.240230 13.875000 -1.625000 -2.240146 13.874949 -1.624928 0.121384
7836 -2.375000 13.875000 -1.500000 -2.374933 13.874938 -1.499951 0.103413
7839 -2.125000 14.375000 -1.772680 -2.124940 14.374969 -1.772643 0.076794
7840 -2.125000 14.625000 -1.769500 -2.124948 14.624974 -1.769426 0.094078
7844 -1.875000 12.375000 -1.387360 -1.874888 12.374949 -1.387297 0.138542
7845 -1.875000 12.125000 -1.356560 -1.874876 12.124939 -1.356495 0.152900
7855 -1.970950 13.625000 -0.125000 -1.970850 13.624948 -0.124957 0.120628
7856 -1.875000 13.625000 -0.220945 -1.874927 13.624956 -0.220895 0.098908
7857 -2.125000 13.402200 -0.125000 -2.124911 13.402152 -0.124935 0.120470
7865 -1.912320 13.875000 -0.625000 -1.912242 13.874960 -0.624941 0.105872
7871 -1.875000 14.125000 -0.782090 -1.874935 14.124975 -0.782050 0.080851
7874 -2.125000 14.257600 -1.125000 -2.124904 14.257555 -1.124961 0.112800
7875 -1.875000 14.625000 -1.770080 -1.874964 14.624971 -1.770056 0.052588
7876 -1.875000 14.375000 -1.799420 -1.874915 14.374934 -1.799366 0.120262
7879 -2.125000 14.765800 -1.625000 -2.124941 14.765759 -1.624964 0.080708
7880 -2.015760 14.875000 -1.625000 -2.015697 14.874975 -1.624939 0.091530
7881 -2.125000 14.766900 -1.375000 -2.124939 14.766884 -1.374946 0.082714
7882 -2.016890 14.875000 -1.375000 -2.016816 14.874976 -1.374944 0.095345
7883 -2.002890 14.875000 -1.125000 -2.002781 14.874922 -1.124960 0.140432
7884 -1.945330 15.125000 -1.625000 -1.945263 15.124951 -1.624923 0.113440
7886 -1.875000 15.375000 -1.537620 -1.874945 15.374942 -1.537550 0.106763
7888 -1.875000 15.229000 -1.625000 -1.874937 15.228963 -1.624956 0.085003
7892 -1.625000 12.375000 -1.391330 -1.624908 12.374971 -1.391267 0.114813
7893 -1.625000 12.204600 -1.625000 -1.624903 12.204587 -1.624954 0.108315
7894 -1.808980 12.125000 -1.375000 -1.808876 12.124969 -1.374944 0.121954
7895 -1.664000 12.125000 -1.625000 -1.663901 12.124956 -1.624956 0.116762
7896 -1.662780 12.125000 -1.125000 -1.662652 12.124952 -1.124932 0.152890
7897 -1.625000 12.162800 -1.125000 -1.624885 12.162741 -1.124947 0.140256
7898 -1.625000 12.125000 -1.236270 -1.624898 12.124969 -1.236228 0.114394
7900 -1.625000 12.379000 -1.375000 -1.624894 12.378976 -1.374962 0.114830
7901 -1.625000 12.625000 -1.220480 -1.624905 12.624949 -1.220423 0.121901
7902 -1.742570 12.875000 -1.375000 -1.742487 12.874984 -1.374958 0.094318
7904 -1.625000 13.125000 -1.244660 -1.624915 13.124964 -1.244595 0.113096
7906 -1.705280 13.125000 -0.875000 -1.705186 13.124977 -0.874946 0.110832
7912 -1.625000 13.220100 -1.375000 -1.624910 13.220095 -1.374970 0.095048
7916 -1.875000 13.142300 -0.875000 -1.874912 13.142287 -0.874947 0.103631
7918 -1.875000 13.345100 -0.625000 -1.874906 13.345061 -0.624939 0.118813
7921 -1.875000 13.125000 -0.857714 -1.874891 13.124936 -0.857663 0.136235
7933 -1.625000 14.854500 -1.625000 -1.624960 14.854478 -1.624958 0.061860
7934 -1.625000 15.125000 -1.529820 -1.624943 15.124986 -1.529781 0.070565
7936 -1.875000 15.125000 -1.707360 -1.874962 15.124992 -1.707305 0.067834
7937 -1.625000 15.375000 -1.510330 -1.624951 15.374953 -1.510273 0.088770
7939 -1.803100 15.625000 -0.875000 -1.803052 15.624961 -0.874939 0.086297
7940 -1.875000 15.427700 -0.875000 -1.874948 15.427657 -0.874952 0.083249
7941 -1.875000 15.467800 -0.625000 -1.874922 15.467736 -0.624937 0.119048
7942 -1.719660 15.375000 -0.625000 -1.719603 15.374953 -0.624958 0.084893
7943 -1.875000 15.375000 -0.836396 -1.874944 15.374950 -0.836350 0.087247
7944 -1.875000 15.625000 -0.803104 -1.874915 15.624927 -0.803035 0.131292
7952 -1.429140 12.375000 -1.125000 -1.429037 12.374975 -1.124948 0.118508
7954 -1.375000 12.125000 -0.970290 -1.374899 12.124974 -0.970229 0.120770
7961 -1.438080 12.625000 -0.375000 -1.437982 12.624960 -0.374956 0.115184
7963 -1.625000 12.500000 -0.375000 -1.624905 12.499999 -0.374954 0.105420
7964 -1.625000 12.625000 -0.229013 -1.624903 12.624975 -0.228953 0.116674
7965 -1.375000 12.703100 -0.875000 -1.374910 12.703063 -0.874956 0.107220
7967 -1.459190 12.875000 -1.125000 -1.459084 12.874967 -1.124957 0.118834
7968 -1.375000 12.631200 -0.625000 -1.374911 12.631177 -0.624962 0.098956
7971 -1.375000 13.004800 -1.125000 -1.374890 13.004744 -1.124950 0.133196
7972 -1.375000 13.125000 -0.996883 -1.374925 13.125006 -0.996840 0.086272
7975 -1.375000 13.260700 -1.375000 -1.374905 13.260666 -1.374947 0.113768
7976 -1.375000 13.125000 -1.180350 -1.374920 13.124983 -1.180304 0.093680
7980 -1.375000 13.875000 -1.194840 -1.374919 13.874938 -1.194759 0.130691
7981 -1.375000 14.047000 -1.375000 -1.374918 14.046947 -1.374944 0.111920
7982 -1.490560 13.875000 -1.375000 -1.490457 13.874923 -1.374932 0.145720
7983 -1.375000 13.905800 -0.875000 -1.374938 13.905795 -0.874968 0.070248
7984 -1.529660 14.125000 -0.875000 -1.529600 14.124995 -0.874944 0.082113
7987 -1.443190 14.375000 -1.125000 -1.443100 14.374929 -1.124927 0.136169
7988 -1.375000 14.375000 -1.218790 -1.374924 14.374947 -1.218730 0.110393
7990 -1.625000 14.189000 -0.875000 -1.624926 14.188973 -0.874961 0.088037
7993 -1.375000 14.440500 -1.125000 -1.374926 14.440459 -1.124957 0.095105
8014 -1.179810 12.625000 -0.375000 -1.179705 12.624962 -0.374948 0.122998
8016 -1.189610 12.875000 -0.875000 -1.189523 12.874997 -0.874969 0.092235
8017 -1.178760 12.875000 -0.625000 -1.178666 12.874985 -0.624951 0.106948
8018 -1.147400 12.875000 -0.375000 -1.147309 12.874960 -0.374944 0.113455
8020 -1.125000 13.050600 -0.625000 -1.124903 13.050571 -0.624943 0.116726
8021 -1.125000 12.925300 -0.875000 -1.124909 12.925278 -0.874953 0.105130
8022 -1.125000 13.125000 -0.553746 -1.124911 13.124970 -0.553693 0.108151
8028 -1.165530 13.375000 -0.875000 -1.165446 13.374970 -0.874965 0.095542
8031 -1.125000 13.375000 -0.917831 -1.124925 13.375000 -0.917793 0.084383
8032 -1.125000 13.481600 -1.125000 -1.124919 13.481582 -1.124958 0.092897
8033 -1.207730 13.375000 -1.125000 -1.207634 13.374955 -1.124951 0.116819
8035 -1.125000 13.465200 -0.875000 -1.124905 13.465147 -0.874941 0.123809
8036 -1.125000 13.625000 -0.802191 -1.124933 13.625000 -0.802137 0.086026
8040 -1.125000 13.875000 -0.915712 -1.124908 13.874956 -0.915661 0.114330
8046 -1.125000 13.904300 -0.875000 -1.124919 13.904266 -0.874945 0.103760
8047 -1.280810 14.125000 -0.375000 -1.280719 14.124936 -0.374944 0.124665
8049 -1.314110 14.375000 -0.625000 -1.314025 14.374953 -0.624935 0.116942
8051 -1.125000 14.334800 -0.375000 -1.124933 14.334778 -0.374945 0.089082
8053 -1.125000 14.655400 -0.375000 -1.124943 14.655391 -0.374955 0.072966
8058 -1.125000 15.028200 -0.875000 -1.124933 15.028173 -0.874948 0.088554
8066 -1.125000 15.512300 -0.875000 -1.124944 15.512267 -0.874940 0.088119
8072 -1.010500 12.125000 -0.125000 -1.010396 12.124976 -0.124948 0.118678
8073 -0.953092 12.375000 -0.125000 -0.952982 12.374962 -0.124946 0.128437
8074 -0.875000 12.503900 -0.125000 -0.874905 12.503904 -0.124937 0.113850
8077 -1.119570 13.125000 -0.625000 -1.119472 13.124959 -0.624939 0.122259
8078 -0.875000 13.125000 -0.796527 -0.874918 13.124990 -0.796484 0.092780
8079 -0.875000 12.990500 -0.875000 -0.874921 12.990502 -0.874964 0.086961
8089 -0.962937 14.625000 -0.625000 -0.962874 14.624987 -0.624949 0.081788
8090 -0.875000 14.537100 -0.625000 -0.874946 14.537078 -0.624949 0.077438
8091 -0.875000 14.442500 -0.375000 -0.874920 14.442476 -0.374959 0.093318
8092 -1.087730 14.625000 -0.375000 -1.087652 14.624964 -0.374956 0.096953
8093 -0.875000 14.625000 -0.247256 -0.874926 14.624964 -0.247196 0.101900
8094 -0.875000 14.712900 -0.625000 -0.874941 14.712896 -0.624960 0.071988
8095 -0.962937 14.625000 -0.625000 -0.962871 14.624981 -0.624950 0.084836
8096 -0.875000 14.875000 -0.241154 -0.874902 14.874941 -0.241088 0.132219
8100 -0.875000 15.360600 -0.625000 -0.874933 15.360562 -0.624948 0.093150
8103 -0.875000 15.625000 -0.256635 -0.874919 15.624953 -0.256588 0.104387
8112 -0.848422 12.875000 -0.375000 -0.848322 12.874961 -0.374945 0.120108
8113 -0.727924 13.125000 -0.375000 -0.727834 13.124971 -0.374944 0.109550
8116 -0.841221 13.875000 -0.375000 -0.841124 13.874949 -0.374930 0.130208
8117 -0.771746 14.625000 -0.375000 -0.771679 14.624967 -0.374953 0.088033
8118 -0.739626 14.875000 -0.375000 -0.739567 14.874983 -0.374957 0.075370
8119 -0.717884 15.125000 -0.375000 -0.717814 15.124967 -0.374944 0.095412
8120 -0.739626 14.875000 -0.375000 -0.739554 14.874966 -0.374953 0.092443
8121 -0.723678 15.375000 -0.375000 -0.723632 15.374999 -0.374952 0.066181
8122 -0.757450 15.625000 -0.375000 -0.757390 15.624966 -0.374945 0.088068
8123 -0.625000 15.828800 -0.125000 -0.624926 15.828748 -0.124947 0.104788
8125 -0.721357 15.875000 -0.375000 -0.721293 15.874974 -0.374951 0.084593
8126 -0.625000 15.875000 -0.168003 -0.624935 15.874961 -0.167939 0.098528
8127 -0.589984 15.875000 -0.125000 -0.589939 15.874985 -0.124950 0.068395
8129 0.125000 15.649800 -0.125000 0.125048 15.649805 -0.124960 0.062697
8130 0.125000 15.875000 -0.222638 0.125051 15.874980 -0.222587 0.074452
8131 0.125000 16.093800 -0.375000 0.125043 16.093798 -0.374949 0.066919
8133 -0.125000 16.021600 -0.125000 -0.124954 16.021604 -0.124954 0.064899
8163 0.125000 15.625000 -0.098073 0.125070 15.625013 -0.098037 0.079605
8167 -0.125000 16.125000 0.025719 -0.124951 16.124987 0.025768 0.070092
8168 -1.125000 16.082600 -0.875000 -1.124970 16.082589 -0.874958 0.053042
8176 -0.700169 16.125000 -0.375000 -0.700123 16.124986 -0.374952 0.068388
8177 -0.625000 16.125000 -0.207111 -0.624946 16.124971 -0.207048 0.088257
8178 -0.375000 16.123400 -0.375000 -0.374965 16.123398 -0.374950 0.060862
8179 -0.538931 16.125000 -0.125000 -0.538896 16.125000 -0.124952 0.060058
8180 -0.375000 16.125000 -0.371612 -0.374955 16.124988 -0.371561 0.069307
8181 -0.378159 16.125000 -0.375000 -0.378123 16.125005 -0.374949 0.062552
8182 -0.183582 16.125000 -0.125000 -0.183538 16.124987 -0.124950 0.067961
8183 -0.782264 15.875000 0.125000 -0.782208 15.874975 0.125044 0.076045
8185 -0.375000 15.875000 0.097224 -0.374962 15.875004 0.097283 0.070309
8186 -0.248483 15.875000 0.125000 -0.248459 15.875046 0.125049 0.071468
8187 -0.280122 16.125000 0.125000 -0.280079 16.124989 0.125051 0.067450
8188 -1.404520 12.125000 0.125000 -1.404405 12.124966 0.125043 0.127286
8191 -1.390580 12.375000 0.125000 -1.390470 12.374946 0.125052 0.133340
8199 -1.403340 12.625000 0.125000 -1.403244 12.624958 0.125027 0.107870
8205 -1.391770 12.875000 0.125000 -1.391675 12.874967 0.125046 0.110246
8211 -1.383240 13.125000 0.125000 -1.383149 13.124984 0.125053 0.106689
8223 -2.375000 13.428100 0.125000 -2.374915 13.428071 0.125041 0.098878
8224 -2.152170 13.375000 -0.125000 -2.152081 13.374964 -0.124979 0.098128
8225 -2.125000 13.518300 0.125000 -2.124908 13.518244 0.125040 0.114606
8226 -2.016720 13.625000 0.125000 -2.016639 13.624954 0.125060 0.110220
8232 -2.016720 13.625000 0.125000 -2.016639 13.624954 0.125060 0.110417
8234 -2.005850 13.875000 0.125000 -2.005765 13.874956 0.125059 0.112464
8285 -0.625000 15.625000 0.100317 -0.624952 15.625000 0.100355 0.061620
8289 0.375000 24.125000 0.549114 0.379227 24.143571 0.558071 21.047005
8290 0.313570 24.125000 0.625000 0.313500 24.125001 0.625049 0.085154
8291 0.375000 24.375000 0.475665 0.374928 24.375004 0.475718 0.089813
8292 0.199837 24.375000 0.625000 0.199758 24.374989 0.625046 0.091843
8293 0.211688 24.125000 0.875000 0.211613 24.124970 0.875042 0.091169
8294 0.125000 24.308400 0.875000 0.124924 24.308389 0.875047 0.089681
8295 0.125000 24.375000 0.773242 0.124933 24.375003 0.773296 0.085959
8296 0.125000 24.125000 1.078770 0.124928 24.124987 1.078806 0.081778
8298 0.271444 24.125000 1.375000 0.271377 24.125011 1.375042 0.079402
8300 0.125000 24.375000 1.373980 -0.048603 24.611110 1.658800 408.666477
8301 0.375000 24.240400 1.625000 0.372950 24.358985 1.692652 136.540594
8310 0.125000 24.625000 0.394662 0.124920 24.625000 0.394710 0.092901
8314 0.222303 24.625000 1.625000 0.029177 24.867698 1.909472 420.861091
8315 0.125000 24.625000 1.447960 -0.067979 24.860205 1.732507 416.568806
8317 0.375000 24.625000 1.758650 0.374937 24.625000 1.758718 0.092572
8318 0.375000 24.625000 2.473890 0.181560 24.879469 2.758287 427.849290
8319 0.125000 24.625000 2.523420 -0.067594 24.859947 2.807815 416.140349
8321 0.327394 24.875000 0.625000 0.329101 24.890730 0.631666 17.169037
8322 0.125000 24.875000 0.429996 -0.055188 25.079616 0.712944 392.930988
8323 0.375000 24.875000 0.642488 0.374913 24.874999 0.642535 0.099009
8324 0.347350 24.875000 1.625000 0.199472 25.082526 1.920784 390.413433
8325 0.125000 24.875000 1.438520 0.115249 25.041984 1.531986 191.610283
8326 0.375000 24.875000 1.644040 0.228720 25.083786 1.940619 391.086058
8331 0.125000 24.968400 0.625000 0.124412 24.988794 0.632882 21.872397
8332 0.125000 25.069800 0.875000 -0.074756 25.281212 1.163285 409.519143
8333 0.375000 25.125000 0.853865 0.173626 25.353097 1.143798 420.286336
8334 0.332520 25.125000 0.875000 0.335047 25.156864 0.891168 35.820719
8335 0.375000 25.099900 1.125000 0.379289 25.192383 1.173152 104.355572
8336 0.375000 25.125000 0.945363 0.374926 25.125024 0.945414 0.092810
8337 0.125000 25.022200 1.125000 -0.067351 25.230493 1.416062 406.327700
8338 0.375000 25.110200 1.375000 0.344531 25.281133 1.505597 217.259981
8339 0.125000 25.006600 1.375000 0.099732 25.178189 1.485870 205.847694
8340 0.347350 24.875000 1.625000 0.199472 25.082526 1.920784 390.413433
8341 0.375000 24.912800 1.625000 0.214982 25.122983 1.925221 399.893753
8346 0.375000 25.135300 0.875000 0.378020 25.164874 0.889886 33.246727
8364 0.125000 27.125000 2.302890 0.124875 27.124987 2.302967 0.146871
8373 0.443496 24.125000 0.625000 0.445081 24.187513 0.643069 65.091327
8374 0.485689 24.375000 0.625000 0.310639 24.639475 0.910110 426.469991
8375 0.527112 24.125000 0.875000 0.371504 24.393474 1.160090 421.388672
8377 0.468040 24.125000 1.125000 0.312582 24.388866 1.410052 418.385911
8378 0.606588 24.375000 1.125000 0.431172 24.648904 1.410125 432.539653
8379 0.625000 24.375000 1.148730 0.637478 24.464427 1.195775 101.814144
8380 0.625000 24.125000 1.331740 0.469066 24.401095 1.616797 426.381657
8381 0.589674 24.125000 1.625000 0.589610 24.125003 1.625046 0.078236
8383 0.625000 24.227300 1.875000 0.541623 24.432806 2.113894 325.967943
8384 0.625000 24.125000 1.669840 0.625187 24.292348 1.767616 193.818263
8385 0.625000 24.375000 1.957430 0.507689 24.600210 2.256963 392.684831
8388 0.485689 24.375000 0.625000 0.310639 24.639475 0.910110 426.469991
8389 0.450146 24.625000 0.625000 0.255919 24.885722 0.909846 432.246735
8390 0.567389 24.625000 0.875000 0.372704 24.894927 1.159830 438.053804
8391 0.625000 24.625000 0.985395 0.430205 24.899443 1.270358 440.985515
8392 0.625000 24.432400 1.125000 0.637019 24.523210 1.171065 102.532186
8393 0.584415 24.625000 1.875000 0.584316 24.624994 1.875031 0.103889
8394 0.625000 24.625000 1.898510 0.486585 24.855817 2.201901 405.562584
8395 0.625000 24.625000 2.380940 0.430496 24.899140 2.665398 440.341846
8396 0.450146 24.625000 0.625000 0.256243 24.885519 0.909611 431.823967
8397 0.496053 24.875000 0.875000 0.282372 25.138423 1.159724 442.853625
8398 0.566474 24.875000 1.125000 0.566395 24.875006 1.125042 0.089517
8399 0.625000 24.801000 1.125000 0.624919 24.801017 1.125047 0.095156
8401 0.625000 24.739000 1.875000 0.624924 24.739004 1.875062 0.097855
8402 0.625000 24.875000 1.802760 0.624939 24.875004 1.802820 0.085552
8404 0.625000 24.875000 2.402790 0.411218 25.148243 2.687178 448.598903
8405 0.496053 24.875000 0.875000 0.495963 24.875003 0.875055 0.105897
8406 0.384107 25.125000 0.875000 0.384032 25.125009 0.875052 0.091768
8407 0.625000 25.114800 1.375000 0.624911 25.114828 1.375062 0.112369
8408 0.563835 25.125000 1.625000 0.389589 25.352464 1.932246 420.120508
8409 0.625000 25.125000 1.391940 0.434293 25.366361 1.691855 429.620233
8410 0.625000 25.073200 1.875000 0.624911 25.073200 1.875037 0.096628
8411 0.610271 25.125000 1.875000 0.376350 25.396776 2.159563 457.774593
8412 0.625000 25.125000 1.901710 0.455644 25.357383 2.213429 424.089179
8415 0.625000 25.190400 1.625000 0.488305 25.399832 1.935719 398.865449
8416 0.625000 25.147400 1.875000 0.449266 25.382120 2.184011 425.985832
8434 0.682691 24.125000 1.375000 0.526498 24.405663 1.660145 429.506135
8435 0.775039 24.375000 1.375000 0.599037 24.662111 1.660116 441.249354
8436 0.647330 24.125000 1.625000 0.491204 24.402939 1.910138 427.702511
8437 0.794980 24.375000 1.625000 0.618926 24.663660 1.910140 442.294638
8438 0.816666 24.375000 1.875000 0.640524 24.665400 2.160141 443.467923
8442 0.781724 24.625000 1.375000 0.586170 24.911878 1.660156 449.281879
8443 0.824874 24.625000 1.625000 0.629149 24.915253 1.910159 451.520876
8444 0.723462 24.625000 1.875000 0.594747 24.852669 2.182967 404.035518
8447 0.790532 24.875000 1.625000 0.616130 25.131364 1.925690 431.917649
8449 0.719334 24.875000 2.375000 0.505070 25.155716 2.659383 453.414099
8450 0.875000 24.875000 2.193850 0.659963 25.168029 2.478400 461.600824
8451 0.722044 25.125000 1.625000 0.606288 25.340005 1.931892 392.185252
8452 0.662245 25.125000 1.875000 0.490159 25.361502 2.184451 425.801134
8453 0.875000 24.989300 2.375000 0.651364 25.281792 2.659448 465.269405
8454 0.875000 25.125000 2.430680 0.641088 25.416911 2.715176 469.962353
8476 1.026560 24.125000 0.375000 1.026498 24.125036 0.375051 0.087772
8477 0.998363 24.375000 0.125000 1.005340 24.390554 0.127833 17.281386
8478 1.042570 24.125000 0.125000 1.042506 24.125011 0.125055 0.084454
8479 0.987292 24.375000 0.375000 0.996230 24.395167 0.380858 22.823533
8480 1.032000 24.125000 0.625000 1.031916 24.124992 0.625044 0.094910
8481 0.988838 24.375000 0.625000 0.999187 24.398493 0.634841 27.492861
8482 1.039320 24.125000 0.875000 1.039243 24.125010 0.875055 0.095091
8483 0.985778 24.375000 0.875000 0.999624 24.415123 0.893853 46.443416
8484 1.056720 24.125000 1.125000 1.056647 24.124995 1.125039 0.083278
8485 1.019610 24.375000 1.125000 1.036348 24.429091 1.154314 63.760331
8486 1.068030 24.125000 1.375000 1.067961 24.125019 1.375045 0.084156
8487 0.997253 24.375000 1.375000 1.014367 24.475278 1.429999 115.644279
8488 1.072330 24.125000 1.625000 1.072275 24.125027 1.625059 0.085270
8489 1.007780 24.375000 1.625000 1.024383 24.499956 1.700830 147.105090
8490 1.034060 24.125000 1.875000 1.036736 24.287323 1.995787 202.349595
8491 0.933033 24.375000 1.875000 0.756547 24.674481 2.160122 449.589025
8492 1.022090 24.125000 2.125000 0.864833 24.432192 2.410163 447.677044
8498 0.987292 24.375000 0.375000 0.996215 24.395095 0.380840 22.750005
8499 0.960612 24.625000 0.125000 0.969357 24.645228 0.128609 22.330586
8500 0.942547 24.625000 0.375000 0.953959 24.651695 0.382707 30.037850
8501 0.950233 24.625000 0.625000 0.967647 24.665250 0.641541 46.871396
8502 0.985778 24.375000 0.875000 1.005375 24.427553 0.899970 61.395468
8503 0.955706 24.625000 0.875000 0.985842 24.709475 0.915791 98.529801
8504 0.961876 24.625000 1.125000 0.981580 24.698400 1.163750 85.307189
8505 0.958586 24.625000 1.375000 0.872544 24.836928 1.681467 382.411442
8506 0.935286 24.625000 1.625000 0.826256 24.849812 1.938335 400.757380
8507 0.919974 24.625000 1.875000 0.724067 24.922632 2.160107 456.343922
8508 0.971679 24.625000 2.125000 0.852127 24.869874 2.441172 417.396918
8510 0.930022 24.875000 0.125000 0.946527 24.913616 0.130553 42.360800
8511 0.914957 24.875000 0.375000 0.941359 24.941872 0.392505 73.995209
8512 0.918595 24.875000 0.625000 0.884693 25.055873 0.871726 307.795661
8513 0.942029 24.875000 0.875000 0.889399 25.067924 1.162837 350.484795
8514 0.961876 24.625000 1.125000 0.973643 24.784534 1.264702 212.382317
8515 0.944294 24.875000 1.125000 0.728876 25.173612 1.409930 465.574146
8516 0.952817 24.875000 1.375000 0.737283 25.174328 1.659895 466.065771
8517 0.919689 24.875000 1.625000 0.704168 25.171746 1.909800 464.347821
8518 0.902204 24.875000 1.875000 0.686840 25.170318 2.159671 463.283925
8519 0.890994 24.875000 2.125000 0.675793 25.169358 2.409586 462.544237
8520 0.919172 25.125000 0.125000 0.861737 25.308333 0.383369 321.969026
8521 0.903159 25.125000 0.375000 0.832603 25.317218 0.648594 341.730257
8522 0.908120 25.125000 0.625000 0.812219 25.334210 0.914986 370.212829
8523 0.942029 24.875000 0.875000 0.889399 25.067924 1.162837 350.484795
8524 0.926264 25.125000 0.875000 0.691525 25.421353 1.159922 473.400877
8525 0.947033 25.125000 1.125000 0.712122 25.423011 1.409892 474.507147
8526 0.964025 25.125000 1.375000 0.728981 25.424381 1.659866 475.419314
8527 0.935386 25.125000 1.625000 0.700291 25.422222 1.909813 474.055504
8528 0.938022 25.125000 1.875000 0.702992 25.422364 2.159692 474.040483
8529 0.932923 25.125000 2.125000 0.698158 25.421821 2.409546 473.480488
8530 0.921331 25.125000 2.375000 0.686990 25.420697 2.659468 472.519077
8531 0.903159 25.125000 0.375000 0.668628 25.419506 0.659932 472.148554
8532 0.927928 25.375000 0.125000 0.673769 25.670695 0.410022 482.980410
8533 0.945855 25.375000 0.375000 0.691558 25.672132 0.660047 483.948254
8534 0.959817 25.375000 0.625000 0.705346 25.673284 0.910048 484.749042
8535 0.970304 25.375000 0.875000 0.715651 25.674174 1.160022 485.376884
8536 0.992451 25.375000 1.125000 0.737562 25.675965 1.409976 486.579863
8537 1.029720 25.375000 1.375000 0.774596 25.678957 1.659963 488.551027
8538 1.026640 25.375000 1.625000 0.771684 25.678607 1.909790 488.144871
8539 1.027260 25.375000 1.875000 0.772406 25.678596 2.159686 488.023905
8540 1.021160 25.375000 2.125000 0.766559 25.677952 2.409553 487.413825
8543 1.067440 25.625000 0.125000 0.793375 25.930847 0.410035 499.899014
8544 1.042350 25.625000 0.375000 0.768254 25.928935 0.660070 498.768227
8545 1.042080 25.625000 0.625000 0.767850 25.928960 0.910058 498.850394
8546 1.041620 25.625000 0.875000 0.932923 25.851464 1.184205 398.383100
8547 1.059840 25.625000 1.125000 0.928972 25.863259 1.443151 418.466116
8548 1.080860 25.625000 1.375000 0.923278 25.876383 1.697494 438.209843
8549 1.093770 25.625000 1.625000 0.819047 25.933063 1.909728 501.443148
8550 1.071800 25.625000 1.875000 0.797177 25.931304 2.159611 500.243386
8551 1.042830 25.625000 2.125000 0.768756 25.928815 2.409462 498.336078
8554 1.097800 25.875000 0.125000 1.004918 26.098123 0.390115 358.743353
8555 1.017410 25.875000 0.375000 0.907185 26.097764 0.658244 376.829580
8556 1.042080 25.625000 0.625000 0.942625 25.846752 0.919810 382.070433
8557 0.977871 25.875000 0.625000 0.881374 26.090613 0.925154 381.959657
8558 0.960863 25.875000 0.875000 0.825534 26.104160 1.188528 411.251588
8559 0.935691 25.875000 1.125000 0.772121 26.112770 1.446713 432.190826
8560 0.973688 25.875000 1.375000 0.813163 26.118775 1.704502 440.188533
8561 0.996533 25.875000 1.625000 0.830216 26.125441 1.960242 450.298986
8562 1.003620 25.875000 1.875000 0.709876 26.175158 2.159619 507.334456
8565 1.001750 26.125000 0.125000 0.917411 26.346626 0.388434 354.441643
8566 0.994162 26.125000 0.375000 0.896397 26.351664 0.660314 377.278258
8567 0.969845 26.125000 0.625000 0.831004 26.362810 0.928644 409.914625
8568 1.001090 26.125000 0.875000 0.861075 26.366743 1.194404 424.338151
8569 0.934792 26.125000 1.125000 0.620971 26.419389 1.409965 516.094746
8570 0.950777 26.125000 1.375000 0.636842 26.420582 1.659741 516.721566
8571 1.001740 26.125000 1.625000 0.687892 26.424431 1.909593 518.798982
8572 1.014250 26.125000 1.875000 0.700697 26.425244 2.159476 519.026775
8575 1.037450 26.375000 0.125000 0.704913 26.676399 0.410167 531.735136
8576 1.042680 26.375000 0.375000 0.709969 26.676825 0.660205 532.106530
8577 1.042940 26.375000 0.625000 0.709957 26.676896 0.910212 532.319830
8578 1.035480 26.375000 0.875000 0.702203 26.676373 1.160139 532.168159
8579 1.029800 26.375000 1.125000 0.696150 26.675998 1.409993 532.111728
8580 1.023690 26.375000 1.375000 0.689979 26.675480 1.659763 531.734581
8581 1.034800 26.375000 1.625000 0.701263 26.676235 1.909628 531.980145
8582 1.033200 26.375000 1.875000 0.700406 26.675849 2.159525 531.240152
8586 1.125000 26.540000 0.375000 1.142540 26.574187 0.382436 39.136605
8587 1.125000 26.624300 0.125000 1.144635 26.664036 0.128250 44.441637
8588 1.125000 26.572800 0.625000 1.144593 26.615643 0.640599 49.626098
8589 1.125000 26.625000 0.834857 0.771678 26.932668 1.120131 548.522423
8590 1.118990 26.625000 0.875000 0.765572 26.932211 1.160219 548.300317
8591 1.125000 26.625000 0.893758 1.146690 26.673904 0.914879 57.516366
8592 1.125000 26.542300 1.125000 1.124905 26.542323 1.125055 0.112511
8593 1.125000 26.625000 1.278050 0.771206 26.932598 1.562865 548.549473
8594 1.084650 26.625000 1.375000 0.730648 26.929511 1.659613 546.853764
8595 1.066880 26.625000 1.625000 0.713343 26.927930 1.909430 545.577937
8599 1.125000 26.631000 0.875000 1.124894 26.631023 0.875053 0.120776
8600 1.125000 26.670100 1.375000 1.028081 26.947573 1.729517 460.506958
8601 1.125000 26.864300 1.625000 1.124888 26.864338 1.625066 0.135350
8602 1.125000 26.875000 1.635570 0.751924 27.181656 1.920146 560.541899
8604 1.006680 26.875000 2.125000 1.006566 26.874986 2.125018 0.115942
8617 1.231770 25.625000 0.375000 1.156263 25.845921 0.653867 363.695149
8618 1.375000 25.440300 0.375000 1.374886 25.440285 0.375045 0.123074
8619 1.375000 25.540700 0.125000 1.374896 25.540691 0.125052 0.116737
8620 1.232760 25.625000 0.125000 1.257566 25.684949 0.130649 65.124087
8621 1.200440 25.625000 0.625000 1.054925 25.878165 0.920890 415.714061
8622 1.375000 25.418900 0.625000 1.374901 25.418897 0.625062 0.116815
8623 1.209920 25.625000 0.875000 1.060867 25.880963 1.181657 426.348011
8624 1.375000 25.442800 0.875000 1.374892 25.442791 0.875048 0.118919
8625 1.191430 25.625000 1.125000 1.052672 25.878746 1.442730 429.643470
8626 1.375000 25.411800 1.125000 1.427441 25.526340 1.178540 136.879789
8627 1.179330 25.625000 1.375000 1.206471 25.840504 1.532139 268.088298
8628 1.375000 25.380400 1.375000 1.440474 25.557937 1.467242 210.510540
8629 1.164980 25.625000 1.625000 1.018826 25.881752 1.955837 443.548877
8630 1.375000 25.402300 1.625000 1.374896 25.402288 1.625017 0.106529
8631 1.192570 25.625000 1.875000 1.048485 25.885148 2.212771 450.029322
8632 1.375000 25.417200 1.875000 1.374920 25.417228 1.875061 0.104490
8638 1.157910 25.875000 0.125000 1.068867 26.103069 0.390618 361.243473
8639 1.272660 25.875000 0.375000 1.162131 26.123779 0.659449 393.724512
8640 1.290270 25.875000 0.625000 0.995760 26.197622 0.910194 521.686072
8641 1.315880 25.875000 0.875000 1.021110 26.199662 1.160168 523.082675
8642 1.375000 25.875000 1.106540 1.079889 26.204330 1.391659 526.157345
8643 1.375000 25.868400 1.125000 1.080378 26.197737 1.410125 525.891112
8644 1.375000 25.875000 1.186640 1.079831 26.204349 1.471740 526.191820
8645 1.360620 25.875000 1.375000 1.065278 26.203279 1.660026 525.579519
8647 1.273070 25.875000 1.625000 0.977849 26.196452 1.909780 521.139821
8648 1.228210 25.875000 1.875000 0.933571 26.192720 2.159635 518.435162
8649 1.226050 25.875000 2.125000 0.931872 26.192324 2.409516 517.864934
8652 1.196640 26.125000 0.125000 1.079827 26.376462 0.393457 385.936911
8653 1.223100 26.125000 0.375000 1.132529 26.371019 0.658416 386.074010
8654 1.295990 26.125000 0.625000 1.202777 26.379590 0.926787 405.684989
8655 1.375000 26.125000 0.736732 1.265101 26.391862 1.044536 421.943490
8656 1.375000 25.941200 0.875000 1.074942 26.270258 1.160165 528.803518
8657 1.375000 25.919000 1.375000 1.076155 26.248271 1.659995 528.157436
8658 1.375000 26.125000 1.404770 1.227876 26.402671 1.747501 464.985729
8659 1.208380 26.125000 1.625000 1.085648 26.387134 1.978844 457.146521
8660 1.202140 26.125000 1.875000 0.888048 26.439968 2.159712 528.128397
8662 1.213880 26.375000 0.125000 1.099704 26.634844 0.391815 389.544657
8663 1.223100 26.125000 0.375000 1.132121 26.371339 0.658900 386.728949
8664 1.207320 26.375000 0.375000 1.089683 26.635558 0.661931 405.040847
8665 1.207060 26.375000 0.625000 1.085104 26.636971 0.931054 420.916626
8666 1.242780 26.375000 0.875000 1.212358 26.629741 1.169189 390.340575
8667 1.375000 26.211100 0.875000 1.414288 26.304048 0.910278 106.899399
8669 1.375000 26.288800 1.125000 1.414097 26.395202 1.178544 125.367717
8670 1.254900 26.375000 1.375000 1.090433 26.654586 1.718730 472.618483
8671 1.375000 26.174000 1.375000 1.303456 26.406586 1.676823 387.700552
8672 1.204670 26.375000 1.625000 1.051674 26.651971 1.979500 475.174342
8673 1.193480 26.375000 1.875000 0.859979 26.688429 2.159613 538.948070
8675 1.131010 26.625000 0.875000 0.975942 26.900837 1.200564 454.008711
8676 1.165350 26.625000 1.375000 0.979721 26.910445 1.720254 484.909415
8677 1.183120 26.625000 1.625000 1.002344 26.914264 1.979031 491.621206
8682 1.375000 26.893100 2.125000 1.374907 26.893109 2.125038 0.100827
8690 1.603020 24.125000 0.375000 1.602944 24.125014 0.375044 0.089156
8691 1.583140 24.125000 0.125000 1.583068 24.125031 0.125052 0.094207
8698 1.444540 25.375000 0.375000 1.444452 25.375021 0.375057 0.106856
8699 1.625000 25.249400 0.375000 1.643746 25.286633 0.383097 42.464612
8700 1.625000 25.375000 0.142304 1.624905 25.375029 0.142363 0.115188
8701 1.430120 25.375000 0.625000 1.430030 25.375019 0.625048 0.103740
8702 1.625000 25.243700 0.625000 1.624903 25.243710 0.625053 0.110809
8703 1.451930 25.375000 0.875000 1.451859 25.375047 0.875063 0.106236
8704 1.625000 25.253800 0.875000 1.624889 25.253791 0.875033 0.115615
8705 1.423190 25.375000 1.125000 1.423104 25.375021 1.125057 0.105391
8706 1.625000 25.244400 1.125000 1.624915 25.244430 1.125047 0.102018
8707 1.380970 25.375000 1.375000 1.380876 25.375029 1.375070 0.120645
8708 1.625000 25.234500 1.375000 1.624916 25.234507 1.375037 0.091494
8709 1.407690 25.375000 1.625000 1.407613 25.375049 1.625082 0.122888
8710 1.625000 25.230800 1.625000 1.624912 25.230825 1.625047 0.103367
8711 1.431620 25.375000 1.875000 1.431510 25.374988 1.875025 0.113128
8712 1.625000 25.260900 1.875000 1.624924 25.260946 1.875022 0.091559
8718 1.625000 25.384000 0.125000 1.624880 25.383977 0.125051 0.132214
8719 1.377570 25.875000 1.125000 1.082423 26.204541 1.410114 526.306591
8720 1.436860 26.125000 0.875000 1.122213 26.458387 1.160198 539.895969
8721 1.455720 26.125000 1.125000 1.341675 26.401394 1.457956 447.503978
8722 1.404770 26.125000 1.375000 1.089736 26.455982 1.660046 538.559985
8723 1.404770 26.125000 1.375000 1.305926 26.389126 1.724674 449.226725
8728 1.875000 24.504700 0.125000 1.874930 24.504723 0.125032 0.079983
8729 1.875000 24.375000 0.250000 1.874927 24.375044 0.250031 0.090737
8734 1.875000 25.371100 0.125000 1.908997 25.437142 0.135286 74.987410
8735 1.790300 25.375000 0.125000 1.822991 25.438275 0.134917 71.907926
8736 1.875000 25.299500 0.375000 1.906149 25.360682 0.389999 70.274438
8737 1.875000 25.276200 0.625000 1.906533 25.338499 0.645517 72.776676
8738 1.875000 25.279800 0.875000 1.906764 25.344085 0.901726 76.523301
8739 1.875000 25.263300 1.125000 1.907335 25.329133 1.157928 80.397983
8740 1.875000 25.253200 1.375000 1.907848 25.321036 1.414869 85.266089
8741 1.875000 25.234100 1.625000 1.910377 25.318277 1.681069 107.150043
8742 1.875000 25.259800 1.875000 1.790695 25.539477 2.226563 457.081021
8743 1.875000 25.279300 2.125000 1.624904 25.649631 2.410238 530.145189
8746 2.125000 25.316600 0.375000 2.164896 25.390312 0.394083 85.960830
8747 2.125000 25.359200 0.125000 2.164256 25.432083 0.137927 83.786059
8748 2.125000 25.273900 0.625000 2.161185 25.341609 0.647548 80.013865
8749 2.125000 25.301300 0.875000 2.161013 25.371280 0.904095 83.908311
8750 2.125000 25.267700 1.125000 2.161914 25.339328 1.160638 88.109351
8751 2.125000 25.259000 1.375000 2.162490 25.332965 1.417880 93.354020
8752 2.125000 25.238800 1.625000 2.163349 25.315075 1.675522 99.202121
8753 2.125000 25.263600 1.875000 2.062178 25.551100 2.235524 465.382144
8754 1.875000 25.259800 1.875000 1.790695 25.539477 2.226563 457.081021
8755 2.125000 25.284100 2.125000 1.873490 25.674184 2.410371 544.847903
8760 2.199850 24.375000 0.625000 2.199781 24.375056 0.625062 0.108000
8761 2.375000 24.286300 0.625000 2.374940 24.286346 0.625055 0.093648
8762 2.125000 24.375000 0.707867 2.124948 24.375038 0.707925 0.086826
8763 2.125000 24.279300 0.875000 2.124921 24.279309 0.875044 0.090683
8764 2.375000 24.232200 0.875000 2.374913 24.232228 0.875059 0.109212
8765 2.125000 24.429600 0.625000 2.124901 24.429611 0.625055 0.113817
8766 2.375000 25.338900 0.375000 2.374896 25.338924 0.375037 0.112968
8767 2.375000 25.375000 0.227071 2.374930 25.375052 0.227088 0.088841
8768 2.223000 25.375000 0.125000 2.260330 25.437927 0.134498 73.780252
8769 2.375000 25.304100 0.625000 2.374922 25.304162 0.625056 0.114689
8770 2.375000 25.308000 0.875000 2.374930 25.308044 0.875036 0.090028
8771 2.375000 25.295800 1.125000 2.415092 25.377607 1.165104 99.539317
8772 2.375000 25.282900 1.375000 2.415311 25.366759 1.422395 104.420558
8773 2.375000 25.247400 1.625000 2.416307 25.333452 1.680128 110.229072
8774 2.375000 25.268500 1.875000 2.354371 25.507407 2.182440 389.899179
8778 2.375000 25.410200 0.125000 2.374921 25.410263 0.125058 0.116834
8780 2.375000 24.259800 0.375000 2.374944 24.259851 0.375050 0.090607
8781 2.507340 24.125000 0.375000 2.507245 24.125032 0.375047 0.110850
8782 2.625000 24.125000 0.492662 2.624917 24.125024 0.492710 0.099229
8783 2.625000 24.336700 0.625000 2.624938 24.336737 0.625067 0.098258
8784 2.625000 24.176700 0.875000 2.624944 24.176726 0.875045 0.076260
8790 2.625000 25.298800 1.375000 2.624944 25.298863 1.375077 0.114087
8792 2.625000 25.254400 1.875000 2.624925 25.254459 1.875091 0.131805
8798 2.875000 24.125000 0.532395 2.874968 24.125065 0.532453 0.092223
8799 2.875000 24.325100 0.625000 2.874922 24.325127 0.625051 0.096657
8800 2.875000 24.144100 0.875000 2.874916 24.144113 0.875042 0.095174
8801 2.875000 24.166300 1.125000 2.874917 24.166328 1.125047 0.099848
8802 2.823070 24.125000 1.125000 2.822983 24.125040 1.125042 0.104091
8803 2.625000 24.125000 0.943784 2.624920 24.125040 0.943856 0.114899
8804 2.875000 24.125000 1.302220 2.874919 24.125022 1.302288 0.107702
8805 2.781010 24.125000 1.375000 2.780950 24.125044 1.375057 0.093741
8806 2.625000 24.138000 1.375000 2.624939 24.138041 1.375076 0.105348
8807 2.625000 24.125000 1.337090 2.624911 24.125032 1.337134 0.103782
8808 2.625000 24.125000 1.389250 2.624905 24.125020 1.389279 0.101664
8826 2.908990 24.125000 0.875000 2.908905 24.125028 0.875033 0.095261
8827 2.952340 24.125000 1.125000 2.952242 24.125017 1.125053 0.113008
8828 3.125000 24.511700 0.625000 3.124894 24.511744 0.625061 0.130006
8849 3.375000 24.144200 0.875000 3.374904 24.144247 0.875020 0.108567
8872 3.375000 24.375000 0.535253 3.374923 24.375032 0.535292 0.092154
8876 3.496910 24.375000 0.875000 3.496846 24.375043 0.875028 0.082225
8976 -2.704930 12.125000 1.625000 -2.704787 12.124926 1.625061 0.172143
8979 -2.711740 12.375000 1.625000 -2.711628 12.374929 1.625035 0.137042
8980 -2.704320 12.125000 1.875000 -2.704203 12.124934 1.875013 0.135074
8981 -2.696720 12.375000 1.875000 -2.696605 12.374951 1.875054 0.135930
8982 -2.680780 12.125000 2.125000 -2.680676 12.124963 2.125032 0.115258
8983 -2.691370 12.375000 2.125000 -2.691235 12.374918 2.125040 0.163084
8989 -2.719580 12.625000 1.625000 -2.719487 12.624947 1.625054 0.120159
8990 -2.650200 12.625000 1.875000 -2.650101 12.624954 1.875041 0.116472
8991 -2.690890 12.625000 2.125000 -2.690801 12.624947 2.125049 0.114069
8992 -2.625000 12.625000 2.266860 -2.624894 12.624974 2.266915 0.122216
8998 -2.625000 12.743100 2.125000 -2.624881 12.743030 2.125081 0.160341
9003 -2.625000 13.014500 1.375000 -2.624921 13.014455 1.375054 0.105373
9073 -2.158780 13.375000 0.375000 -2.158707 13.374965 0.375046 0.093558
9074 -2.246960 13.375000 0.875000 -2.246889 13.374955 0.875063 0.104807
9080 -2.125000 13.570900 0.375000 -2.124895 13.570850 0.375067 0.134511
9081 -2.217430 13.625000 0.625000 -2.217314 13.624928 0.625052 0.145905
9082 -2.125000 13.625000 0.392108 -2.124916 13.624974 0.392177 0.111828
9083 -2.211820 13.625000 1.125000 -2.211722 13.624968 1.125039 0.110640
9094 -2.125000 13.778400 0.625000 -2.124934 13.778387 0.625048 0.082772
9095 -2.142460 13.875000 0.875000 -2.142385 13.874967 0.875039 0.090791
9096 -2.125000 13.875000 0.832768 -2.124916 13.874949 0.832813 0.107880
9097 -2.125000 13.863400 1.625000 -2.124952 13.863370 1.625066 0.086630
9104 -2.125000 13.897900 0.875000 -2.124914 13.897871 0.875047 0.102122
9114 -2.181650 14.375000 1.125000 -2.181564 14.374954 1.125039 0.105298
9159 -2.110750 13.625000 0.375000 -2.110667 13.624959 0.375081 0.122946
9163 -2.017430 13.875000 0.625000 -2.017357 13.874939 0.625033 0.100351
9172 -1.875000 14.569300 1.375000 -1.874922 14.569273 1.375042 0.092609
9175 -1.875000 14.461600 1.625000 -1.874925 14.461551 1.625064 0.109841
9179 -1.913330 14.875000 0.375000 -1.913266 14.874948 0.375076 0.112660
9180 -1.875000 14.830500 0.625000 -1.874925 14.830452 0.625051 0.102345
9188 -1.875000 14.983500 0.625000 -1.874929 14.983471 0.625039 0.085879
9196 -1.878510 15.625000 0.375000 -1.878475 15.624968 0.375066 0.081170
9199 -1.946040 15.625000 0.625000 -1.946014 15.624992 0.625045 0.052245
9205 -2.125000 15.625000 1.372040 -2.124915 15.624937 1.372097 0.119884
9206 -1.875000 15.646700 0.375000 -1.874956 15.646666 0.375052 0.076330
9207 -1.875000 15.789300 0.625000 -1.874940 15.789249 0.625043 0.089547
9208 -1.875000 15.875000 0.755984 -1.874962 15.874965 0.756040 0.076083
9209 -1.899160 15.875000 0.875000 -1.899113 15.874974 0.875042 0.067876
9249 -1.625000 14.720900 0.625000 -1.624922 14.720868 0.625043 0.094934
9250 -1.625000 14.875000 0.409787 -1.624940 14.874963 0.409859 0.101085
9257 -1.777430 15.125000 0.625000 -1.777392 15.124970 0.625049 0.069394
9259 -1.792970 15.125000 1.125000 -1.792909 15.124972 1.125068 0.095830
9272 -1.826330 15.875000 0.375000 -1.826274 15.874967 0.375056 0.085745
9273 -1.847660 15.875000 0.625000 -1.847642 15.875007 0.625061 0.063563
9277 -1.473160 12.125000 0.375000 -1.473058 12.124967 0.375055 0.121039
9278 -1.448910 12.375000 0.375000 -1.448813 12.374986 0.375061 0.115150
9279 -1.477720 12.125000 0.625000 -1.477615 12.124947 0.625034 0.121990
9280 -1.436810 12.375000 0.625000 -1.436702 12.374959 0.625058 0.129424
9281 -1.473990 12.125000 0.875000 -1.473864 12.124927 0.875032 0.149341
9285 -1.456130 12.625000 0.375000 -1.456051 12.624989 0.375045 0.091349
9286 -1.440990 12.625000 0.625000 -1.440902 12.624964 0.625044 0.104969
9290 -1.473950 12.875000 0.375000 -1.473856 12.874972 0.375045 0.108132
9291 -1.454440 12.875000 0.625000 -1.454352 12.874981 0.625050 0.102948
9294 -1.468960 13.125000 0.375000 -1.468896 13.124979 0.375039 0.077745
9295 -1.458390 13.125000 0.625000 -1.458281 13.124955 0.625072 0.138511
9299 -1.375000 13.375000 0.191546 -1.374936 13.374978 0.191593 0.082110
9300 -1.443470 13.375000 0.375000 -1.443414 13.375000 0.375048 0.073561
9301 -1.468960 13.125000 0.375000 -1.468876 13.124952 0.375039 0.104766
9302 -1.458390 13.125000 0.625000 -1.458291 13.124969 0.625075 0.127667
9303 -1.462520 13.375000 0.625000 -1.462435 13.374973 0.625044 0.099072
9305 -1.470690 13.375000 0.875000 -1.470589 13.374965 0.875055 0.120029
9306 -1.542810 13.375000 1.125000 -1.542732 13.374961 1.125065 0.108890
9310 -1.459810 13.625000 0.375000 -1.459748 13.625002 0.375036 0.072037
9311 -1.443470 13.625000 0.625000 -1.443394 13.624982 0.625058 0.097238
9312 -1.419430 13.625000 0.875000 -1.419348 13.624960 0.875051 0.104718
9316 -1.447430 13.875000 0.375000 -1.447363 13.874952 0.375068 0.106789
9317 -1.417530 13.875000 0.625000 -1.417445 13.874958 0.625055 0.109505
9318 -1.403620 13.875000 0.875000 -1.403529 13.874955 0.875049 0.112650
9495 -2.283780 16.125000 1.375000 -2.283715 16.124936 1.375032 0.096491
9513 -3.625000 32.682500 -1.875000 -3.640269 32.680115 -1.871115 15.934778
9514 -3.875000 32.709700 -1.875000 -3.903213 32.705072 -1.867949 29.446611
9515 -3.625000 32.641500 -1.625000 -3.663563 32.642024 -1.620712 38.804665
9516 -3.672300 32.625000 -1.625000 -3.709931 32.624834 -1.620321 37.921549
9517 -3.875000 32.625000 -1.744640 -3.914036 32.620629 -1.736533 40.107844
9521 -3.712570 33.375000 -0.125000 -3.766621 33.368665 -0.109397 56.613861
9522 -3.625000 33.390800 -0.125000 -3.665231 33.386655 -0.113749 41.979517
9525 -3.625000 33.735000 -0.625000 -3.670664 33.730351 -0.612763 47.503600
9565 -3.625000 32.481200 -1.875000 -3.640024 32.478932 -1.871311 15.635673
9567 -3.375000 32.375000 -1.841480 -3.385034 32.374678 -1.840013 10.145516
9568 -3.625000 32.625000 -1.535500 -3.673456 32.626883 -1.530825 48.717345
9569 -3.611090 32.625000 -1.375000 -3.658982 32.626528 -1.369286 48.255842
9570 -3.625000 32.604200 -1.375000 -3.673282 32.605581 -1.369190 48.650170
9573 -3.455970 32.875000 -1.875000 -3.471807 32.873164 -1.871323 16.361305
9575 -3.545510 32.875000 -1.625000 -3.585279 32.877224 -1.621347 39.997843
9577 -3.625000 32.875000 -1.545510 -3.677637 32.875929 -1.538542 53.103981
9585 -3.467900 33.625000 -0.125000 -3.498089 33.621395 -0.116412 31.592748
9606 -3.300260 32.375000 -1.875000 -3.302862 32.374712 -1.874498 2.665289
9623 -3.347740 33.875000 -1.875000 -3.380682 33.874200 -1.868921 33.507608
9624 -3.375000 33.875000 -1.847740 -3.408161 33.874103 -1.841569 33.742451
9625 -3.375000 33.847700 -1.875000 -3.408399 33.847214 -1.869113 33.917512
9679 -3.125000 33.475300 -1.125000 -3.157504 33.476099 -1.118531 33.150786
9683 -2.875000 33.541600 -0.875000 -2.891859 33.541061 -0.870887 17.361634
9684 -2.875000 33.375000 -0.985048 -2.891768 33.374643 -0.981037 17.245035
9685 -2.875000 33.625000 -0.794999 -2.891906 33.624334 -0.790759 17.442884
9728 -2.625000 32.971900 -1.625000 -2.635980 32.974704 -1.625027 11.332700
9730 -2.625000 33.125000 -1.544990 -2.642265 33.128843 -1.544286 17.701140
9734 -2.625000 33.205000 -1.625000 -2.636921 33.207101 -1.624188 12.131504
9742 -2.771680 33.625000 -0.875000 -2.788871 33.624956 -0.870961 17.659167
9773 -2.375000 32.868200 -1.625000 -2.377688 32.868678 -1.624827 2.735499
9774 -2.396360 32.875000 -1.625000 -2.398997 32.875459 -1.624793 2.684635
9776 -2.375000 32.875000 -1.618230 -2.377679 32.875484 -1.618066 2.727565
9789 -2.411620 33.125000 -1.875000 -2.414661 33.125256 -1.874641 3.072902
9791 -2.375000 33.125000 -1.508640 -2.386740 33.129310 -1.509116 12.515015
9823 -2.375000 32.125000 -0.734903 -2.416406 32.143286 -0.736609 45.296026
9829 -2.125000 32.388200 -1.625000 -2.125585 32.388383 -1.624948 0.615668
9830 -2.169470 32.625000 -1.625000 -2.170267 32.625192 -1.624954 0.821139
9831 -2.125000 32.625000 -1.688610 -2.125828 32.625196 -1.688578 0.851487
9832 -2.125000 32.625000 -1.440240 -2.127435 32.625972 -1.440355 2.624423
9839 -2.125000 32.689200 -1.625000 -2.125819 32.689402 -1.624962 0.844360
9840 -2.364360 32.875000 -1.625000 -2.367060 32.875491 -1.624823 2.750006
9845 -2.258640 33.125000 -1.625000 -2.261731 33.125400 -1.624651 3.136016
9889 -1.875000 32.156100 -1.625000 -1.875200 32.156096 -1.624957 0.204360
9890 -1.875000 32.125000 -1.654390 -1.875214 32.125000 -1.654364 0.215540
9891 -1.875000 32.125000 -1.590010 -1.875212 32.125022 -1.590008 0.213043
9893 -1.875000 32.125000 -0.693683 -1.898477 32.140912 -0.696726 28.523696
9896 -2.062390 32.625000 -1.625000 -2.063221 32.625217 -1.624959 0.860232
9903 -1.875000 33.113100 -1.125000 -1.877804 33.098718 -1.118278 16.121053
9907 -1.875000 33.286200 -1.625000 -1.878319 33.287094 -1.624862 3.439896
9910 -1.875000 33.188400 -1.125000 -1.877873 33.189321 -1.124814 3.022416
9915 -2.125000 33.375000 -1.482580 -2.137571 33.381284 -1.483706 14.099263
9916 -1.875000 33.375000 -1.553620 -1.878285 33.375871 -1.553433 3.403746
9947 -1.799790 32.125000 -1.625000 -1.800011 32.125029 -1.624986 0.223623
9949 -1.625000 32.125000 -0.664919 -1.644230 32.145084 -0.670788 28.418921
9957 -1.791660 33.125000 -1.125000 -1.792744 33.125183 -1.124826 1.112670
9960 -1.625000 33.125000 -1.825880 -1.626013 33.125360 -1.825905 1.075047
9962 -1.636710 33.125000 -1.875000 -1.636920 33.125073 -1.874994 0.222297
9963 -1.733740 33.375000 -1.625000 -1.737210 33.376235 -1.625000 3.683103
9964 -1.625000 33.333000 -1.375000 -1.628084 33.334493 -1.375091 3.427112
9973 -1.625000 33.625000 -1.320060 -1.628356 33.626143 -1.319830 3.552311
9997 -1.375000 32.375000 -0.719874 -1.378658 32.378233 -0.720449 4.915871
9998 -1.375000 32.125000 -0.731995 -1.381027 32.128897 -0.732624 7.204930
10005 -1.375000 33.125000 -1.544380 -1.374580 33.096273 -1.529898 32.173889
10006 -1.432310 33.125000 -1.625000 -1.431660 33.095690 -1.609717 33.061522
10007 -1.375000 33.103600 -1.625000 -1.374544 33.075071 -1.609987 32.241009
10012 -1.501660 33.375000 -1.875000 -1.502848 33.375312 -1.874952 1.229706
10013 -1.510020 33.375000 -1.625000 -1.511202 33.375331 -1.624933 1.229647
10035 -1.125000 32.125000 -0.728524 -1.129973 32.130521 -0.729587 7.506380
10041 -1.125000 32.625000 -1.000000 -1.126155 32.625832 -1.000113 1.427955
10050 -1.125000 33.625000 -0.866041 -1.126202 33.625361 -0.865860 1.267870
10069 -0.875000 32.230900 -0.875000 -0.879573 32.233745 -0.875295 5.393771
10071 -0.875000 32.375000 -0.729981 -0.880432 32.377107 -0.729530 5.843612
10103 -0.625000 32.375000 -0.720250 -0.632602 32.370517 -0.717163 9.349763
10104 -0.625000 32.250000 -0.875000 -0.630750 32.248347 -0.873216 6.243532
10107 -0.653053 32.625000 -0.875000 -0.661261 32.614616 -0.869755 14.237945
10110 -0.625000 32.875000 -0.797328 -0.625209 32.875186 -0.797323 0.279853
10111 -0.625000 32.694800 -0.875000 -0.633725 32.681474 -0.868610 17.161969
10137 -0.480460 32.375000 -0.875000 -0.480438 32.374987 -0.875010 0.027210
10143 -0.561564 32.875000 -0.875000 -0.570561 32.859774 -0.868106 18.981559
10198 0.125000 33.400300 -1.125000 0.125014 33.400255 -1.124995 0.047722
10244 -3.625000 33.625000 -0.011029 -3.669661 33.619645 0.001896 46.800748
10249 0.274621 12.875000 -0.625000 0.274719 12.875009 -0.624953 0.109173
10250 0.375000 12.875000 -0.533973 0.375085 12.875008 -0.533933 0.094015
10251 0.375000 12.760100 -0.625000 0.375100 12.760111 -0.624952 0.111683
10254 0.316725 15.875000 -0.125000 0.316766 15.874988 -0.124953 0.063053
10255 0.605009 12.625000 -0.625000 0.605114 12.624998 -0.624953 0.114851
10256 0.625000 12.625000 -0.605586 0.625115 12.625011 -0.605532 0.127378
10257 0.625000 12.447500 -0.625000 0.625103 12.447498 -0.624947 0.115921
10261 0.625000 13.125000 -0.592726 0.625090 13.125013 -0.592681 0.100938
10262 0.625000 12.992700 -0.625000 0.625085 12.992714 -0.624953 0.097760
10263 0.375000 13.135700 -0.625000 0.375088 13.135700 -0.624958 0.097793
10264 0.375000 13.375000 -0.487262 0.375089 13.375022 -0.487218 0.101791
10265 0.625000 13.375000 -0.490721 0.625086 13.374994 -0.490665 0.102679
10266 0.631454 12.375000 -0.625000 0.631558 12.375008 -0.624951 0.115099
10267 0.875000 12.375000 -0.471389 0.875101 12.375006 -0.471336 0.114642
10268 0.875000 12.177400 -0.625000 0.875104 12.177400 -0.624949 0.116251
10270 0.660007 12.875000 -0.625000 0.660093 12.874984 -0.624938 0.107413
10273 0.875000 13.018300 -0.625000 0.875092 13.018302 -0.624939 0.110069
10275 0.861622 14.625000 -0.375000 0.861690 14.625008 -0.374956 0.081223
10276 0.875000 14.625000 -0.335297 0.875061 14.624996 -0.335242 0.082493
10277 0.875000 14.592500 -0.375000 0.875073 14.592507 -0.374948 0.089366
10278 0.823611 14.875000 -0.375000 0.823671 14.874993 -0.374948 0.079343
10279 0.875000 14.875000 -0.287894 0.875093 14.875041 -0.287861 0.107100
10280 0.815852 15.125000 -0.375000 0.815925 15.125023 -0.374954 0.089430
10284 1.125000 12.167600 -0.625000 1.125107 12.167618 -0.624953 0.118539
10291 0.912481 14.625000 -0.375000 0.912540 14.624989 -0.374947 0.080171
10302 0.875000 15.875000 -0.482896 0.875054 15.875012 -0.482857 0.067220
10306 1.187680 13.125000 -0.625000 1.187739 13.125019 -0.624931 0.092515
10311 3.375000 12.496500 -0.125000 3.375122 12.496539 -0.124926 0.148338
10312 3.179610 12.625000 -0.125000 3.179687 12.625027 -0.124954 0.093357
10314 3.181540 12.625000 -0.375000 3.181638 12.625030 -0.374941 0.118120
10315 3.125000 12.688600 -0.125000 3.125103 12.688640 -0.124954 0.119884
10316 3.125000 12.875000 -0.290639 3.125089 12.875011 -0.290581 0.106996
10317 3.170120 12.875000 -0.375000 3.170220 12.875055 -0.374962 0.120367
10318 3.125000 13.032300 -0.375000 3.125105 13.032339 -0.374939 0.127811
10325 0.875000 16.102100 -0.375000 0.875050 16.102115 -0.374955 0.068759
10326 0.375000 16.008000 -0.125000 0.375042 16.007979 -0.124949 0.069646
10327 0.375000 16.107500 -0.375000 0.375051 16.107493 -0.374942 0.077505
10328 0.625000 16.086900 -0.375000 0.625046 16.086906 -0.374955 0.064340
10329 0.375000 15.875000 -0.006310 0.375040 15.874989 -0.006269 0.057864
10335 2.584540 15.875000 0.125000 2.584599 15.875040 0.125033 0.078409
10338 3.125000 16.075600 0.125000 3.125051 16.075649 0.125036 0.078881
10353 1.962970 12.125000 0.125000 1.963061 12.125006 0.125056 0.106764
10354 1.918900 12.375000 0.125000 1.918997 12.375013 0.125043 0.106635
10359 2.511730 12.375000 0.125000 2.511797 12.375016 0.125044 0.081487
10362 2.875000 12.125000 -0.083749 2.875118 12.125049 -0.083708 0.133741
10371 1.875000 12.600400 0.125000 1.875116 12.600433 0.125056 0.132775
10372 1.870500 12.625000 0.125000 1.870603 12.625022 0.125052 0.117591
10374 2.530920 12.625000 0.125000 2.530999 12.625016 0.125052 0.096185
10384 1.870500 12.625000 0.125000 1.870603 12.625022 0.125052 0.117591
10385 1.861000 12.875000 0.125000 1.861071 12.874998 0.125055 0.090195
10401 1.843700 13.125000 0.125000 1.843780 13.125005 0.125063 0.102098
10405 2.956440 13.125000 0.125000 2.956521 13.125038 0.125058 0.106635
10416 1.822420 13.375000 0.125000 1.822523 13.375024 0.125040 0.113315
10418 2.863010 13.375000 0.125000 2.863109 13.375039 0.125059 0.121149
10428 1.783070 13.625000 0.125000 1.783157 13.625033 0.125051 0.105547
10430 2.678730 13.625000 0.125000 2.678851 13.625053 0.125056 0.143122
10438 1.760080 13.875000 0.125000 1.760146 13.875017 0.125053 0.086430
10440 2.747180 13.875000 0.125000 2.747287 13.875056 0.125040 0.126828
10442 3.125000 13.875000 0.077029 3.125098 13.875052 0.077072 0.119159
10444 3.483350 13.875000 0.125000 3.483411 13.875040 0.125044 0.084996
10445 3.625000 13.688700 0.125000 3.625043 13.688739 0.125067 0.088741
10447 3.657330 13.625000 0.125000 3.657446 13.625065 0.125040 0.139016
10454 1.710710 14.125000 0.125000 1.710775 14.125011 0.125047 0.081162
10468 1.667770 14.375000 0.125000 1.667846 14.375014 0.125052 0.093713
10479 1.628060 14.625000 0.125000 1.628132 14.625023 0.125054 0.092722
10480 3.375000 14.625000 0.097004 3.375089 14.625063 0.097062 0.123760
10481 3.323590 14.625000 0.125000 3.323643 14.625048 0.125065 0.096312
10492 3.375000 14.875000 0.000000 3.375093 14.875046 0.000062 0.121334
10493 3.212880 14.875000 0.125000 3.212931 14.875038 0.125072 0.096162
10502 3.375000 15.125000 -0.004897 3.375054 15.125061 -0.004860 0.089292
10503 3.205210 15.125000 0.125000 3.205262 15.125014 0.125047 0.071672
10519 3.196350 15.625000 0.125000 3.196392 15.625024 0.125076 0.090591
10520 2.625000 15.820400 0.125000 2.625048 15.820416 0.125054 0.073807
10648 1.625000 14.875000 0.137482 1.625067 14.875016 0.137539 0.089155
10652 1.625000 15.125000 0.145887 1.625060 15.125004 0.145940 0.080265
10654 1.625000 15.375000 0.160897 1.625067 15.375024 0.160949 0.087810
10656 1.625000 15.625000 0.203727 1.625039 15.625011 0.203777 0.064562
10658 1.625000 15.875000 0.257932 1.625033 15.875003 0.257990 0.066464
10661 1.875000 12.125000 0.518490 1.875097 12.125006 0.518546 0.112120
10662 1.857040 12.125000 0.625000 1.857122 12.125000 0.625054 0.097739
10663 1.875000 12.375000 0.438231 1.875084 12.375005 0.438288 0.101073
10664 1.841420 12.375000 0.625000 1.841531 12.375021 0.625060 0.128197
10665 1.868210 12.125000 0.875000 1.868303 12.125020 0.875042 0.104409
10666 1.845080 12.375000 0.875000 1.845188 12.375019 0.875044 0.117750
10667 1.875000 12.375000 1.001150 1.875101 12.375022 1.001203 0.116336
10668 1.875000 12.125000 0.906412 1.875100 12.125032 0.906474 0.121935
10669 1.868690 12.125000 1.625000 1.868785 12.125016 1.625070 0.119052
10670 1.875000 12.250300 1.625000 1.875078 12.250311 1.625045 0.090920
10671 1.875000 12.125000 1.609890 1.875107 12.125021 1.609943 0.121166
10672 1.875000 12.375000 1.664050 1.875091 12.375033 1.664113 0.115627
10673 1.840210 12.375000 1.875000 1.840313 12.375005 1.875044 0.111852
10674 1.832900 12.125000 1.875000 1.833020 12.125008 1.875049 0.130128
10675 1.813580 12.125000 2.125000 1.813678 12.125013 2.125029 0.102856
10676 1.791310 12.375000 2.125000 1.791435 12.375034 2.125085 0.154897
10681 1.875000 12.478700 0.375000 1.875105 12.478732 0.375056 0.123135
10682 1.858710 12.625000 0.375000 1.858795 12.625006 0.375051 0.099203
10683 1.821830 12.625000 0.625000 1.821916 12.625007 0.625045 0.097779
10684 1.845070 12.375000 0.875000 1.845167 12.375024 0.875044 0.109065
10685 1.829120 12.625000 0.875000 1.829210 12.625002 0.875061 0.108577
10686 1.875000 12.585500 1.125000 1.875094 12.585505 1.125041 0.103072
10687 1.868750 12.625000 1.125000 1.868844 12.625026 1.125038 0.104900
10688 1.875000 12.613700 1.375000 1.875103 12.613722 1.375054 0.118075
10689 1.873500 12.625000 1.375000 1.873593 12.625029 1.375049 0.108938
10690 1.875000 12.422300 1.625000 1.875103 12.422323 1.625051 0.117487
10691 1.844780 12.625000 1.625000 1.844877 12.625038 1.625049 0.115019
10692 1.829600 12.625000 1.875000 1.829699 12.625019 1.875039 0.108472
10693 1.786210 12.625000 2.125000 1.786338 12.625010 2.125054 0.139651
10697 1.851320 12.875000 0.375000 1.851428 12.875021 0.375057 0.124240
10698 1.821760 12.875000 0.625000 1.821876 12.875035 0.625067 0.138179
10699 1.829120 12.625000 0.875000 1.829210 12.625002 0.875061 0.108747
10700 1.825980 12.875000 0.875000 1.826083 12.875028 0.875061 0.122545
10701 1.837790 12.875000 1.125000 1.837889 12.875014 1.125044 0.108717
10702 1.840470 12.875000 1.375000 1.840573 12.875009 1.375060 0.119560
10703 1.819340 12.875000 1.625000 1.819441 12.875048 1.625079 0.136698
10704 1.793110 12.875000 1.875000 1.793190 12.875005 1.875034 0.086936
10705 1.776200 12.875000 2.125000 1.776329 12.875015 2.125031 0.133705
10708 1.847790 13.125000 0.375000 1.847862 13.125005 0.375042 0.083574
10709 1.812600 13.125000 0.625000 1.812688 13.125018 0.625056 0.105778
10710 1.818000 13.125000 0.875000 1.818085 13.125004 0.875056 0.101841
10711 1.843540 13.125000 1.125000 1.843633 13.125017 1.125060 0.111766
10712 1.827750 13.125000 1.375000 1.827811 13.124996 1.375050 0.078725
10713 1.827600 13.125000 1.625000 1.827679 13.125021 1.625079 0.113393
10714 1.774860 13.125000 1.875000 1.774936 13.124985 1.875014 0.079099
10715 1.749630 13.125000 2.125000 1.749738 13.125028 2.125052 0.123239
10718 1.828790 13.375000 0.375000 1.828882 13.375017 0.375059 0.110413
10719 1.799220 13.375000 0.625000 1.799291 13.375012 0.625050 0.087275
10720 1.802230 13.375000 0.875000 1.802336 13.375042 0.875053 0.125755
10721 1.859070 13.375000 1.125000 1.859142 13.375010 1.125035 0.080219
10722 1.806730 13.375000 1.375000 1.806833 13.375030 1.375075 0.131175
10724 1.764510 13.375000 1.875000 1.764570 13.375001 1.875044 0.074925
10725 1.734340 13.375000 2.125000 1.734441 13.375013 2.125058 0.117389
10728 1.808260 13.625000 0.375000 1.808330 13.624996 0.375055 0.089028
10729 1.785160 13.625000 0.625000 1.785257 13.625033 0.625055 0.116744
10730 1.782440 13.625000 0.875000 1.782530 13.625043 0.875057 0.114953
10731 1.820140 13.625000 1.125000 1.820230 13.625021 1.125046 0.103134
10732 1.781270 13.625000 1.375000 1.781346 13.625007 1.375046 0.089051
10733 1.793530 13.625000 1.625000 1.793614 13.625007 1.625058 0.102434
10734 1.772300 13.625000 1.875000 1.772380 13.625003 1.875027 0.084740
10735 1.734340 13.375000 2.125000 1.734441 13.375013 2.125058 0.117389
10740 1.828930 13.875000 0.375000 1.829006 13.875013 0.375061 0.098554
10741 1.790730 13.875000 0.625000 1.790808 13.875016 0.625053 0.095675
10742 1.773380 13.875000 0.875000 1.773444 13.874998 0.875040 0.075414
10743 1.770380 13.875000 1.125000 1.770450 13.875021 1.125060 0.094333
10744 1.757190 13.875000 1.375000 1.757267 13.875003 1.375047 0.089915
10745 1.758100 13.875000 1.625000 1.758167 13.875011 1.625035 0.076497
10746 1.767860 13.875000 1.875000 1.767972 13.875026 1.875068 0.133537
10747 1.719940 13.875000 2.125000 1.720038 13.874999 2.125052 0.110952
10750 1.869830 14.125000 0.375000 1.869902 14.125024 0.375055 0.093844
10751 1.771050 14.125000 0.625000 1.771118 14.125007 0.625049 0.083401
10752 1.759490 14.125000 0.875000 1.759543 14.125000 0.875050 0.072731
10753 1.741300 14.125000 1.125000 1.741387 14.125019 1.125051 0.102786
10754 1.731400 14.125000 1.375000 1.731485 14.125020 1.375057 0.104233
10755 1.737320 14.125000 1.625000 1.737406 14.125023 1.625045 0.099506
10756 1.738710 14.125000 1.875000 1.738770 14.125009 1.875033 0.069257
10760 1.875000 14.375000 0.338684 1.875080 14.375025 0.338745 0.103699
10762 1.875000 14.375000 0.413737 1.875076 14.375040 0.413780 0.095522
10763 1.787050 14.375000 0.625000 1.787110 14.375008 0.625053 0.080792
10764 1.759490 14.125000 0.875000 1.759543 14.125000 0.875050 0.072799
10765 1.740290 14.375000 0.875000 1.740352 14.375021 0.875046 0.080398
10766 1.727010 14.375000 1.125000 1.727095 14.375025 1.125054 0.103335
10767 1.731400 14.125000 1.375000 1.731485 14.125020 1.375057 0.104233
10768 1.717810 14.375000 1.375000 1.717870 14.375020 1.375044 0.077033
10769 1.725130 14.375000 1.625000 1.725195 14.375011 1.625058 0.087684
10770 1.726850 14.375000 1.875000 1.726920 14.375018 1.875045 0.084952
10775 1.875000 14.511300 0.375000 1.875068 14.511331 0.375051 0.090496
10776 1.862170 14.625000 0.375000 1.862222 14.625010 0.375047 0.070464
10777 1.785600 14.625000 0.625000 1.785654 14.625000 0.625050 0.073569
10778 1.734000 14.625000 0.875000 1.734077 14.625037 0.875065 0.107559
10779 1.718620 14.625000 1.125000 1.718677 14.625003 1.125040 0.069773
10780 1.716130 14.625000 1.375000 1.716190 14.625015 1.375059 0.085776
10781 1.720280 14.625000 1.625000 1.720361 14.625025 1.625058 0.102257
10782 1.723860 14.625000 1.875000 1.723917 14.625008 1.875036 0.067658
10787 1.835430 14.875000 0.375000 1.835494 14.875012 0.375062 0.089948
10788 1.763120 14.875000 0.625000 1.763181 14.875005 0.625043 0.074614
10789 1.726410 14.875000 0.875000 1.726480 14.875007 0.875045 0.083163
10790 1.724450 14.875000 1.125000 1.724507 14.875002 1.125031 0.064662
10791 1.716130 14.625000 1.375000 1.716190 14.625015 1.375059 0.085776
10792 1.720210 14.875000 1.375000 1.720280 14.875002 1.375041 0.081472
10793 1.722070 14.875000 1.625000 1.722139 14.874999 1.625037 0.078119
10794 1.728890 14.875000 1.875000 1.728947 14.875011 1.875031 0.065940
10800 1.796250 15.125000 0.375000 1.796332 15.125039 0.375047 0.102342
10801 1.756410 15.125000 0.625000 1.756473 15.125023 0.625045 0.080450
10802 1.730670 15.125000 0.875000 1.730753 15.125033 0.875056 0.105603
10803 1.733480 15.125000 1.125000 1.733561 15.125040 1.125063 0.109829
10804 1.732870 15.125000 1.375000 1.732923 15.125005 1.375055 0.076478
10805 1.722070 14.875000 1.625000 1.722140 14.874992 1.625034 0.078206
10806 1.727480 15.125000 1.625000 1.727525 15.125009 1.625051 0.068673
10812 1.784060 15.375000 0.375000 1.784142 15.375053 0.375060 0.114888
10813 1.766410 15.375000 0.625000 1.766472 15.375015 0.625046 0.078773
10814 1.741490 15.375000 0.875000 1.741551 15.375013 0.875045 0.077453
10815 1.745060 15.375000 1.125000 1.745121 15.375027 1.125056 0.087164
10816 1.750080 15.375000 1.375000 1.750119 15.375005 1.375044 0.058778
10817 1.745440 15.375000 1.625000 1.745503 15.375019 1.625041 0.077141
10818 1.745320 15.375000 1.875000 1.745409 15.375022 1.875084 0.124717
10824 1.764250 15.625000 0.375000 1.764317 15.625026 0.375051 0.087740
10825 1.759210 15.625000 0.625000 1.759268 15.625023 0.625039 0.073802
10826 1.738250 15.625000 0.875000 1.738295 15.625002 0.875051 0.067854
10827 1.740680 15.625000 1.125000 1.740725 15.624999 1.125038 0.058725
10828 1.751890 15.625000 1.375000 1.751957 15.625022 1.375044 0.082921
10829 1.745710 15.625000 1.625000 1.745782 15.625020 1.625062 0.096707
10830 1.732570 15.625000 1.875000 1.732606 15.625016 1.875032 0.050332
10831 1.744700 15.625000 2.125000 1.744739 15.625000 2.125073 0.082463
10835 1.736570 15.875000 0.375000 1.736629 15.875020 0.375061 0.087773
10836 1.734520 15.875000 0.625000 1.734552 15.875010 0.625050 0.059830
10837 1.701690 15.875000 0.875000 1.701742 15.875032 0.875064 0.088642
10838 1.701540 15.875000 1.125000 1.701604 15.875021 1.125059 0.089930
10839 1.724320 15.875000 1.375000 1.724386 15.875031 1.375054 0.090929
10840 1.732630 15.875000 1.625000 1.732696 15.875018 1.625055 0.087822
10841 1.703980 15.875000 1.875000 1.704027 15.874997 1.875037 0.060065
10842 1.701960 15.875000 2.125000 1.702015 15.875049 2.125100 0.124727
10846 1.902640 12.125000 0.375000 1.902743 12.125001 0.375044 0.111694
10847 1.887620 12.375000 0.375000 1.887716 12.375023 0.375044 0.107945
10848 1.915210 12.125000 1.125000 1.915322 12.125021 1.125048 0.123490
10849 1.903480 12.375000 1.125000 1.903584 12.375020 1.125043 0.114054
10850 1.965480 12.125000 1.375000 1.965581 12.125018 1.375071 0.125066
10851 1.910630 12.375000 1.375000 1.910737 12.375023 1.375067 0.128805
10852 1.883430 12.375000 1.625000 1.883517 12.375015 1.625058 0.105712
10853 1.887730 14.375000 0.375000 1.887813 14.375050 0.375050 0.108887
10855 2.351120 14.625000 1.375000 2.351204 14.625050 1.375054 0.111656
10856 2.375000 14.599100 1.375000 2.375052 14.599107 1.375033 0.061715
10857 2.375000 14.625000 1.355840 2.375036 14.625002 1.355879 0.053216
10859 2.375000 14.693300 1.375000 2.375075 14.693343 1.375067 0.109454
10860 2.263690 15.625000 0.375000 2.263739 15.625026 0.375048 0.073788
10861 2.375000 15.436200 0.375000 2.375053 15.436215 0.375047 0.072945
10862 2.375000 15.625000 0.265999 2.375026 15.624991 0.266029 0.040489
10863 2.294890 15.625000 0.625000 2.294948 15.625036 0.625053 0.086419
10864 2.375000 15.462400 0.625000 2.375045 15.462412 0.625040 0.061545
10865 2.375000 15.625000 0.684252 2.375038 15.625011 0.684317 0.076537
10866 2.375000 15.875000 0.340788 2.375054 15.875029 0.340836 0.078021
10869 2.375000 15.875000 0.646450 2.375052 15.875031 0.646508 0.083978
10871 2.526120 12.375000 0.375000 2.526222 12.375019 0.375064 0.121537
10872 2.625000 12.375000 0.575972 2.625102 12.375033 0.576048 0.131913
10874 2.554700 12.625000 0.375000 2.554804 12.625036 0.375041 0.117143
10875 2.625000 12.625000 0.599377 2.625075 12.625025 0.599427 0.093479
10876 2.447870 12.625000 1.625000 2.447965 12.625028 1.625038 0.105842
10877 2.625000 12.498900 1.625000 2.625123 12.498956 1.625070 0.151780
10878 2.625000 12.625000 1.492790 2.625097 12.625031 1.492848 0.116707
10879 2.625000 12.625000 1.805980 2.625103 12.625020 1.806033 0.117625
10880 2.625000 12.799600 0.375000 2.625081 12.799612 0.375063 0.103117
10881 2.625000 12.875000 1.498020 2.625092 12.875027 1.498068 0.107017
10882 2.468130 12.875000 1.625000 2.468232 12.875041 1.625055 0.122864
10883 2.605220 12.875000 1.875000 2.605280 12.875017 1.875033 0.070891
10886 2.499660 13.125000 1.375000 2.499729 13.125014 1.375038 0.079897
10887 2.625000 13.013800 1.375000 2.625079 13.013821 1.375046 0.093891
10888 2.625000 13.125000 1.243910 2.625093 13.125042 1.243970 0.118154
10896 2.625000 13.524800 1.875000 2.625047 13.524793 1.875040 0.062326
10897 2.625000 13.625000 1.763140 2.625091 13.625046 1.763200 0.118102
10899 2.480800 13.875000 1.625000 2.480857 13.875012 1.625050 0.076254
10900 2.625000 13.714700 1.625000 2.625064 13.714692 1.625020 0.067565
10901 2.625000 13.875000 1.492160 2.625055 13.875012 1.492200 0.069045
10902 2.474270 13.875000 1.875000 2.474374 13.875021 1.875025 0.108993
10906 2.625000 14.125000 1.500690 2.625090 14.125045 1.500747 0.116033
10907 2.504260 14.125000 1.625000 2.504341 14.125024 1.625060 0.103238
10911 2.534420 14.375000 1.375000 2.534513 14.375052 1.375055 0.119694
10912 2.625000 14.295100 1.375000 2.625103 14.295164 1.375062 0.136238
10913 2.625000 14.375000 1.269780 2.625043 14.375015 1.269818 0.059268
10914 2.625000 14.375000 1.450240 2.625066 14.375028 1.450298 0.092546
10915 2.625000 14.243900 1.625000 2.625063 14.243924 1.625052 0.084886
10918 2.596650 14.625000 1.125000 2.596720 14.625031 1.125056 0.095130
10919 2.625000 14.578600 1.125000 2.625089 14.578652 1.125069 0.123941
10920 2.625000 14.625000 1.097160 2.625064 14.625037 1.097227 0.099941
10922 2.625000 14.625000 1.892870 2.625102 14.625040 1.892903 0.114459
10923 2.625000 14.584600 1.875000 2.625062 14.584625 1.875049 0.082728
10925 2.419280 14.875000 1.375000 2.419353 14.875040 1.375059 0.102698
10926 2.625000 14.875000 1.246810 2.625047 14.874992 1.246852 0.063468
10928 2.418080 15.125000 0.375000 2.418188 15.125073 0.375052 0.140552
10929 2.625000 14.885300 0.375000 2.625077 14.885342 0.375054 0.103601
10930 2.625000 15.125000 0.155287 2.625072 15.125041 0.155364 0.113094
10931 2.625000 15.125000 0.531432 2.625076 15.125026 0.531482 0.094477
10932 2.442840 15.125000 0.875000 2.442896 15.125003 0.875046 0.072396
10933 2.625000 15.000000 0.875000 2.625087 15.000042 0.875053 0.110685
10934 2.625000 15.125000 0.693514 2.625082 15.125054 0.693567 0.111158
10935 2.465240 15.125000 1.125000 2.465307 15.125016 1.125049 0.084831
10936 2.625000 14.996800 1.125000 2.625082 14.996834 1.125055 0.104420
10937 2.463300 15.125000 1.375000 2.463356 15.125007 1.375051 0.076030
10938 2.485910 15.125000 1.625000 2.485987 15.125050 1.625036 0.098675
10939 2.625000 14.970900 1.625000 2.625037 14.970898 1.625029 0.047144
10940 2.625000 14.875000 1.529050 2.625079 14.875053 1.529099 0.106824
10943 2.407750 15.375000 0.375000 2.407803 15.375032 0.375061 0.087090
10944 2.420030 15.375000 0.625000 2.420101 15.375041 0.625048 0.095663
10945 2.625000 15.212000 0.625000 2.625085 15.212051 0.625045 0.108978
10946 2.459390 15.375000 0.875000 2.459443 15.375005 0.875051 0.074069
10947 2.493150 15.375000 1.125000 2.493180 15.374995 1.125053 0.061430
10948 2.496200 15.375000 1.375000 2.496291 15.375059 1.375070 0.129116
10949 2.497460 15.375000 1.625000 2.497493 15.375003 1.625044 0.055016
10950 2.499590 15.375000 1.875000 2.499631 15.375024 1.875045 0.065477
10951 2.625000 15.250000 1.875000 2.625048 15.250030 1.875061 0.083087
10953 2.495580 15.625000 0.875000 2.495638 15.625034 0.875062 0.091200
10954 2.495110 15.625000 1.125000 2.495167 15.625028 1.125052 0.082130
10955 2.498090 15.625000 1.375000 2.498169 15.625054 1.375062 0.113599
10956 2.443590 15.875000 0.875000 2.443636 15.875019 0.875054 0.073461
10957 2.428020 15.875000 1.125000 2.428068 15.875041 1.125070 0.094684
10958 2.815410 12.125000 0.625000 2.815511 12.125041 0.625053 0.120484
10960 2.809960 12.375000 0.875000 2.810047 12.375022 0.875057 0.106563
10961 2.875000 12.305900 0.875000 2.875095 12.305918 0.875044 0.106091
10962 2.875000 12.125000 0.640379 2.875096 12.125032 0.640416 0.107523
10963 2.724160 12.375000 1.125000 2.724268 12.375036 1.125041 0.120948
10964 2.875000 12.200500 1.125000 2.875115 12.200532 1.125059 0.133020
10966 2.633130 12.625000 0.625000 2.633265 12.625066 0.625052 0.159156
10967 2.755750 12.625000 0.875000 2.755856 12.625033 0.875060 0.126630
10968 2.765140 12.625000 1.125000 2.765246 12.625056 1.125066 0.136333
10969 2.875000 12.625000 1.233970 2.875112 12.625045 1.234026 0.133402
10975 2.728090 12.875000 1.125000 2.728161 12.875021 1.125052 0.090681
10976 2.748020 12.875000 1.375000 2.748120 12.875039 1.375043 0.115106
10977 2.875000 12.750000 1.375000 2.875099 12.750034 1.375048 0.115348
10978 2.875000 12.750000 1.625000 2.875082 12.750012 1.625059 0.102023
10982 2.875000 13.125000 0.233860 2.875069 13.125019 0.233938 0.105915
10987 2.875000 13.375000 0.177610 2.875081 13.375033 0.177679 0.111321
10988 2.749910 13.375000 1.375000 2.750012 13.375054 1.375060 0.129834
10990 2.725980 13.375000 1.875000 2.726062 13.375022 1.875065 0.107178
10991 2.875000 13.224500 2.125000 2.875075 13.224498 2.125013 0.076448
10994 2.875000 13.625000 0.223843 2.875062 13.625031 0.223880 0.078477
10998 2.875000 13.625000 1.740240 2.875106 13.625040 1.740288 0.123603
11001 2.796000 13.875000 0.375000 2.796085 13.875042 0.375054 0.108898
11002 2.875000 13.788200 0.375000 2.875070 13.788240 0.375067 0.104701
11003 2.875000 13.875000 0.433952 2.875100 13.875036 0.434001 0.117109
11004 2.875000 13.737000 2.125000 2.875062 13.737042 2.125059 0.095770
11006 2.875000 13.670700 1.875000 2.875056 13.670718 1.875024 0.063382
11010 2.801120 14.125000 0.375000 2.801194 14.125018 0.375039 0.085344
11022 2.699930 14.375000 1.375000 2.700015 14.375061 1.375065 0.123471
11023 2.875000 14.205500 1.625000 2.875051 14.205512 1.625058 0.078082
11031 2.763070 14.625000 0.375000 2.763126 14.625007 0.375067 0.087668
11032 2.875000 14.456400 0.375000 2.875080 14.456418 0.375056 0.099649
11033 2.875000 14.625000 0.222584 2.875098 14.625063 0.222634 0.127352
11034 2.875000 14.625000 0.444105 2.875051 14.625031 0.444139 0.068570
11040 2.875000 14.875000 0.183977 2.875045 14.875042 0.184035 0.084081
11041 2.631600 14.875000 0.375000 2.631697 14.875059 0.375031 0.117969
11056 3.125000 12.250000 1.125000 3.125098 12.250022 1.125039 0.107375
11062 2.893420 13.125000 0.375000 2.893518 13.125030 0.375053 0.115096
11065 2.886610 13.375000 0.375000 2.886700 13.375018 0.375039 0.100050
11070 2.950720 13.625000 0.375000 2.950795 13.625030 0.375027 0.085434
11077 2.986980 13.625000 2.125000 2.987051 13.625038 2.125064 0.102860
11090 2.913930 14.375000 0.375000 2.914022 14.375035 0.375051 0.111020
11118 3.214310 13.875000 1.875000 3.214390 13.875062 1.875053 0.114494
11160 3.250460 15.875000 0.125000 3.250502 15.875038 0.125028 0.063113
11163 1.625000 16.114500 1.125000 1.625064 16.114549 1.125064 0.102984
11164 1.625000 16.123100 2.125000 1.625023 16.123124 2.125051 0.060784
11170 0.375000 32.125000 -0.927111 0.360840 32.107253 -0.917395 24.695724
11171 0.182156 32.125000 -1.125000 0.174757 32.118358 -1.120260 11.014522
11172 0.125000 32.307900 -1.125000 0.115829 32.296949 -1.118271 15.789399
11177 0.125000 32.403200 -1.125000 -0.670721 32.526296 -0.812330 863.763187
11183 0.171671 33.375000 -1.125000 0.171697 33.375021 -1.125020 0.038917
11186 0.224975 33.125000 -1.125000 0.225008 33.125031 -1.125029 0.053974
11188 0.325401 33.625000 -0.875000 0.325437 33.624994 -0.875018 0.041089
11220 0.516376 33.125000 -0.875000 0.516382 33.125011 -0.875011 0.017072
11221 0.625000 33.125000 -0.818927 0.624993 33.124993 -0.818931 0.010676
11222 0.625000 32.902300 -0.875000 0.624996 32.902270 -0.875000 0.030167
11225 0.516376 33.125000 -0.875000 0.516382 33.125011 -0.875011 0.017072
11264 0.789221 32.375000 -0.875000 0.252651 32.443107 -0.685116 573.238026
11265 0.875000 32.375000 -0.818342 0.409435 32.432064 -0.658327 495.592840
11266 0.875000 32.296100 -0.875000 0.495708 32.337526 -0.750506 401.343870
11272 0.650953 32.875000 -0.875000 0.650954 32.875010 -0.875007 0.012015
11302 0.918319 32.375000 -0.875000 0.429363 32.462629 -0.698589 527.140861
11416 0.625000 32.176900 0.125000 0.601519 32.173620 0.132652 24.913406
11418 0.641373 32.125000 0.125000 -0.151913 32.326131 0.413989 867.911966
11576 1.875000 9.586870 -0.125000 1.875136 9.586890 -0.124948 0.147202
11583 2.125000 9.274770 -0.125000 2.125155 9.274792 -0.124951 0.163765
11585 2.303500 8.125000 -0.125000 2.303662 8.125012 -0.124932 0.175998
11586 2.277310 8.375000 -0.125000 2.277444 8.375025 -0.124945 0.146830
11587 2.249960 8.625000 -0.125000 2.250092 8.625013 -0.124947 0.142796
11588 2.195150 8.875000 -0.125000 2.195309 8.875029 -0.124949 0.169191
11589 2.158350 9.125000 -0.125000 2.158522 9.125031 -0.124933 0.186844
11599 2.125000 11.980700 0.125000 2.125096 11.980712 0.125056 0.111861
11601 2.625000 11.875000 0.087344 2.625106 11.875029 0.087402 0.124238
11606 2.262480 8.125000 0.125000 2.262653 8.125026 0.125056 0.184039
11607 2.232250 8.375000 0.125000 2.232410 8.375033 0.125041 0.168918
11616 2.215210 8.625000 0.125000 2.215385 8.625031 0.125040 0.182193
11619 2.202690 8.875000 0.125000 2.202816 8.875011 0.125035 0.131359
11620 2.179250 9.125000 0.125000 2.179398 9.125021 0.125058 0.160228
11621 2.125000 9.375000 -0.074701 2.125152 9.375021 -0.074648 0.162569
11622 2.186710 9.375000 0.125000 2.186834 9.375001 0.125042 0.131344
11623 1.875000 9.625000 -0.117502 1.875126 9.625013 -0.117451 0.136621
11624 2.125000 9.625000 0.045242 2.125172 9.625048 0.045295 0.186631
11625 2.147740 9.625000 0.125000 2.147886 9.625031 0.125051 0.157066
11628 1.875000 9.875000 -0.069531 1.875127 9.875018 -0.069477 0.138918
11629 2.125000 9.866470 0.125000 2.125137 9.866484 0.125056 0.148533
11630 2.124420 9.875000 0.125000 2.124532 9.874996 0.125056 0.125418
11636 2.143670 10.125000 0.125000 2.143792 10.125024 0.125058 0.137745
11646 2.237590 10.375000 0.125000 2.237699 10.375002 0.125057 0.123343
11653 2.355390 10.875000 0.125000 2.355502 10.875012 0.125064 0.129230
11659 2.306180 11.125000 0.125000 2.306327 11.125039 0.125038 0.156453
11660 2.504470 11.125000 0.125000 2.504622 11.125034 0.125018 0.156405
11661 2.625000 11.072800 0.125000 2.625100 11.072813 0.125043 0.109280
11671 2.375000 11.288200 0.125000 2.375142 11.288252 0.125065 0.164419
11673 2.625000 11.219100 0.125000 2.625121 11.219141 0.125043 0.134860
11674 2.439120 11.375000 0.125000 2.439247 11.375037 0.125027 0.135297
11682 2.375000 11.553500 0.125000 2.375106 11.553512 0.125035 0.112091
11701 -3.089110 8.375000 -1.375000 -3.088930 8.374928 -1.374934 0.205081
11702 -2.875000 9.003880 -1.625000 -2.874848 9.003826 -1.624960 0.165925
11708 -3.028070 10.625000 -1.875000 -3.027949 10.624955 -1.874926 0.148342
11709 -3.125000 10.625000 -1.778070 -3.124899 10.624942 -1.778016 0.128493
11710 -3.125000 10.458800 -1.875000 -3.124892 10.458776 -1.874958 0.118590
11722 -2.690050 8.625000 -0.375000 -2.689897 8.624963 -0.374972 0.159824
11725 -2.751320 8.375000 -0.375000 -2.751153 8.374951 -0.374961 0.178495
11729 -2.720870 8.875000 -1.625000 -2.720740 8.874955 -1.624960 0.143167
11733 -2.625000 8.884060 -1.375000 -2.624873 8.884040 -1.374974 0.131592
11734 -2.625000 8.970870 -1.625000 -2.624847 8.970806 -1.624946 0.174281
11735 -2.753880 9.125000 -1.625000 -2.753746 9.124955 -1.624968 0.144814
11748 -2.875000 10.625000 -1.244270 -2.874893 10.624961 -1.244226 0.121568
11749 -2.755730 10.625000 -1.125000 -2.755581 10.624938 -1.124941 0.171689
11750 -2.875000 10.505700 -1.125000 -2.874888 10.505677 -1.124973 0.117171
11751 -2.625000 11.375000 -1.323490 -2.624879 11.374956 -1.323436 0.139559
11752 -2.836180 11.375000 -1.375000 -2.836071 11.374953 -1.374939 0.133907
11753 -2.625000 11.250400 -1.375000 -2.624871 11.250342 -1.374962 0.146151
11757 -2.625000 11.684400 -1.375000 -2.624869 11.684328 -1.374954 0.156054
11758 -2.625000 8.241440 -0.375000 -2.624832 8.241398 -0.374962 0.177802
11761 -2.375000 8.625000 -1.298020 -2.374850 8.624968 -1.297983 0.157842
11763 -2.375000 8.508710 -1.375000 -2.374833 8.508667 -1.374946 0.181008
11764 -2.546400 8.625000 -0.375000 -2.546218 8.624942 -0.374951 0.197054
11765 -2.375000 8.666440 -1.375000 -2.374846 8.666394 -1.374959 0.165741
11767 -2.540600 8.875000 -0.375000 -2.540461 8.874970 -0.374938 0.154890
11769 -2.625000 9.625000 -0.239430 -2.624871 9.624962 -0.239396 0.138432
11770 -2.398020 9.625000 -0.375000 -2.397852 9.624936 -0.374945 0.188429
11771 -2.625000 9.499800 -0.375000 -2.624866 9.499770 -0.374947 0.147239
11773 -2.573490 11.375000 -1.375000 -2.573369 11.374950 -1.374945 0.141628
11777 -2.333560 8.625000 -1.375000 -2.333387 8.624935 -1.374939 0.194575
11802 -1.625000 8.625000 -0.488470 -1.624847 8.624973 -0.488414 0.164892
11805 -1.625000 8.875000 -0.491217 -1.624869 8.874987 -0.491173 0.138720
11808 -1.625000 9.125000 -1.508450 -1.624838 9.124945 -1.508378 0.185949
11809 -1.625000 9.241550 -1.625000 -1.624871 9.241550 -1.624986 0.129595
11810 -1.741550 9.125000 -1.625000 -1.741400 9.124938 -1.624934 0.174879
11814 -1.625000 9.875000 -0.494245 -1.624854 9.874956 -0.494188 0.162780
11821 -1.625000 11.604800 -1.375000 -1.624898 11.604782 -1.374959 0.110883
11822 -1.625000 11.641800 -1.375000 -1.624880 11.641748 -1.374934 0.146267
11824 -1.426920 8.375000 -0.625000 -1.426758 8.374962 -0.624947 0.175000
11825 -1.375000 8.375000 -0.676917 -1.374851 8.374984 -0.676866 0.157968
11827 -1.375000 8.625000 -0.749935 -1.374844 8.624982 -0.749888 0.164041
11835 -1.414440 8.875000 -0.625000 -1.414303 8.874991 -0.624951 0.146140
11838 -1.375000 9.125000 -0.520372 -1.374854 9.124975 -0.520315 0.158772
11839 -1.375000 8.932240 -0.625000 -1.374842 8.932196 -0.624942 0.173391
11841 -1.375000 9.375000 -0.570178 -1.374863 9.374984 -0.570133 0.145409
11842 -1.489160 9.625000 -0.625000 -1.489020 9.624975 -0.624953 0.149974
11844 -1.500000 9.875000 -0.625000 -1.499865 9.874967 -0.624948 0.148169
11845 -1.375000 10.125000 -0.491612 -1.374866 10.124961 -0.491555 0.150590
11846 -1.375000 10.000000 -0.625000 -1.374854 9.999952 -0.624939 0.165268
11849 -1.375000 10.875000 -0.495401 -1.374899 10.875005 -0.495366 0.107060
11853 -1.625000 11.375000 -0.513549 -1.624877 11.374943 -0.513503 0.143495
11854 -1.375000 11.625000 -0.454169 -1.374905 11.624980 -0.454108 0.114385
11855 -1.625000 11.625000 -0.393689 -1.624896 11.624974 -0.393647 0.114803
11856 -1.125000 8.375000 -0.746161 -1.124821 8.374941 -0.746096 0.199434
11860 -1.274540 9.125000 -0.625000 -1.274392 9.124979 -0.624954 0.156628
11862 -1.324400 9.375000 -0.625000 -1.324236 9.374930 -0.624933 0.190234
11863 -1.274540 9.125000 -0.625000 -1.274407 9.125001 -0.624968 0.136477
11864 -1.180240 10.125000 -0.625000 -1.180100 10.124963 -0.624949 0.153370
11865 -1.125000 10.375000 -0.493425 -1.124880 10.374980 -0.493375 0.131146
11866 -1.125000 10.185100 -0.625000 -1.124867 10.185081 -0.624949 0.143675
11869 -1.125000 10.375000 -0.780104 -1.124872 10.374962 -0.780046 0.145924
11871 -1.203520 10.625000 -0.875000 -1.203404 10.624979 -0.874956 0.125916
11873 -1.125000 10.875000 -0.726395 -1.124865 10.874954 -0.726343 0.152009
11874 -1.226390 10.875000 -0.625000 -1.226268 10.874984 -0.624963 0.128179
11875 -1.125000 11.021300 -0.625000 -1.124873 11.021274 -0.624945 0.140360
11876 -1.125000 11.125000 -0.496771 -1.124882 11.124973 -0.496722 0.130373
11880 -1.125000 11.538200 -0.875000 -1.124872 11.538150 -0.874940 0.149899
11881 -1.125000 11.625000 -0.480989 -1.124887 11.624990 -0.480955 0.118239
11892 -1.004880 10.375000 -0.625000 -1.004753 10.374979 -0.624949 0.138118
11898 -1.022220 11.125000 -0.625000 -1.022115 11.124992 -0.624955 0.114520
11899 -0.875000 11.125000 -0.205354 -0.874893 11.124991 -0.205306 0.117949
11901 -0.875000 11.256000 -0.375000 -0.874875 11.255962 -0.374950 0.140340
11902 -0.875000 11.368300 -0.625000 -0.874882 11.368269 -0.624943 0.134568
11908 -1.069000 11.875000 -0.125000 -1.068922 11.875045 -0.124964 0.097399
11924 -0.809339 11.375000 -0.375000 -0.809236 11.375005 -0.374954 0.113227
11925 -0.625000 11.375000 -0.542717 -0.624870 11.374954 -0.542652 0.152367
11926 -0.625000 11.327300 -0.625000 -0.624893 11.327293 -0.624948 0.118949
11928 -0.625000 11.625000 -0.457888 -0.624885 11.624998 -0.457840 0.124111
11929 -0.756108 11.625000 -0.375000 -0.756007 11.624996 -0.374963 0.108126
11931 -0.625000 11.875000 -0.459469 -0.624893 11.874975 -0.459421 0.120000
11934 -0.375000 8.375000 -0.187801 -0.374849 8.375029 -0.187769 0.157079
11935 -0.375000 8.625000 -0.174203 -0.374844 8.624967 -0.174145 0.169207
11942 -0.577216 11.375000 -0.625000 -0.577097 11.374986 -0.624950 0.129593
11943 -0.499106 11.625000 -0.625000 -0.498986 11.624963 -0.624942 0.137983
11944 -0.499311 11.875000 -0.625000 -0.499207 11.874973 -0.624951 0.118000
11945 -0.125000 8.375000 -0.194752 -0.124842 8.375002 -0.194706 0.164867
11946 -0.125000 8.625000 -0.185191 -0.124854 8.624965 -0.185124 0.164543
11948 -0.125000 9.125000 -0.146630 -0.124842 9.125014 -0.146590 0.163894
11951 -0.237577 9.625000 -0.125000 -0.237437 9.624981 -0.124946 0.151687
11978 -1.625000 12.063000 -1.125000 -1.624883 12.062945 -1.124941 0.142344
11979 -1.375000 11.967900 -1.125000 -1.374895 11.967904 -1.124959 0.113208
11980 -1.125000 12.026500 -0.875000 -1.124897 12.026471 -0.874941 0.121665
11989 -3.125000 8.250000 0.125000 -3.124858 8.249955 0.125041 0.154169
11996 -2.670670 8.375000 0.125000 -2.670539 8.374954 0.125032 0.142198
11999 -2.743540 8.625000 0.125000 -2.743408 8.624984 0.125054 0.143756
12004 -2.625000 8.688140 0.125000 -2.624841 8.688081 0.125037 0.174223
12006 -2.469390 8.875000 0.125000 -2.469212 8.874929 0.125054 0.199300
12007 -2.125000 8.875000 0.073237 -2.124845 8.874958 0.073288 0.168806
12010 -2.375000 8.987970 0.125000 -2.374868 8.987931 0.125044 0.144301
12011 -2.125000 8.956760 0.125000 -2.124846 8.956716 0.125044 0.165738
12012 -1.875000 9.125000 -0.002248 -1.874853 9.124961 -0.002193 0.161680
12013 -2.032140 9.125000 0.125000 -2.032007 9.124987 0.125042 0.139914
12018 -2.062310 9.375000 0.125000 -2.062158 9.374955 0.125047 0.164902
12024 -2.023690 9.625000 0.125000 -2.023539 9.624944 0.125049 0.168577
12030 -2.015730 9.875000 0.125000 -2.015595 9.874958 0.125059 0.152903
12035 -3.114520 10.125000 0.125000 -3.114396 10.124939 0.125052 0.148003
12036 -3.125000 10.125000 0.116507 -3.124849 10.124906 0.116548 0.182254
12037 -3.125000 10.113300 0.125000 -3.124895 10.113279 0.125055 0.120563
12039 -2.010100 10.125000 0.125000 -2.009960 10.124944 0.125066 0.164524
12046 -2.982530 10.375000 -0.125000 -2.982398 10.374923 -0.124945 0.162671
12047 -3.125000 10.250000 -0.125000 -3.124856 10.249919 -0.124966 0.168172
12048 -2.986140 10.375000 0.125000 -2.986022 10.374927 0.125058 0.150249
12050 -2.054660 10.375000 0.125000 -2.054503 10.374941 0.125057 0.177710
12060 -2.033590 10.625000 0.125000 -2.033455 10.624941 0.125046 0.154489
12067 -2.875000 10.875000 0.000096 -2.874873 10.874949 0.000134 0.142153
12068 -2.875000 10.758100 -0.125000 -2.874875 10.758054 -0.124973 0.135511
12069 -2.727610 10.875000 -0.125000 -2.727474 10.874947 -0.124951 0.154032
12071 -1.973420 10.875000 0.125000 -1.973303 10.874980 0.125054 0.130368
12080 -2.875000 10.994500 0.125000 -2.874878 10.994444 0.125052 0.143896
12081 -3.125000 11.006400 -0.125000 -3.124902 11.006361 -0.124955 0.114826
12082 -3.125000 11.000200 0.125000 -3.124866 11.000132 0.125054 0.160193
12083 -2.737570 11.125000 0.125000 -2.737460 11.124966 0.125065 0.132580
12095 -1.375000 11.344900 0.125000 -1.374894 11.344887 0.125056 0.119983
12103 -2.990530 11.625000 0.125000 -2.990425 11.624970 0.125058 0.123123
12104 -1.382230 11.625000 0.125000 -1.382109 11.624966 0.125049 0.135036
12120 0.125000 21.125000 2.358050 0.125007 21.124991 2.358117 0.067958
12152 0.375000 23.819400 1.125000 0.374934 23.819404 1.125043 0.078880
12154 0.375000 23.875000 0.912643 0.374929 23.875006 0.912694 0.087663
12155 0.375000 23.875000 1.195650 0.374931 23.875006 1.195673 0.073498
12179 0.625000 23.514200 1.125000 0.624930 23.514225 1.125060 0.095534
12180 0.548145 23.625000 1.125000 0.548082 23.624997 1.125039 0.073922
12181 0.625000 23.625000 1.064260 0.624938 23.624998 1.064305 0.076411
12182 0.625000 23.566200 1.375000 0.624943 23.566203 1.375055 0.079285
12183 0.564554 23.625000 1.375000 0.564500 23.625025 1.375054 0.080012
12188 0.432979 23.875000 1.375000 0.432915 23.874985 1.375045 0.080097
12239 1.125000 22.944000 0.375000 1.124942 22.943996 0.375051 0.077182
12240 1.113010 23.125000 0.375000 1.112963 23.125030 0.375060 0.081999
12241 1.125000 23.125000 0.312482 1.124942 23.125008 0.312535 0.078750
12242 1.125000 23.125000 0.516659 1.124962 23.125024 0.516708 0.066351
12245 1.125000 23.359000 0.125000 1.124946 23.359025 0.125047 0.076000
12246 1.122500 23.375000 0.125000 1.122452 23.375031 0.125052 0.077359
12247 1.089050 23.375000 0.375000 1.088985 23.375017 0.375044 0.080422
12248 1.125000 23.175500 0.625000 1.124957 23.175543 0.625049 0.078275
12249 1.088070 23.375000 0.625000 1.088007 23.375010 0.625046 0.078835
12250 1.125000 23.193100 0.875000 1.124947 23.193132 0.875066 0.090403
12251 1.098530 23.375000 0.875000 1.098468 23.375011 0.875048 0.079527
12253 1.124090 23.375000 1.125000 1.124016 23.375008 1.125043 0.086045
12254 1.125000 23.375000 1.137130 1.124955 23.375030 1.137199 0.087815
12258 1.097510 23.625000 0.125000 1.097449 23.625019 0.125059 0.087041
12259 1.067490 23.625000 0.375000 1.067422 23.625011 0.375049 0.084493
12260 1.063610 23.625000 0.625000 1.063544 23.625007 0.625040 0.077951
12261 1.072040 23.625000 0.875000 1.072000 23.625055 0.875061 0.091601
12262 1.093560 23.625000 1.125000 1.093520 23.625044 1.125064 0.086944
12263 1.125000 23.540300 1.375000 1.124943 23.540354 1.375070 0.105856
12264 1.117830 23.625000 1.375000 1.117797 23.625041 1.375062 0.080980
12266 1.116810 23.625000 1.625000 1.116755 23.625015 1.625016 0.059426
12267 1.125000 23.625000 1.723820 1.124933 23.625027 1.723870 0.088121
12270 1.069300 23.875000 0.125000 1.069220 23.875006 0.125050 0.094348
12271 1.052470 23.875000 0.375000 1.052390 23.874996 0.375039 0.089340
12272 1.047690 23.875000 0.625000 1.047617 23.875003 0.625044 0.085701
12273 1.055170 23.875000 0.875000 1.055100 23.875007 0.875052 0.086807
12274 1.074200 23.875000 1.125000 1.074108 23.875012 1.125040 0.100709
12275 1.090450 23.875000 1.375000 1.090359 23.874996 1.375036 0.097826
12277 1.125000 23.665700 1.875000 1.124954 23.665719 1.875040 0.063841
12278 1.080150 23.875000 1.875000 1.080096 23.875003 1.875033 0.063468
12279 1.125000 23.757100 2.125000 1.124942 23.757120 2.125058 0.084606
12280 1.079390 23.875000 2.125000 1.079308 23.875015 2.125033 0.090025
12283 1.281790 20.375000 0.125000 1.281758 20.374985 0.125056 0.066506
12284 1.283060 20.375000 0.375000 1.283049 20.375003 0.375056 0.056980
12285 1.295800 20.375000 0.625000 1.295785 20.375022 0.625057 0.062757
12286 1.305210 20.375000 0.875000 1.305193 20.375009 0.875044 0.047717
12287 1.322820 20.375000 1.125000 1.322801 20.375022 1.125052 0.059824
12288 1.342840 20.375000 1.375000 1.342810 20.375020 1.375050 0.061466
12289 1.341080 20.375000 1.625000 1.341065 20.375011 1.625049 0.052544
12290 1.332200 20.375000 1.875000 1.332185 20.375033 1.875040 0.054058
12291 1.337680 20.375000 2.125000 1.337659 20.375042 2.125077 0.090193
12293 1.281980 20.625000 0.125000 1.281967 20.625031 0.125050 0.060351
12294 1.268170 20.625000 0.375000 1.268143 20.625009 0.375045 0.053463
12295 1.281400 20.625000 0.625000 1.281360 20.624985 0.625045 0.062252
12296 1.292180 20.625000 0.875000 1.292148 20.624998 0.875045 0.055517
12297 1.306280 20.625000 1.125000 1.306256 20.625017 1.125044 0.052882
12298 1.323370 20.625000 1.375000 1.323341 20.625002 1.375044 0.052845
12299 1.324130 20.625000 1.625000 1.324107 20.625017 1.625058 0.064531
12300 1.307500 20.625000 1.875000 1.307486 20.625020 1.875059 0.063386
12301 1.313610 20.625000 2.125000 1.313563 20.625014 2.125071 0.086333
12303 1.271350 20.875000 0.125000 1.271331 20.875014 0.125052 0.057514
12304 1.255630 20.875000 0.375000 1.255610 20.875031 0.375050 0.061665
12305 1.267190 20.875000 0.625000 1.267179 20.875035 0.625064 0.073633
12306 1.278580 20.875000 0.875000 1.278537 20.874996 0.875039 0.058085
12307 1.291250 20.875000 1.125000 1.291231 20.875025 1.125053 0.061562
12308 1.306880 20.875000 1.375000 1.306851 20.875020 1.375039 0.052878
12309 1.309540 20.875000 1.625000 1.309496 20.875002 1.625049 0.065229
12310 1.307500 20.625000 1.875000 1.307505 20.625038 1.875078 0.086732
12311 1.292450 20.875000 1.875000 1.292440 20.875040 1.875063 0.075394
12312 1.285780 20.875000 2.125000 1.285788 20.875007 2.125082 0.082681
12314 1.259810 21.125000 0.125000 1.259791 21.125035 0.125043 0.058726
12315 1.241260 21.125000 0.375000 1.241237 21.125035 0.375051 0.065839
12317 1.265920 21.125000 0.875000 1.265900 21.125031 0.875052 0.063295
12318 1.277670 21.125000 1.125000 1.277640 21.125010 1.125048 0.057285
12319 1.289900 21.125000 1.375000 1.289885 21.125026 1.375050 0.058471
12320 1.291790 21.125000 1.625000 1.291761 21.124997 1.625048 0.055847
12321 1.292450 20.875000 1.875000 1.292440 20.875040 1.875063 0.075394
12323 1.272160 21.125000 2.125000 1.272133 21.125008 2.125076 0.081596
12325 1.250570 21.375000 0.125000 1.250537 21.375010 0.125051 0.062006
12326 1.227110 21.375000 0.375000 1.227083 21.375024 0.375042 0.055010
12327 1.236940 21.375000 0.625000 1.236904 21.375010 0.625044 0.057387
12328 1.249430 21.375000 0.875000 1.249379 21.375001 0.875043 0.067090
12329 1.264790 21.375000 1.125000 1.264740 21.374982 1.125030 0.060614
12330 1.273540 21.375000 1.375000 1.273492 21.374993 1.375038 0.061241
12331 1.277740 21.375000 1.625000 1.277699 21.374994 1.625043 0.059419
12334 1.238410 21.625000 0.125000 1.238382 21.625038 0.125048 0.067153
12335 1.214990 21.625000 0.375000 1.214961 21.625011 0.375050 0.058351
12336 1.222630 21.625000 0.625000 1.222597 21.625022 0.625046 0.060732
12337 1.249430 21.375000 0.875000 1.249379 21.375001 0.875043 0.067090
12338 1.230990 21.625000 0.875000 1.230949 21.624995 0.875037 0.055428
12339 1.250090 21.625000 1.125000 1.250032 21.624993 1.125046 0.074542
12340 1.260280 21.625000 1.375000 1.260259 21.625016 1.375060 0.065307
12341 1.262540 21.625000 1.625000 1.262494 21.624987 1.625043 0.063995
12345 1.222450 21.875000 0.125000 1.222408 21.875022 0.125041 0.062554
12346 1.198110 21.875000 0.375000 1.198057 21.875005 0.375048 0.072025
12347 1.207120 21.875000 0.625000 1.207068 21.875015 0.625042 0.068649
12348 1.211310 21.875000 0.875000 1.211283 21.875022 0.875056 0.065705
12349 1.231360 21.875000 1.125000 1.231314 21.874997 1.125030 0.054839
12351 1.244920 21.875000 1.375000 1.244913 21.875069 1.375070 0.098593
12352 1.262540 21.625000 1.625000 1.262494 21.624987 1.625043 0.063995
12353 1.251480 21.875000 1.625000 1.251458 21.875022 1.625048 0.057464
12357 1.204930 22.125000 0.125000 1.204900 22.125024 0.125055 0.067474
12358 1.178010 22.125000 0.375000 1.177956 22.124990 0.375050 0.074408
12359 1.190250 22.125000 0.625000 1.190192 22.124998 0.625040 0.070838
12361 1.213500 22.125000 1.125000 1.213461 22.125015 1.125042 0.059412
12362 1.229890 22.125000 1.375000 1.229847 22.125032 1.375051 0.073875
12367 1.183600 22.375000 0.125000 1.183551 22.375015 0.125051 0.072776
12368 1.158030 22.375000 0.375000 1.157977 22.375008 0.375050 0.073639
12369 1.174740 22.375000 0.625000 1.174685 22.375008 0.625053 0.076308
12371 1.197900 22.375000 1.125000 1.197865 22.375052 1.125066 0.090925
12372 1.229890 22.125000 1.375000 1.229847 22.125032 1.375051 0.073875
12373 1.210110 22.375000 1.375000 1.210047 22.374992 1.375052 0.081979
12378 1.172110 22.625000 0.125000 1.172080 22.625051 0.125050 0.077298
12379 1.141250 22.625000 0.375000 1.141201 22.625025 0.375064 0.084137
12380 1.153730 22.625000 0.625000 1.153677 22.625020 0.625040 0.069471
12381 1.158170 22.625000 0.875000 1.158109 22.624989 0.875036 0.071018
12382 1.173800 22.625000 1.125000 1.173758 22.625026 1.125055 0.073415
12383 1.186240 22.625000 1.375000 1.186204 22.625042 1.375061 0.082068
12384 1.218910 22.375000 1.625000 1.218849 22.375028 1.625048 0.082507
12389 1.172430 22.875000 0.125000 1.172370 22.875016 0.125054 0.081923
12390 1.129690 22.875000 0.375000 1.129637 22.875002 0.375046 0.070693
12391 1.149390 22.875000 0.625000 1.149325 22.875006 0.625050 0.082106
12392 1.152720 22.875000 0.875000 1.152675 22.875035 0.875053 0.077420
12393 1.173800 22.625000 1.125000 1.173768 22.625039 1.125061 0.078438
12394 1.156730 22.875000 1.125000 1.156689 22.875021 1.125052 0.069696
12395 1.167420 22.875000 1.375000 1.167374 22.875015 1.375047 0.067626
12401 1.157290 23.125000 0.125000 1.157222 23.125001 0.125052 0.085534
12402 1.133280 23.125000 0.625000 1.133220 23.125004 0.625051 0.079083
12403 1.132960 23.125000 0.875000 1.132895 23.125021 0.875053 0.086323
12404 1.141370 23.125000 1.125000 1.141309 23.125018 1.125062 0.088289
12405 1.167420 22.875000 1.375000 1.167382 22.875028 1.375058 0.074522
12406 1.150580 23.125000 1.375000 1.150520 23.125032 1.375060 0.090248
12411 1.137250 23.375000 1.375000 1.137222 23.375058 1.375072 0.096237
12418 1.164410 23.625000 2.125000 1.164339 23.625024 2.125066 0.099557
12419 1.610270 23.625000 0.625000 1.610208 23.625015 0.625049 0.080383
12420 1.625000 23.522200 0.625000 1.624940 23.522240 0.625054 0.089392
12421 1.625000 23.625000 0.604453 1.624938 23.625025 0.604495 0.078610
12428 1.801330 20.875000 1.625000 1.801308 20.875020 1.625036 0.046891
12429 1.875000 20.801700 1.625000 1.874973 20.801731 1.625059 0.072108
12430 1.875000 20.875000 1.534290 1.874962 20.875006 1.534324 0.051269
12432 1.875000 21.125000 1.622490 1.874974 21.125013 1.622551 0.067516
12435 1.799370 21.375000 0.375000 1.799371 21.375071 0.375057 0.090738
12436 1.875000 21.313000 0.375000 1.874973 21.313022 0.375039 0.052270
12437 1.875000 21.345000 0.125000 1.874972 21.345015 0.125049 0.057902
12438 1.872090 21.375000 0.125000 1.872054 21.375035 0.125052 0.072719
12439 1.875000 21.375000 0.437134 1.874958 21.375017 0.437186 0.068862
12442 1.875000 21.625000 0.226279 1.874952 21.625010 0.226320 0.064079
12443 1.735980 21.625000 0.375000 1.735941 21.625013 0.375054 0.067906
12444 1.875000 21.625000 0.503387 1.874978 21.625051 0.503435 0.072973
12445 1.855470 21.625000 1.875000 1.855418 21.625020 1.875065 0.085282
12446 1.875000 21.590700 1.875000 1.874971 21.590717 1.875035 0.048619
12447 1.875000 21.625000 1.852270 1.874971 21.625024 1.852328 0.069162
12449 1.735980 21.625000 0.375000 1.735931 21.625000 0.375057 0.075346
12450 1.875000 21.875000 0.175502 1.874935 21.874996 0.175543 0.077284
12451 1.792500 21.875000 0.375000 1.792448 21.875016 0.375048 0.072775
12452 1.875000 21.875000 0.546397 1.874980 21.875053 0.546433 0.066960
12454 1.875000 21.956300 0.125000 1.874962 21.956317 0.125056 0.069817
12455 1.817130 22.125000 0.125000 1.817087 22.125023 0.125055 0.073762
12456 1.777700 22.125000 0.375000 1.777664 22.125020 0.375054 0.068154
12458 1.837950 22.375000 0.125000 1.837905 22.375031 0.125064 0.084634
12459 1.798790 22.375000 0.375000 1.798758 22.375054 0.375049 0.079606
12460 1.875000 22.375000 0.486581 1.874964 22.375039 0.486645 0.083580
12461 1.786420 22.625000 0.125000 1.786389 22.625047 0.125058 0.080801
12462 1.777880 22.625000 0.375000 1.777833 22.625028 0.375045 0.070781
12463 1.874060 22.625000 0.625000 1.874008 22.625028 0.625059 0.083623
12464 1.875000 22.623200 0.625000 1.874965 22.623226 0.625049 0.065779
12465 1.875000 22.625000 0.626027 1.874981 22.625058 0.626098 0.093717
12466 1.747880 22.625000 1.125000 1.747833 22.625035 1.125044 0.073481
12467 1.875000 22.381900 1.125000 1.874963 22.381954 1.125065 0.092543
12468 1.875000 22.625000 0.988765 1.874936 22.625009 0.988812 0.079266
12469 1.809890 22.625000 1.375000 1.809837 22.625014 1.375038 0.066661
12470 1.875000 22.548500 1.375000 1.874948 22.548514 1.375064 0.084115
12471 1.743810 22.875000 0.125000 1.743759 22.875027 0.125047 0.074663
12472 1.749430 22.875000 0.375000 1.749374 22.875016 0.375043 0.072623
12473 1.733290 22.875000 0.625000 1.733255 22.875038 0.625050 0.072233
12474 1.875000 22.875000 0.784114 1.874935 22.875034 0.784170 0.091973
12477 1.740980 23.125000 0.375000 1.740913 23.125010 0.375039 0.078482
12478 1.748140 23.125000 0.625000 1.748068 23.125003 0.625046 0.085558
12479 1.748370 23.125000 0.875000 1.748314 23.125023 0.875050 0.078543
12480 1.875000 22.965900 0.875000 1.874956 22.965941 0.875050 0.078029
12481 1.875000 23.204000 0.125000 1.874911 23.203983 0.125050 0.103136
12482 1.737180 23.375000 0.125000 1.737111 23.375009 0.125041 0.080622
12483 1.728870 23.375000 0.375000 1.728822 23.375044 0.375051 0.082969
12484 1.641240 23.375000 0.625000 1.641176 23.375023 0.625044 0.081183
12485 1.748730 23.375000 0.875000 1.748676 23.375044 0.875046 0.082983
12486 1.875000 23.375000 1.121930 1.874944 23.375036 1.121982 0.084459
12487 1.875000 23.125000 1.000000 1.874958 23.125047 1.000060 0.086656
12488 1.722410 23.625000 0.125000 1.722355 23.625051 0.125051 0.090840
12489 1.712830 23.625000 0.375000 1.712757 23.625019 0.375048 0.088867
12490 1.703060 23.875000 0.125000 1.703008 23.875050 0.125042 0.083135
12491 1.722410 23.625000 0.125000 1.722366 23.625065 0.125052 0.094294
12492 1.749290 23.875000 0.375000 1.749230 23.875006 0.375060 0.085200
12495 2.125000 20.375000 0.500000 2.124958 20.375021 0.500043 0.063591
12496 1.999180 20.375000 0.625000 1.999171 20.375040 0.625065 0.077156
12497 2.010140 20.375000 0.875000 2.010126 20.375035 0.875048 0.060564
12498 2.125000 20.247100 0.875000 2.124969 20.247115 0.875059 0.067906
12499 2.125000 20.375000 0.988074 2.124993 20.375036 0.988123 0.061137
12500 1.890270 21.125000 0.125000 1.890248 21.125032 0.125056 0.067725
12501 1.999470 20.875000 0.375000 1.999451 20.875035 0.375042 0.057918
12502 1.936300 20.875000 0.125000 1.936266 20.875010 0.125043 0.056375
12503 1.999470 21.125000 0.375000 1.999445 21.125017 0.375039 0.049164
12504 1.966300 20.875000 0.625000 1.966312 20.875050 0.625049 0.071326
12505 1.999600 21.125000 0.625000 1.999567 21.125027 0.625055 0.069880
12506 1.981660 20.875000 0.875000 1.981638 20.875013 0.875051 0.056878
12507 1.975820 21.125000 0.875000 1.975798 21.125021 0.875042 0.051915
12511 2.125000 21.125000 1.137500 2.124973 21.125019 1.137542 0.053219
12512 2.000000 21.125000 1.375000 1.999973 21.125022 1.375048 0.059045
12513 1.964570 20.875000 1.375000 1.964540 20.875013 1.375051 0.060741
12514 1.999330 21.375000 0.625000 1.999292 21.375030 0.625050 0.069721
12515 1.930680 21.375000 0.875000 1.930641 21.375021 0.875058 0.072434
12516 1.974280 21.625000 0.125000 1.974237 21.625027 0.125048 0.069768
12517 1.994540 21.625000 0.625000 1.994512 21.625035 0.625052 0.068000
12518 1.972810 21.625000 0.875000 1.972788 21.625037 0.875057 0.071338
12519 1.898250 21.875000 0.125000 1.898212 21.875032 0.125056 0.075149
12520 1.914160 21.875000 0.625000 1.914107 21.875003 0.625047 0.070378
12521 1.931810 21.875000 0.875000 1.931781 21.875020 0.875052 0.062434
12522 1.998010 21.625000 1.125000 1.997972 21.625022 1.125038 0.057902
12523 2.000000 21.875000 1.125000 1.999959 21.875028 1.125046 0.067838
12527 1.898250 21.875000 0.125000 1.898213 21.875033 0.125057 0.075680
12528 1.988580 22.125000 0.625000 1.988576 22.125051 0.625048 0.069704
12529 2.039630 22.125000 0.875000 2.039592 22.125033 0.875061 0.079138
12532 1.956370 22.375000 0.625000 1.956327 22.375048 0.625062 0.089860
12533 1.986620 22.375000 0.875000 1.986581 22.375034 0.875049 0.071285
12534 1.988760 22.625000 0.875000 1.988689 22.625023 0.875042 0.085637
12535 1.881930 22.375000 1.125000 1.881874 22.375006 1.125029 0.063209
12536 1.965890 22.875000 0.875000 1.965821 22.875006 0.875034 0.077230
12537 2.000000 23.125000 1.125000 1.999930 23.125023 1.125038 0.083168
12538 1.878070 23.375000 1.125000 1.878024 23.375032 1.125050 0.075249
12539 2.375000 20.260100 1.625000 2.374989 20.260139 1.625060 0.072409
12543 2.487440 20.375000 1.875000 2.487419 20.375033 1.875050 0.063314
12547 2.875000 20.375000 2.019990 2.874979 20.375032 2.020048 0.069870
12549 1.625000 24.107900 0.375000 1.624917 24.107896 0.375060 0.102213
12550 1.625000 24.054000 0.125000 1.624933 24.054038 0.125043 0.088178
12551 0.375000 24.056000 0.625000 0.374922 24.055985 0.625048 0.093142
12552 0.375000 23.881400 0.875000 0.378259 23.914063 0.891141 36.578540
12553 3.125000 24.050200 0.875000 3.124947 24.050258 0.875060 0.098296
12555 0.125000 24.113600 1.125000 0.124927 24.113595 1.125037 0.081806
12556 0.361115 23.875000 1.125000 0.361051 23.875029 1.125051 0.087316
12558 2.625000 24.062400 1.125000 2.624907 24.062407 1.125044 0.103524
12559 3.125000 23.977400 1.125000 3.124941 23.977465 1.125059 0.106072
12563 2.875000 24.118000 1.375000 2.874919 24.118026 1.375037 0.092868
12564 0.625000 24.000600 1.625000 0.478760 24.277062 1.910035 423.157618
12573 0.375000 4.625000 -0.381585 0.375225 4.625018 -0.381542 0.230031
12574 0.375000 4.671020 -0.375000 0.375201 4.670996 -0.374942 0.209996
12575 0.375000 4.875000 -0.356749 0.375198 4.874968 -0.356684 0.210925
12576 0.375000 5.125000 -0.344416 0.375216 5.125003 -0.344362 0.222220
12577 0.375000 5.375000 -0.330284 0.375191 5.374976 -0.330223 0.202147
12578 0.375000 5.625000 -0.320180 0.375188 5.624983 -0.320128 0.196041
12588 0.625000 4.625000 -0.389025 0.625217 4.625009 -0.388974 0.222825
12603 0.875000 4.625000 -0.387190 0.875237 4.625035 -0.387150 0.242808
12604 0.875000 4.690360 -0.375000 0.875221 4.690370 -0.374947 0.227008
12680 2.375000 7.739840 -0.125000 2.375161 7.739857 -0.124954 0.168575
12681 2.325360 7.875000 -0.125000 2.325511 7.875018 -0.124949 0.159962
12695 3.066190 7.625000 -0.375000 3.066348 7.625033 -0.374975 0.163078
12696 3.125000 7.554400 -0.375000 3.125202 7.554426 -0.374959 0.207441
12702 2.375000 7.978650 0.125000 2.375162 7.978675 0.125050 0.171359
12703 2.375000 7.875000 -0.030321 2.375185 7.875047 -0.030271 0.197767
12725 2.375000 6.603370 1.125000 2.375170 6.603393 1.125056 0.180540
12726 2.365530 6.625000 1.125000 2.365724 6.625032 1.125064 0.206947
12727 2.375000 6.625000 0.926114 2.375199 6.625036 0.926180 0.212245
12728 2.375000 6.625000 1.237630 2.375159 6.625008 1.237693 0.171041
12729 2.375000 6.571440 1.875000 2.375183 6.571444 1.875046 0.188844
12730 2.321560 6.625000 1.875000 2.321737 6.625038 1.875048 0.186974
12731 2.375000 6.625000 1.662810 2.375202 6.625034 1.662863 0.211481
12732 2.375000 6.636490 0.875000 2.375175 6.636515 0.875046 0.182251
12733 2.333950 6.875000 0.875000 2.334142 6.875026 0.875050 0.199979
12734 2.375000 6.875000 0.833513 2.375169 6.875027 0.833563 0.178600
12735 2.348150 6.875000 1.125000 2.348318 6.875026 1.125060 0.180151
12736 2.375000 6.661100 1.375000 2.375182 6.661133 1.375053 0.192282
12737 2.318620 6.875000 1.375000 2.318795 6.875017 1.375047 0.182464
12738 2.375000 6.668590 1.625000 2.375192 6.668615 1.625057 0.202228
12739 2.330720 6.875000 1.625000 2.330894 6.875032 1.625038 0.180545
12740 2.274250 6.875000 1.875000 2.274434 6.875033 1.875070 0.199918
12741 2.375000 6.757370 2.125000 2.375194 6.757418 2.125056 0.207178
12742 2.293200 6.875000 2.125000 2.293368 6.875013 2.125034 0.172207
12743 2.375000 6.625000 1.954840 2.375180 6.625003 1.954879 0.184046
12744 2.375000 7.120050 0.625000 2.375170 7.120061 0.625044 0.176083
12745 2.370660 7.125000 0.625000 2.370857 7.125046 0.625058 0.210203
12747 2.308410 7.125000 0.875000 2.308618 7.125036 0.875067 0.221224
12748 2.330220 7.125000 1.125000 2.330404 7.125016 1.125056 0.193018
12749 2.294680 7.125000 1.375000 2.294862 7.125033 1.375054 0.192869
12750 2.301050 7.125000 1.625000 2.301242 7.125014 1.625048 0.198414
12751 2.267790 7.125000 1.875000 2.267969 7.125047 1.875059 0.194460
12752 2.240950 7.125000 2.125000 2.241126 7.125004 2.125020 0.177560
12755 2.375000 7.130030 0.625000 2.375166 7.130057 0.625049 0.174772
12757 2.296870 7.375000 0.875000 2.297023 7.375008 0.875049 0.160645
12758 2.330220 7.125000 1.125000 2.330404 7.125016 1.125056 0.193018
12759 2.290860 7.375000 1.125000 2.291029 7.375035 1.125070 0.186101
12760 2.278750 7.375000 1.375000 2.278903 7.375022 1.375073 0.170857
12761 2.262640 7.375000 1.625000 2.262802 7.375016 1.625063 0.174771
12762 2.248340 7.375000 1.875000 2.248507 7.375016 1.875057 0.177306
12763 2.214120 7.375000 2.125000 2.214309 7.374996 2.125010 0.189323
12765 2.375000 7.625000 0.768756 2.375173 7.625041 0.768815 0.187758
12766 2.291200 7.625000 0.875000 2.291379 7.625022 0.875050 0.186937
12767 2.252770 7.625000 1.125000 2.252916 7.625001 1.125044 0.152423
12768 2.250480 7.625000 1.375000 2.250682 7.625047 1.375062 0.216617
12769 2.246030 7.625000 1.625000 2.246185 7.625005 1.625048 0.162122
12770 2.215450 7.625000 1.875000 2.215632 7.625047 1.875058 0.196894
12771 2.197500 7.625000 2.125000 2.197674 7.625048 2.125080 0.197844
12773 2.375000 7.777800 0.375000 2.375189 7.777831 0.375066 0.202405
12774 2.317540 7.875000 0.375000 2.317685 7.875012 0.375040 0.151323
12776 2.375000 7.758480 0.625000 2.375173 7.758511 0.625055 0.184390
12777 2.274340 7.875000 0.625000 2.274500 7.875013 0.625061 0.171801
12778 2.290430 7.875000 0.875000 2.290590 7.875015 0.875038 0.164779
12779 2.268340 7.875000 1.125000 2.268490 7.875014 1.125036 0.154593
12780 2.250800 7.875000 1.375000 2.250957 7.875020 1.375057 0.168104
12781 2.240930 7.875000 1.625000 2.241099 7.875020 1.625056 0.178749
12782 2.207440 7.875000 1.875000 2.207610 7.875014 1.875034 0.173673
12788 2.625000 6.875000 0.779362 2.625170 6.875028 0.779426 0.183353
12789 2.378240 6.625000 0.875000 2.378403 6.625017 0.875047 0.170400
12790 2.390810 6.625000 1.375000 2.390985 6.625017 1.375038 0.180404
12791 2.386840 6.625000 1.625000 2.387009 6.625004 1.625048 0.175667
12792 2.428460 6.625000 2.125000 2.428634 6.625052 2.125051 0.188901
12793 2.405290 7.125000 0.625000 2.405480 7.125056 0.625056 0.205825
12795 2.481600 7.375000 0.625000 2.481736 7.375000 0.625039 0.141857
12797 2.625000 7.149940 0.625000 2.625184 7.149980 0.625066 0.199765
12802 2.625000 7.649280 0.625000 2.625164 7.649282 0.625047 0.170543
12807 2.875000 6.990770 0.875000 2.875169 6.990796 0.875052 0.178617
12808 2.729380 7.125000 0.875000 2.729531 7.125023 0.875037 0.157139
12810 2.875000 7.375000 0.559370 2.875157 7.375030 0.559442 0.175308
12811 2.875000 7.313190 0.625000 2.875171 7.313214 0.625053 0.180418
12825 2.967520 7.125000 0.625000 2.967692 7.125012 0.625036 0.176090
12840 3.125000 7.534320 0.625000 3.125183 7.534333 0.625055 0.191999
12841 3.073490 7.625000 0.625000 3.073669 7.625031 0.625045 0.187744
12843 3.125000 7.625000 0.981784 3.125135 7.625042 0.981836 0.150682
12848 3.125000 7.720880 0.875000 3.125155 7.720913 0.875023 0.160009
12855 2.246180 8.125000 0.375000 2.246361 8.125038 0.375061 0.194630
12858 2.273220 8.125000 0.625000 2.273371 8.125026 0.625046 0.159632
12866 2.284010 8.125000 0.875000 2.284167 8.125017 0.875053 0.166489
12869 2.262320 8.125000 1.375000 2.262467 8.125001 1.375025 0.149474
12870 2.239650 8.125000 1.625000 2.239814 8.125007 1.625052 0.171823
12871 2.180350 8.125000 1.875000 2.180522 8.125028 1.875073 0.188790
12872 2.129910 8.125000 2.125000 2.130084 8.125030 2.125075 0.191478
12875 2.125000 8.125000 2.176050 2.125196 8.125047 2.176122 0.213880
12894 0.125000 24.125000 -0.345391 0.124930 24.124967 -0.345325 0.101370
12895 0.375000 24.125000 -0.293575 0.374918 24.124990 -0.293506 0.107974
12896 0.125000 24.375000 -0.317665 0.124925 24.374948 -0.317580 0.124908
12901 0.185460 25.125000 -0.375000 -0.046711 25.363400 -0.090230 437.985872
12905 0.375000 25.308300 -0.375000 0.127879 25.560979 -0.090156 453.928753
12906 0.375000 25.375000 -0.386268 0.122232 25.627781 -0.101142 457.260269
12907 0.125000 25.375000 -0.399986 -0.127214 25.608425 -0.114746 446.610708
12908 0.375000 25.625000 -0.449031 0.102538 25.877148 -0.163814 468.148390
12909 0.125000 25.625000 -0.430907 0.124904 25.624992 -0.430851 0.111730
12910 0.375000 25.875000 -0.444792 0.374911 25.875010 -0.444743 0.102351
12911 0.125000 25.875000 -0.425412 0.124895 25.874990 -0.425362 0.116786
12912 0.375000 26.125000 -0.426877 0.374883 26.124959 -0.426807 0.142566
12913 0.125000 26.125000 -0.400733 0.124897 26.125022 -0.400691 0.113449
12914 0.375000 26.375000 -0.422916 0.374893 26.374992 -0.422862 0.119645
12915 0.125000 26.375000 -0.383707 0.124899 26.375019 -0.383664 0.111717
12918 0.125000 26.625000 -0.985990 0.124891 26.625002 -0.985941 0.119821
12919 0.125000 26.704700 -0.875000 0.124896 26.704695 -0.874954 0.113352
12920 0.375000 26.625000 -0.945764 0.386711 26.721105 -0.981831 103.315668
12921 0.375000 26.667700 -0.875000 0.374885 26.667708 -0.874957 0.122618
12922 0.375000 26.875000 -0.694684 0.390525 26.965128 -0.728029 97.344856
12923 0.125000 26.875000 -0.662480 0.129212 26.965815 -0.694650 96.436165
12924 0.375000 26.875000 -0.434825 0.410170 26.972794 -0.476350 111.914355
12925 0.125000 26.875000 -0.439006 0.124886 26.874994 -0.438948 0.127634
12926 0.375000 27.125000 -0.714696 -0.014836 27.372571 -0.429377 542.835849
12927 0.125000 27.125000 -0.729524 -0.263897 27.352945 -0.444270 533.450276
12928 0.375000 27.125000 -0.408086 0.401287 27.214293 -0.443864 99.720863
12929 0.125000 27.125000 -0.414418 0.124886 27.125013 -0.414373 0.123433
12930 0.375000 27.375000 -0.819616 -0.034685 27.621698 -0.534075 556.987344
12931 0.125000 27.375000 -0.758880 -0.283767 27.602128 -0.473403 547.882592
12932 0.375000 27.367400 -0.375000 0.403356 27.470914 -0.416882 115.209955
12933 0.365308 27.375000 -0.375000 0.411856 27.585452 -0.438946 224.823960
12934 0.125000 27.375000 -0.403983 0.139876 27.581413 -0.477466 219.607443
12936 0.375000 27.625000 -0.774510 0.419772 27.882312 -0.902320 290.774026
12938 0.365308 27.375000 -0.375000 0.409093 27.611074 -0.426836 245.631846
12939 0.306123 27.625000 -0.375000 0.295215 27.932773 -0.404689 309.393830
12940 0.125000 27.625000 -0.411059 0.133502 27.888614 -0.509398 281.487344
12941 0.375000 27.625000 -0.364477 0.420777 27.868051 -0.447189 260.788153
12942 0.125000 27.726000 -0.875000 0.124867 27.725988 -0.874942 0.145354
12944 0.281852 27.875000 -0.375000 0.106860 28.256193 -0.266299 433.296425
12945 0.125000 27.875000 -0.405117 0.038318 28.239107 -0.443777 376.274134
12946 0.375000 27.875000 -0.357401 0.406581 28.075044 -0.450609 222.941236
12951 0.550042 24.625000 -1.375000 0.551092 24.633615 -1.366125 12.412845
12952 0.625000 24.625000 -1.295730 0.624928 24.625019 -1.295682 0.088906
12953 0.625000 24.476800 -1.375000 0.624932 24.476816 -1.374952 0.084686
12957 0.625000 24.875000 -0.370159 0.624911 24.875001 -0.370097 0.108529
12960 0.625000 25.375000 -0.381331 0.371286 25.647448 -0.096113 468.986366
12961 0.625000 25.625000 -0.420883 0.352062 25.896442 -0.135809 479.002071
12962 0.625000 25.875000 -0.441092 0.632690 25.893000 -0.442305 19.611015
12963 0.625000 26.125000 -0.447280 0.638280 26.150465 -0.453625 29.412083
12965 0.375000 26.375000 -0.990354 0.383795 26.462919 -1.012457 91.080730
12966 0.625000 26.625000 -0.895326 0.641238 26.689458 -0.922786 71.920183
12967 0.625000 26.375000 -0.985282 0.639056 26.438760 -1.008623 69.338087
12968 0.625000 26.625000 -0.462925 0.656754 26.680544 -0.487530 68.547866
12969 0.625000 26.645300 -0.875000 0.624878 26.645272 -0.874926 0.145112
12970 0.625000 26.875000 -0.686395 0.624885 26.874991 -0.686330 0.132203
12971 0.625000 26.875000 -0.450629 0.680064 26.980861 -0.490508 125.812820
12974 0.625000 26.932000 -1.375000 0.250033 27.199375 -1.089904 541.636215
12976 0.625000 27.125000 -0.694528 0.234300 27.392310 -0.409156 552.755110
12977 0.625000 27.125000 -0.435591 0.624875 27.124987 -0.435524 0.142368
12978 0.625000 27.375000 -0.790937 0.214635 27.641530 -0.505501 566.489792
12979 0.625000 27.375000 -0.396711 0.624864 27.374984 -0.396641 0.153918
12980 0.385507 27.375000 -0.375000 0.385374 27.374979 -0.374930 0.151198
12981 0.625000 27.625000 -0.826641 0.624893 27.625010 -0.826599 0.115125
12982 0.625000 27.625000 -0.389811 0.714694 27.816235 -0.481359 230.210887
12983 0.476345 27.625000 -0.375000 0.476210 27.624977 -0.374934 0.151977
12985 0.470184 27.875000 -0.875000 0.020785 28.127552 -0.589227 589.413347
12987 0.476345 27.625000 -0.375000 0.476219 27.624996 -0.374945 0.137318
12988 0.625000 27.875000 -0.383734 0.671645 27.985179 -0.440580 132.463528
12989 0.538196 27.875000 -0.375000 0.538048 27.874965 -0.374911 0.175969
12991 0.875000 24.328500 -0.375000 0.876821 24.333326 -0.373639 5.334525
12992 0.817909 24.375000 -0.375000 0.817845 24.375039 -0.374958 0.085488
12993 0.875000 24.375000 -0.365793 0.877080 24.380803 -0.364526 6.293914
12994 0.875000 24.625000 -1.256850 0.874909 24.624982 -1.256788 0.111250
12995 0.875000 24.381300 -1.375000 0.874939 24.381309 -1.374945 0.082587
12996 0.677250 24.625000 -0.375000 0.677174 24.625031 -0.374959 0.091932
12997 0.875000 24.625000 -0.306272 0.878326 24.634532 -0.304997 10.175737
12998 0.875000 24.875000 -0.264150 0.883214 24.895670 -0.263717 22.245966
12999 0.875000 25.125000 -0.264253 0.810934 25.304280 -0.024440 306.196308
13000 0.702700 25.375000 -0.375000 0.449400 25.653054 -0.090137 471.827779
13001 0.875000 25.375000 -0.336816 0.621170 25.666498 -0.051939 480.162578
13002 0.875000 25.485600 -0.375000 0.612427 25.776828 -0.090026 484.735944
13003 0.875000 25.625000 -0.392035 0.601498 25.915840 -0.107038 490.524257
13004 0.875000 25.875000 -0.399475 0.582075 26.165055 -0.114492 501.151158
13005 0.875000 26.125000 -0.403916 0.765640 26.338855 -0.181045 327.665856
13006 0.875000 26.375000 -0.418714 0.761602 26.603566 -0.202334 334.546813
13007 0.875000 26.625000 -0.876197 0.894650 26.678654 -0.898380 61.294074
13008 0.875000 26.375000 -0.992133 0.901466 26.472660 -1.020190 105.000593
13009 0.875000 26.625000 -0.423302 0.800874 26.853328 -0.236545 304.149245
13011 0.625000 26.801800 -1.375000 0.624885 26.801806 -1.374954 0.123911
13012 0.875000 26.626500 -0.875000 0.894443 26.678626 -0.897040 59.841117
13013 0.875000 26.875000 -0.724455 0.900544 26.937259 -0.748028 71.304491
13014 0.875000 26.875000 -0.419840 0.763611 27.122509 -0.236128 327.746856
13016 0.875000 27.125000 -0.428917 0.912432 27.183248 -0.451826 72.929773
13018 0.875000 27.375000 -0.414823 0.941040 27.475716 -0.456180 127.339811
13021 0.875000 27.625000 -0.876647 0.444071 27.910352 -0.591094 590.479237
13022 0.875000 27.625000 -0.401939 0.912467 27.675438 -0.429206 68.492015
13023 0.875000 27.875000 -0.951226 0.424137 28.159229 -0.665384 604.788957
13025 0.875000 27.875000 -0.394237 0.964769 28.012399 -0.462510 177.758749
13026 0.900831 24.125000 -0.375000 0.900772 24.125030 -0.374959 0.078110
13027 0.996981 24.375000 -0.125000 1.001822 24.385889 -0.123801 11.976645
13028 1.035750 24.125000 -0.125000 1.035680 24.125021 -0.124951 0.088004
13029 0.962270 24.625000 -0.125000 0.968592 24.639653 -0.123550 16.024251
13030 0.940892 24.875000 -0.125000 0.952031 24.900695 -0.123823 28.029873
13031 0.943134 25.125000 -0.125000 0.901465 25.298283 0.115755 299.543209
13032 0.983893 25.375000 -0.125000 0.729656 25.675017 0.159985 485.657550
13033 0.916784 25.625000 -0.375000 0.643259 25.919045 -0.090041 492.422583
13034 1.078900 25.625000 -0.125000 0.804875 25.931712 0.159978 500.374594
13035 0.916784 25.625000 -0.375000 0.874955 25.797808 -0.159691 279.231410
13036 0.936350 25.875000 -0.375000 0.885399 26.055669 -0.165950 280.960998
13037 1.022970 25.875000 -0.125000 0.932956 26.087724 0.120640 337.183732
13038 0.942341 26.125000 -0.375000 0.876900 26.329677 -0.162654 302.102326
13040 0.972457 26.375000 -0.375000 0.908741 26.599484 -0.168765 311.425159
13041 1.069370 26.375000 -0.125000 0.736832 26.678855 0.160089 533.089574
13042 0.901437 26.625000 -1.625000 0.901323 26.624987 -1.624954 0.123201
13043 0.875000 26.625000 -1.598560 0.874882 26.624974 -1.598498 0.135803
13044 0.875000 26.589000 -1.625000 0.874893 26.589017 -1.624942 0.122725
13045 1.125000 26.425500 -0.875000 1.150434 26.474994 -0.895408 59.270998
13046 1.125000 26.375000 -0.925472 1.148708 26.431142 -0.946400 64.435377
13047 0.876164 26.625000 -0.875000 0.895362 26.675959 -0.896799 58.656682
13048 1.125000 26.625000 -0.727425 1.169693 26.727132 -0.755443 114.949568
13049 1.010260 26.625000 -0.375000 0.902597 26.878213 -0.161780 348.096117
13050 1.125000 26.625000 -0.163281 1.124885 26.625011 -0.163236 0.124444
13051 1.125000 26.600000 -0.125000 1.124894 26.600017 -0.124956 0.116308
13054 1.125000 26.875000 -0.730967 0.752363 27.182297 -0.445639 560.983315
13055 1.045390 26.875000 -0.375000 0.674191 27.175742 -0.089966 556.308071
13059 1.087050 27.125000 -0.375000 0.695980 27.428425 -0.089881 571.223172
13063 1.125000 27.375000 -0.897068 0.712618 27.681036 -0.611488 587.599702
13064 1.100540 27.375000 -0.375000 1.158321 27.458099 -0.399731 104.191148
13066 1.125000 27.625000 -0.907377 1.176182 27.715109 -0.958908 115.735823
13067 1.125000 27.434500 -0.375000 0.709713 27.740901 -0.089863 589.617128
13068 1.125000 27.625000 -0.386436 0.693367 27.931252 -0.100813 601.396762
13069 1.125000 27.875000 -0.904854 0.673052 28.179546 -0.619026 615.388655
13070 1.125000 27.875000 -0.392773 1.201377 27.958280 -0.435928 120.960648
13071 1.353440 25.625000 -0.375000 1.291704 25.857001 -0.144980 332.483006
13072 1.375000 25.596400 -0.375000 1.374893 25.596411 -0.374946 0.120550
13074 1.176750 25.625000 -0.125000 1.157992 25.814060 0.093958 289.893797
13077 1.300790 25.875000 -0.375000 1.006521 26.198374 -0.089961 521.931372
13078 1.237570 25.875000 -0.125000 1.141109 26.113092 0.124750 358.284006
13080 1.268390 26.125000 -0.375000 1.217598 26.358468 -0.163195 319.294139
13081 1.237570 25.875000 -0.125000 1.141259 26.112937 0.124581 358.023218
13082 1.276290 26.125000 -0.125000 1.212194 26.365932 0.114635 345.805817
13083 1.175470 26.375000 -0.875000 1.199150 26.417565 -0.893114 51.967729
13084 1.125000 26.135200 -1.125000 1.153829 26.214602 -1.153583 89.178642
13085 1.140510 26.125000 -1.125000 1.169291 26.202521 -1.153517 87.470825
13086 1.375000 26.217100 -0.875000 1.374881 26.217096 -0.874932 0.137295
13087 1.375000 26.125000 -0.993622 1.374915 26.125046 -0.993577 0.107187
13088 1.375000 26.375000 -0.705625 1.405459 26.433738 -0.720020 67.713801
13090 1.232450 26.375000 -0.375000 1.133412 26.629484 -0.154817 350.786457
13091 1.206790 26.375000 -0.125000 1.098430 26.631718 0.119827 370.925803
13092 1.375000 26.625000 -0.724692 1.020536 26.952783 -0.439042 560.965112
13094 1.306200 26.625000 -0.375000 0.953731 26.946711 -0.089922 555.879482
13095 1.206790 26.375000 -0.125000 1.097503 26.631574 0.119635 370.971658
13096 1.375000 26.875000 -0.739074 1.001141 27.202031 -0.453502 572.949360
13099 1.375000 27.125000 -0.818534 0.981831 27.451254 -0.533094 585.234978
13102 1.375000 27.375000 -0.882786 0.962673 27.700202 -0.597510 597.622066
13103 1.375000 27.343900 -0.875000 0.965151 27.669217 -0.589752 595.964721
13108 1.585510 24.375000 -0.125000 1.585430 24.375010 -0.124953 0.093378
13109 1.625000 24.293700 -0.125000 1.624931 24.293728 -0.124952 0.088197
13110 1.625000 24.375000 -0.157398 1.624915 24.375006 -0.157342 0.102397
13111 1.625000 24.418700 -0.125000 1.624937 24.418726 -0.124961 0.078733
13112 1.502240 25.375000 -0.125000 1.502149 25.375029 -0.124950 0.107590
13113 1.625000 25.314200 -0.125000 1.652522 25.366835 -0.122859 59.434889
13114 1.625000 25.375000 -0.320298 1.657476 25.447141 -0.317854 79.152129
13115 1.625000 25.423700 -0.375000 1.624891 25.423699 -0.374932 0.128710
13119 1.625000 26.125000 -1.543170 1.309968 26.473046 -1.258138 549.203413
13120 1.625000 26.325400 -1.625000 1.624901 26.325442 -1.624956 0.116239
13121 1.463040 26.125000 -1.625000 1.148603 26.460299 -1.339984 540.860027
13122 1.375000 26.232400 -1.375000 1.374889 26.232416 -1.374940 0.127527
13123 1.530070 26.125000 -1.375000 1.529968 26.125039 -1.374950 0.120420
13124 1.375000 26.125000 -1.590160 1.412744 26.296152 -1.615134 177.035116
13125 1.375000 26.125000 -1.288030 1.374884 26.125016 -1.287968 0.132642
13126 1.625000 26.125000 -0.975096 1.624903 26.125015 -0.975049 0.108902
13127 1.625000 26.197700 -0.875000 1.624884 26.197723 -0.874951 0.127490
13128 1.625000 26.375000 -0.667468 1.669807 26.484168 -0.679286 118.595803
13133 1.625000 26.625000 -0.753665 1.269939 26.972303 -0.468075 572.930001
13138 1.625000 26.875000 -0.741129 1.250144 27.221682 -0.455420 585.093861
13144 1.625000 27.125000 -0.907544 1.231175 27.470746 -0.622138 596.736799
13146 1.625000 27.131800 -0.875000 1.624893 27.131828 -0.874959 0.117715
13147 1.387290 27.375000 -0.875000 1.125317 27.713214 -0.662215 477.803366
13148 1.625000 27.375000 -0.770405 1.412022 27.725746 -0.573520 455.132918
13150 1.505740 27.625000 -0.875000 1.194458 27.977318 -0.650674 520.909381
13153 1.625000 27.688300 -0.875000 1.624887 27.688331 -0.874947 0.128886
13155 1.875000 24.242500 -0.125000 1.874919 24.242507 -0.124950 0.095263
13157 1.875000 24.570700 -0.125000 1.900171 24.615603 -0.122737 51.526091
13158 1.875000 25.307500 -0.125000 1.909512 25.370803 -0.121063 72.206961
13159 1.875000 25.375000 -0.307308 1.909311 25.439957 -0.306400 73.467335
13160 1.875000 25.437200 -0.375000 1.612359 25.807283 -0.089574 536.105811
13163 1.855290 26.125000 -0.625000 1.539824 26.491048 -0.339910 561.058040
13164 1.875000 26.111100 -0.625000 1.874905 26.111150 -0.624968 0.111940
13165 1.875000 26.125000 -1.773960 1.559220 26.492471 -1.488918 562.139321
13166 1.875000 26.200500 -1.875000 1.874928 26.200563 -1.874967 0.100808
13168 1.625000 26.171900 -1.875000 1.624878 26.171906 -1.874980 0.124121
13169 1.755090 26.125000 -0.875000 1.801822 26.220204 -0.895040 107.932379
13170 1.875000 26.210400 -0.625000 1.919840 26.307470 -0.633253 107.244085
13171 1.875000 26.375000 -0.646237 1.539140 26.742427 -0.360732 573.862696
13174 1.875000 26.625000 -0.491335 1.874892 26.625027 -0.491294 0.118675
13175 1.875000 26.875000 -0.731302 1.500567 27.240771 -0.446039 596.123553
13178 1.875000 27.125000 -2.066820 1.874912 27.125035 -2.066765 0.109160
13180 1.625000 27.125000 -1.931000 1.624869 27.125007 -1.930954 0.139316
13181 1.875000 27.072500 -1.125000 1.874897 27.072540 -1.124952 0.119869
13182 1.703850 27.125000 -1.125000 1.526535 27.470006 -0.952998 424.327942
13184 1.875000 27.125000 -0.964606 1.481576 27.490275 -0.679672 607.778964
13185 1.652460 27.125000 -0.875000 1.259782 27.472867 -0.590128 596.958511
13186 1.875000 27.125000 -0.839326 1.625740 27.482969 -0.613490 491.196746
13188 1.875000 27.171100 -1.125000 1.874882 27.171107 -1.124938 0.133373
13191 1.707190 27.625000 -0.875000 1.730753 27.688474 -0.894167 70.366744
13192 1.875000 27.522800 -0.875000 1.923422 27.653402 -0.908196 143.190290
13196 2.125000 24.125000 -0.372703 2.124912 24.125000 -0.372643 0.106958
13199 2.125000 25.320100 -0.125000 2.163135 25.384389 -0.120917 74.860074
13200 2.125000 25.375000 -0.285595 2.162759 25.439807 -0.284761 75.009134
13201 2.125000 25.449900 -0.375000 1.860503 25.839518 -0.089518 550.691217
13204 2.125000 26.019700 -0.625000 2.124927 26.019762 -0.624968 0.101588
13205 2.099070 26.375000 -1.875000 1.762959 26.759245 -1.589863 584.737488
13206 2.125000 26.375000 -1.900930 2.124902 26.375017 -1.900889 0.107670
13207 2.125000 26.232000 -2.125000 2.124888 26.232018 -2.124966 0.118468
13208 1.875000 26.204600 -2.125000 1.874915 26.204650 -2.124966 0.104043
13209 2.125000 26.375000 -1.847440 1.788435 26.761693 -1.562130 586.693108
13211 1.934250 26.375000 -0.625000 1.934187 26.375077 -0.624966 0.105335
13212 2.125000 26.406700 -1.875000 2.124899 26.406719 -1.874963 0.109259
13213 2.125000 26.495400 -0.875000 2.149795 26.688578 -0.852121 196.101602
13216 2.125000 26.452500 -0.625000 2.124895 26.452510 -0.624938 0.122531
13218 2.125000 26.726700 -0.875000 1.997520 27.086331 -0.669913 433.181511
13222 2.125000 27.101000 -1.375000 2.124873 27.101012 -1.374925 0.147814
13225 2.125000 27.020700 -1.125000 2.124898 27.020745 -1.124973 0.114542
13226 2.125000 27.125000 -1.047820 2.124862 27.125018 -1.047765 0.150122
13227 2.125000 27.125000 -0.719715 1.728645 27.510736 -0.433690 622.655814
13230 2.125000 27.146400 -1.375000 2.124883 27.146432 -1.374956 0.128756
13231 2.125000 27.202200 -1.125000 2.124887 27.202221 -1.124938 0.130662
13232 2.000000 27.375000 -0.875000 1.923366 27.590816 -0.815475 236.627431
13233 2.125000 27.375000 -1.000000 2.124860 27.374997 -0.999942 0.152114
13234 2.125000 27.250000 -0.875000 2.124881 27.250048 -0.874946 0.139482
13238 2.375000 25.361600 -0.125000 2.374915 25.361662 -0.124969 0.110191
13239 2.375000 25.375000 -0.215936 2.374943 25.375067 -0.215913 0.091195
13240 2.375000 25.427200 -0.375000 2.374915 25.427234 -0.374937 0.111115
13243 2.158690 25.875000 -1.625000 2.193886 25.937924 -1.654019 77.719341
13244 2.125000 25.908700 -1.625000 2.124906 25.908735 -1.624945 0.113946
13245 2.375000 25.875000 -1.405960 2.433146 25.965478 -1.439453 112.645600
13246 2.375000 25.911000 -1.375000 2.374912 25.911046 -1.374954 0.109472
13247 2.125000 25.887600 -1.375000 2.179376 25.985764 -1.407571 116.849789
13248 2.125000 25.875000 -1.359790 2.184133 25.989766 -1.392082 133.081206
13249 2.375000 25.875000 -1.324720 2.432717 25.965787 -1.354845 111.717989
13250 2.375000 26.003100 -0.625000 2.429260 26.103479 -0.629388 114.190260
13254 2.375000 26.171700 -2.125000 2.374954 26.171772 -2.124977 0.087992
13255 2.236540 26.375000 -1.875000 2.187563 26.699785 -1.774260 343.558888
13257 2.375000 26.125000 -1.982010 2.374900 26.125034 -1.981938 0.127849
13258 2.375000 26.454200 -0.625000 2.374894 26.454218 -0.624942 0.121686
13261 2.375000 27.125000 -1.452870 2.160986 27.517742 -1.261987 486.296777
13262 2.375000 27.058000 -1.375000 2.374872 27.058023 -1.374957 0.136329
13263 2.216920 27.125000 -1.125000 1.821707 27.516323 -0.839786 625.038787
13264 2.375000 27.125000 -1.328200 1.979715 27.529356 -1.043144 633.253701
13265 2.375000 27.125000 -0.729137 1.980081 27.529397 -0.443909 633.129482
13266 2.375000 26.875000 -0.674425 1.999030 27.279743 -0.389137 621.739100
13268 2.375000 27.359100 -1.375000 2.374876 27.359145 -1.374965 0.135980
13270 2.375000 27.178600 -0.875000 2.374888 27.178639 -0.874952 0.127782
13274 2.625000 24.506400 -0.375000 2.624933 24.506443 -0.374939 0.100427
13275 2.411900 24.375000 -0.375000 2.411802 24.375025 -0.374939 0.118420
13276 2.625000 24.375000 -0.500356 2.624937 24.375029 -0.500307 0.085364
13277 2.426700 25.375000 -0.125000 2.426605 25.375043 -0.124955 0.113588
13278 2.625000 25.466800 -0.375000 2.624907 25.466848 -0.374967 0.110060
13279 2.625000 25.625000 -0.429313 2.345022 26.053400 -0.143659 586.099322
13282 2.625000 25.875000 -1.426650 2.624878 25.875007 -1.426559 0.151677
13283 2.625000 25.943800 -1.375000 2.683565 26.036506 -1.403007 113.175479
13284 2.625000 25.875000 -1.189530 2.691999 25.986174 -1.212460 131.811335
13285 2.402020 26.125000 -0.875000 2.454317 26.226740 -0.886562 114.977045
13287 2.375000 26.117200 -0.875000 2.422517 26.201195 -0.888066 97.383976
13288 2.375000 25.875000 -1.001870 2.374918 25.875026 -1.001830 0.094183
13289 2.625000 25.875000 -1.083240 2.624911 25.875018 -1.083166 0.117387
13290 2.625000 26.014800 -0.625000 2.683873 26.114314 -0.629193 115.700173
13291 2.625000 26.125000 -0.752689 2.305877 26.552085 -0.466972 604.876379
13292 2.453290 26.125000 -2.125000 2.453187 26.125019 -2.124933 0.124133
13293 2.625000 26.263500 -0.875000 2.295018 26.690227 -0.589301 610.415930
13294 2.625000 26.457700 -0.625000 2.624892 26.457731 -0.624935 0.129685
13296 2.463190 26.875000 -0.625000 2.244037 27.269148 -0.382862 511.870637
13297 2.625000 26.733000 -0.625000 2.624916 26.733064 -0.624959 0.113472
13298 2.463000 27.125000 -1.375000 2.193877 27.527537 -1.153370 532.524940
13299 2.469040 27.125000 -0.625000 2.073887 27.536803 -0.339698 638.063104
13300 2.625000 27.250000 -0.875000 2.327092 27.668209 -0.626930 570.251506
13301 2.595280 27.375000 -0.625000 2.179692 27.796001 -0.339557 656.835349
13302 2.625000 27.375000 -0.642228 2.624878 27.375022 -0.642179 0.133737
13309 2.735410 25.625000 -1.875000 2.735327 25.625041 -1.874944 0.108164
13313 2.625000 25.733400 -1.625000 2.336495 26.161487 -1.339382 589.975205
13316 2.717850 26.125000 -1.875000 2.717750 26.125056 -1.874951 0.124875
13319 2.875000 26.125000 -1.817410 2.554794 26.571831 -1.531665 619.548553
13322 2.718290 25.875000 -1.125000 2.418445 26.309998 -0.839363 600.598254
13323 2.875000 25.977900 -1.125000 2.566367 26.425123 -0.839203 613.957160
13325 2.875000 26.052700 -0.625000 2.560509 26.499696 -0.339173 616.771358
13326 2.875000 26.125000 -0.706939 2.554851 26.571822 -0.421075 619.566894
13330 2.875000 26.185500 -1.125000 2.550084 26.632123 -0.839180 621.880445
13331 2.778910 26.375000 -1.125000 2.853355 26.493945 -1.149134 142.381706
13333 2.695850 26.375000 -0.875000 2.748905 26.545823 -0.836758 182.914670
13335 2.625000 26.405100 -0.875000 2.624893 26.405145 -0.874948 0.126684
13337 2.785230 26.625000 -0.625000 2.785127 26.625060 -0.624939 0.133793
13339 2.759090 26.875000 -1.375000 2.380891 27.310890 -1.089351 643.917511
13342 2.625000 26.769600 -0.875000 2.624874 26.769628 -0.874953 0.136995
13347 3.125000 24.375000 -0.250000 3.124914 24.375052 -0.249959 0.109220
13348 3.125000 24.250000 -0.125000 3.124925 24.250049 -0.124975 0.093065
13349 2.875000 24.375000 -0.246518 2.874924 24.375051 -0.246469 0.104293
13350 2.875000 24.253500 -0.125000 2.874918 24.253536 -0.124941 0.107048
13351 2.875000 24.508300 -0.375000 2.874928 24.508363 -0.374941 0.112482
13352 3.125000 24.512600 -0.375000 3.124920 24.512663 -0.374953 0.112398
13379 2.962390 26.875000 -1.375000 2.582583 27.327228 -1.088883 656.221094
13530 1.125000 28.125000 -0.995085 0.653478 28.428167 -0.709104 629.307961
13533 0.625000 27.932700 -0.875000 0.624879 27.932691 -0.874941 0.134955
13534 2.499490 28.125000 -0.875000 2.100168 28.548083 -0.619056 635.582173
13535 2.625000 28.125000 -0.710790 2.223778 28.554995 -0.449122 643.696384
13536 2.625000 27.944300 -0.875000 2.227594 28.371126 -0.612461 639.561382
13539 3.015800 28.125000 -0.875000 2.537268 28.578444 -0.588508 718.805745
13540 0.344427 28.125000 -0.375000 0.040504 28.497839 -0.196540 513.055699
13541 0.125000 28.125000 -0.412798 -0.345593 28.348149 -0.125282 594.910788
13542 0.625000 28.125000 -0.381791 0.692206 28.311634 -0.475508 219.389212
13544 0.875000 28.125000 -0.398126 0.938183 28.230789 -0.452856 134.829034
13545 1.125000 28.125000 -0.394352 1.260719 28.287218 -0.474583 226.210774
13556 0.375000 28.125000 -0.369538 -0.097221 28.369185 -0.082048 604.374993
13558 1.625000 24.125000 0.038511 1.624917 24.125031 0.038568 0.104663
13560 2.125000 24.375000 -0.016426 2.124932 24.375029 -0.016380 0.087094
13562 2.125000 24.509200 0.125000 2.124899 24.509192 0.125029 0.105725
13563 1.625000 25.375000 0.100401 1.624902 25.375027 0.100450 0.112710
13564 2.375000 25.375000 -0.035920 2.374925 25.375061 -0.035871 0.108791
13570 -3.125000 9.125000 0.814407 -3.124858 9.124956 0.814426 0.149900
13572 -3.134720 9.125000 0.875000 -3.134620 9.124962 0.875062 0.123143
13573 -3.125000 9.373460 0.625000 -3.124859 9.373402 0.625060 0.164173
13579 -3.199980 9.625000 0.375000 -3.199844 9.624966 0.375067 0.155385
13585 -3.125000 9.625000 0.436786 -3.124827 9.624936 0.436854 0.196308
13589 -3.125000 9.407120 1.875000 -3.124878 9.407074 1.875050 0.139764
13590 -3.162160 9.375000 1.875000 -3.161996 9.374935 1.875051 0.183771
13594 -3.179640 9.875000 0.375000 -3.179476 9.874915 0.375034 0.188059
13595 -3.295490 9.875000 0.125000 -3.295361 9.874932 0.125060 0.157881
13601 -3.177800 10.125000 0.375000 -3.177699 10.124976 0.375067 0.123606
13602 -3.237180 10.125000 0.625000 -3.237085 10.124949 0.625082 0.135775
13603 -3.336560 10.125000 0.875000 -3.336413 10.124923 0.875047 0.172533
13605 -3.125000 10.375000 0.452767 -3.124847 10.374927 0.452799 0.172836
13606 -3.202770 10.375000 0.375000 -3.202617 10.374934 0.375047 0.172887
13607 -3.125000 10.234200 0.625000 -3.124894 10.234176 0.625044 0.117136
13608 -3.125000 10.375000 0.750000 -3.124876 10.374945 0.750044 0.142736
13609 -3.250000 10.375000 0.875000 -3.249891 10.374952 0.875045 0.127064
13614 -3.148720 10.875000 0.625000 -3.148619 10.874953 0.625049 0.121750
13615 -3.125000 10.898700 0.625000 -3.124850 10.898623 0.625041 0.173483
13616 -3.125000 10.875000 0.601277 -3.124888 10.874948 0.601349 0.143047
13617 -3.190720 10.875000 0.875000 -3.190593 10.874936 0.875066 0.157383
13618 -3.125000 10.940700 0.875000 -3.124873 10.940645 0.875058 0.150572
13623 -3.125000 11.875000 0.381450 -3.124914 11.874948 0.381473 0.102906
13625 -2.875000 8.214040 0.375000 -2.874856 8.214006 0.375045 0.154244
13626 -3.125000 8.254240 0.375000 -3.124829 8.254183 0.375042 0.184979
13630 -3.125000 8.152900 0.625000 -3.124819 8.152822 0.625051 0.203572
13633 -3.113570 8.625000 0.625000 -3.113431 8.624948 0.625065 0.161452
13634 -3.125000 8.621980 0.625000 -3.124880 8.621964 0.625073 0.141686
13636 -2.875000 8.742650 0.375000 -2.874850 8.742604 0.375059 0.167569
13637 -3.125000 8.627510 0.625000 -3.124849 8.627457 0.625049 0.167250
13638 -3.125000 8.762620 0.375000 -3.124831 8.762546 0.375042 0.189473
13642 -2.979290 8.875000 1.375000 -2.979157 8.874976 1.375057 0.147070
13643 -3.125000 8.748600 1.375000 -3.124814 8.748526 1.375062 0.209538
13647 -3.125000 9.125000 0.191630 -3.124833 9.124940 0.191690 0.187175
13652 -3.049410 9.125000 1.625000 -3.049271 9.124933 1.625052 0.163219
13656 -3.089920 9.125000 1.875000 -3.089808 9.124962 1.875052 0.129013
13658 -2.875000 9.181370 0.375000 -2.874873 9.181333 0.375054 0.142908
13659 -2.923210 9.375000 0.375000 -2.923080 9.374945 0.375056 0.151901
13662 -3.125000 9.375000 1.994540 -3.124875 9.374931 1.994606 0.157519
13665 -3.125000 10.125000 0.154023 -3.124866 10.124952 0.154076 0.152236
13666 -2.973100 10.375000 0.625000 -2.972972 10.374942 0.625045 0.147261
13668 -2.964550 10.875000 0.375000 -2.964437 10.874942 0.375034 0.131490
13669 -3.125000 10.875000 0.250000 -3.124887 10.874946 0.250046 0.133514
13670 -3.125000 10.697100 0.375000 -3.124886 10.697068 0.375035 0.122996
13671 -2.962120 11.125000 0.375000 -2.961977 11.124929 0.375055 0.169128
13672 -2.875000 11.125000 0.285240 -2.874899 11.124959 0.285284 0.117199
13674 -2.981630 11.125000 0.875000 -2.981504 11.124944 0.875043 0.144732
13675 -3.125000 11.125000 1.010400 -3.124852 11.124920 1.010436 0.171910
13676 -2.982830 11.375000 0.375000 -2.982723 11.374955 0.375069 0.135365
13677 -2.995880 11.375000 0.625000 -2.995792 11.374963 0.625083 0.126166
13678 -2.987500 11.375000 0.875000 -2.987385 11.374960 0.875040 0.128501
13679 -3.125000 11.375000 1.004380 -3.124897 11.374954 1.004464 0.139892
13680 -2.985510 11.625000 0.375000 -2.985386 11.624926 0.375048 0.152551
13681 -3.005870 11.625000 0.625000 -3.005777 11.624971 0.625063 0.116514
13684 -3.125000 11.542000 1.125000 -3.124908 11.541957 1.125057 0.116030
13685 -3.042220 11.625000 1.125000 -3.042118 11.624939 1.125046 0.127810
13687 -3.125000 11.625000 1.213540 -3.124921 11.624950 1.213592 0.107266
13688 -2.986990 11.875000 0.625000 -2.986874 11.874949 0.625051 0.136934
13690 -3.065510 11.875000 1.125000 -3.065367 11.874938 1.125054 0.164978
13691 -3.125000 11.875000 1.067630 -3.124883 11.874921 1.067658 0.143572
13693 -2.625000 8.223340 0.625000 -2.624838 8.223292 0.625056 0.178251
13694 -2.625000 8.356620 0.375000 -2.624824 8.356545 0.375042 0.195280
13695 -2.775420 8.125000 0.375000 -2.775258 8.124951 0.375050 0.176614
13697 -2.640550 8.375000 0.375000 -2.640384 8.374944 0.375052 0.182154
13701 -2.625000 8.584720 0.875000 -2.624838 8.584677 0.875046 0.173997
13702 -2.625000 8.625000 0.915247 -2.624806 8.624922 0.915287 0.213129
13703 -2.625000 8.875000 0.210193 -2.624824 8.874924 0.210230 0.194826
13705 -2.788560 8.875000 0.625000 -2.788405 8.874956 0.625075 0.178046
13706 -2.625000 8.875000 0.598931 -2.624849 8.874954 0.598986 0.167361
13707 -2.625000 8.830490 0.625000 -2.624833 8.830414 0.625049 0.190229
13708 -2.625000 8.715830 0.875000 -2.624858 8.715782 0.875048 0.157362
13709 -2.625000 9.125000 0.321679 -2.624842 9.124931 0.321732 0.180556
13710 -2.625000 9.125000 0.482731 -2.624839 9.124957 0.482786 0.175703
13711 -2.625000 9.175910 0.375000 -2.624870 9.175883 0.375046 0.140554
13712 -2.630080 11.125000 1.375000 -2.629952 11.124944 1.375061 0.152758
13713 -2.625000 11.073700 1.375000 -2.624892 11.073673 1.375065 0.128666
13715 -2.641650 11.125000 1.625000 -2.641549 11.124956 1.625043 0.118318
13716 -2.625000 11.001100 1.625000 -2.624912 11.001071 1.625049 0.105069
13718 -2.625000 10.998500 1.875000 -2.624865 10.998442 1.875033 0.150575
13719 -2.625000 11.125000 1.983140 -2.624884 11.124946 1.983203 0.142568
13720 -2.625000 11.141300 1.375000 -2.624869 11.141246 1.375053 0.151260
13721 -2.625000 11.375000 1.561780 -2.624867 11.374960 1.561859 0.159499
13722 -2.651590 11.375000 1.625000 -2.651481 11.374958 1.625087 0.145709
13723 -2.642210 11.375000 1.875000 -2.642117 11.374947 1.875038 0.114137
13724 -2.625020 11.375000 2.125000 -2.624922 11.374935 2.125041 0.125033
13725 -2.625000 11.374800 2.125000 -2.624893 11.374744 2.125030 0.124879
13726 -2.625000 11.375000 2.125070 -2.624891 11.374969 2.125129 0.127712
13728 -2.678390 11.625000 1.625000 -2.678283 11.624961 1.625052 0.125074
13729 -2.670250 11.625000 1.875000 -2.670168 11.624975 1.875057 0.102884
13730 -2.653080 11.625000 2.125000 -2.652964 11.624942 2.125076 0.150037
13731 -2.625000 11.625000 2.209780 -2.624897 11.624950 2.209841 0.129621
13733 -2.688970 11.875000 1.625000 -2.688848 11.874942 1.625078 0.155571
13734 -2.689300 11.875000 1.875000 -2.689194 11.874945 1.875037 0.124872
13735 -2.658140 11.875000 2.125000 -2.658021 11.874930 2.125031 0.141782
13736 -2.625000 11.875000 2.258440 -2.624864 11.874953 2.258470 0.146728
13740 -2.443040 8.125000 0.875000 -2.442875 8.124937 0.875051 0.184080
13741 -2.409900 8.125000 1.125000 -2.409737 8.124957 1.125049 0.175784
13742 -2.445340 8.375000 1.125000 -2.445184 8.374941 1.125054 0.175085
13743 -2.401470 8.125000 1.375000 -2.401313 8.124960 1.375059 0.172056
13744 -2.400950 8.375000 1.375000 -2.400786 8.374972 1.375047 0.172573
13745 -2.383860 8.125000 1.625000 -2.383686 8.124946 1.625043 0.187293
13746 -2.397390 8.375000 1.625000 -2.397242 8.374966 1.625058 0.162164
13747 -2.375850 8.125000 1.875000 -2.375714 8.124979 1.875076 0.157381
13748 -2.384000 8.375000 1.875000 -2.383832 8.374943 1.875036 0.180790
13749 -2.375000 8.375000 1.950900 -2.374844 8.374959 1.950947 0.168623
13750 -2.375000 8.125000 1.878920 -2.374826 8.124930 1.878957 0.190756
13751 -2.555830 8.625000 1.125000 -2.555683 8.624943 1.125039 0.162472
13752 -2.428990 8.625000 1.375000 -2.428842 8.624960 1.375041 0.159075
13753 -2.406250 8.625000 1.625000 -2.406083 8.624945 1.625055 0.184145
13754 -2.404880 8.625000 1.875000 -2.404754 8.624963 1.875074 0.150574
13755 -2.386840 8.625000 2.125000 -2.386678 8.624949 2.125070 0.183793
13756 -2.375000 8.530140 2.125000 -2.374845 8.530102 2.125056 0.169248
13757 -2.375000 8.625000 2.152520 -2.374837 8.624969 2.152574 0.174459
13758 -2.591750 8.875000 0.625000 -2.591592 8.874955 0.625047 0.170516
13759 -2.588650 8.875000 0.875000 -2.588474 8.874944 0.875056 0.193071
13760 -2.551470 8.875000 1.125000 -2.551343 8.874970 1.125043 0.137073
13761 -2.491430 8.875000 1.375000 -2.491269 8.874952 1.375043 0.173592
13762 -2.433380 8.875000 1.625000 -2.433232 8.874939 1.625028 0.162446
13763 -2.430250 8.875000 1.875000 -2.430083 8.874937 1.875040 0.182706
13764 -2.391090 8.875000 2.125000 -2.390931 8.874960 2.125051 0.172058
13765 -2.375000 8.875000 2.187320 -2.374838 8.874939 2.187362 0.178041
13766 -2.375000 9.074320 0.375000 -2.374860 9.074286 0.375059 0.155902
13767 -2.501220 9.125000 0.375000 -2.501097 9.124986 0.375050 0.133204
13768 -2.375000 9.053300 0.625000 -2.374879 9.053288 0.625067 0.139040
13769 -2.375000 9.078110 0.875000 -2.374867 9.078086 0.875053 0.145100
13770 -2.375000 9.125000 0.956206 -2.374850 9.124968 0.956268 0.165575
13771 -2.485160 9.125000 1.125000 -2.485029 9.124977 1.125072 0.151338
13772 -2.505930 9.125000 1.375000 -2.505770 9.124946 1.375035 0.172438
13773 -2.475470 9.125000 1.625000 -2.475337 9.124976 1.625065 0.150167
13774 -2.466700 9.125000 1.875000 -2.466553 9.124981 1.875048 0.156283
13777 -2.375000 9.211870 1.125000 -2.374834 9.211807 1.125038 0.181864
13778 -2.375000 9.250540 1.375000 -2.374856 9.250505 1.375054 0.157859
13779 -2.375000 9.353930 1.625000 -2.374859 9.353889 1.625058 0.157450
13780 -2.375000 9.375000 1.642570 -2.374853 9.374975 1.642630 0.160341
13781 -2.496390 9.375000 1.875000 -2.496227 9.374952 1.875061 0.181026
13782 -2.415480 9.125000 2.125000 -2.415327 9.124937 2.125055 0.174623
13783 -2.464450 9.375000 2.125000 -2.464300 9.374925 2.125042 0.173039
13785 -2.375000 9.625000 1.847930 -2.374858 9.624937 1.847989 0.166651
13786 -2.397500 9.625000 1.875000 -2.397332 9.624932 1.875029 0.183144
13787 -2.498720 9.625000 2.125000 -2.498605 9.624955 2.125034 0.128220
13789 -2.375000 9.673090 1.875000 -2.374876 9.673057 1.875063 0.142563
13791 -2.496040 9.875000 2.125000 -2.495835 9.874903 2.125007 0.226671
13802 -2.468040 10.125000 2.125000 -2.467886 10.124933 2.125038 0.171632
13807 -2.515490 10.375000 1.625000 -2.515374 10.374963 1.625062 0.136944
13810 -2.441460 10.375000 2.125000 -2.441312 10.374928 2.125061 0.175749
13815 -2.561100 10.625000 1.625000 -2.560979 10.624941 1.625032 0.138358
13817 -2.464740 10.625000 2.125000 -2.464634 10.624953 2.125040 0.122133
13822 -2.610020 10.875000 1.625000 -2.609914 10.874983 1.625065 0.125882
13823 -2.610340 10.875000 1.875000 -2.610210 10.874940 1.875037 0.147761
13824 -2.543070 10.875000 2.125000 -2.542943 10.874972 2.125081 0.153137
13828 -2.600720 11.125000 2.125000 -2.600604 11.124956 2.125060 0.137659
13832 -2.575420 11.375000 1.375000 -2.575289 11.374941 1.375053 0.153015
13846 -2.318250 8.125000 2.125000 -2.318076 8.124948 2.125054 0.189093
13847 -2.353370 8.375000 2.125000 -2.353197 8.374945 2.125031 0.183626
13849 -2.125000 8.236660 2.375000 -2.124834 8.236607 2.375041 0.178654
13850 -2.125000 8.125000 2.346470 -2.124817 8.124960 2.346544 0.201063
13856 -2.125000 9.024160 0.375000 -2.124876 9.024140 0.375061 0.140018
13857 -2.125000 9.020960 0.625000 -2.124852 9.020936 0.625057 0.160322
13858 -2.162500 9.125000 0.875000 -2.162341 9.124945 0.875044 0.174169
13859 -2.125000 9.125000 0.855999 -2.124826 9.124944 0.856033 0.185574
13862 -2.145050 9.375000 0.625000 -2.144912 9.374953 0.625041 0.151304
13864 -2.125000 9.375000 0.516608 -2.124871 9.374969 0.516668 0.145482
13865 -2.194360 9.375000 0.875000 -2.194209 9.374950 0.875060 0.170137
13866 -2.242330 9.375000 1.125000 -2.242191 9.374980 1.125070 0.157070
13867 -2.255570 9.375000 1.375000 -2.255414 9.374945 1.375041 0.170420
13868 -2.357320 9.375000 1.625000 -2.357164 9.374962 1.625047 0.167427
13871 -2.125000 9.459680 0.625000 -2.124845 9.459624 0.625042 0.170243
13872 -2.125000 9.625000 0.700549 -2.124865 9.624966 0.700601 0.148726
13873 -2.202740 9.625000 0.875000 -2.202610 9.624974 0.875051 0.141686
13874 -2.253860 9.625000 1.125000 -2.253718 9.624956 1.125036 0.153206
13875 -2.278090 9.625000 1.375000 -2.277959 9.624975 1.375066 0.148522
13876 -2.357320 9.375000 1.625000 -2.357164 9.374962 1.625047 0.167427
13877 -2.228470 9.625000 1.625000 -2.228326 9.624967 1.625056 0.157751
13880 -2.125000 9.875000 0.775771 -2.124857 9.874967 0.775821 0.155253
13881 -2.208330 9.875000 0.875000 -2.208192 9.874970 0.875058 0.152267
13883 -2.345190 9.875000 1.375000 -2.345065 9.874951 1.375065 0.149251
13888 -2.171940 10.125000 0.875000 -2.171791 10.124933 0.875044 0.168786
13892 -2.139180 10.375000 0.625000 -2.139062 10.374975 0.625050 0.130942
13894 -2.125000 10.375000 0.526266 -2.124860 10.374961 0.526331 0.158946
13895 -2.125000 10.375000 0.843545 -2.124867 10.374950 0.843587 0.147702
13896 -2.125000 10.359900 0.875000 -2.124864 10.359850 0.875043 0.150815
13900 -2.125000 10.625000 0.538137 -2.124866 10.624940 0.538185 0.154373
13901 -2.138040 10.625000 0.625000 -2.137923 10.624979 0.625048 0.128613
13907 -2.125000 10.848500 0.375000 -2.124897 10.848494 0.375061 0.120466
13909 -2.152660 10.875000 0.625000 -2.152522 10.874943 0.625068 0.163479
13916 -2.216640 11.125000 0.625000 -2.216544 11.124974 0.625067 0.119621
13922 -2.219600 11.375000 0.375000 -2.219481 11.374944 0.375042 0.138446
13923 -2.213040 11.375000 0.625000 -2.212918 11.374947 0.625044 0.140088
13924 -2.260780 11.375000 0.875000 -2.260656 11.374952 0.875045 0.140898
13928 -2.219270 11.625000 0.375000 -2.219149 11.624942 0.375056 0.145511
13929 -2.187780 11.625000 0.625000 -2.187682 11.624968 0.625052 0.115896
13930 -2.281000 11.625000 0.875000 -2.280907 11.624989 0.875058 0.110297
13935 -2.144710 11.875000 0.375000 -2.144572 11.874919 0.375045 0.165739
13936 -2.125000 11.875000 0.551013 -2.124884 11.874957 0.551052 0.129717
13937 -2.125000 11.848500 0.625000 -2.124911 11.848479 0.625064 0.111429
13938 -2.125000 11.875000 0.667607 -2.124879 11.874941 0.667660 0.144315
13939 -2.161920 11.875000 0.875000 -2.161816 11.874974 0.875059 0.122430
13942 -2.065740 8.125000 2.375000 -2.065573 8.124971 2.375051 0.177144
13947 -2.066980 9.125000 0.375000 -2.066828 9.124956 0.375042 0.163824
13948 -2.070460 9.125000 0.625000 -2.070312 9.124962 0.625048 0.160432
13952 -2.092440 9.375000 0.375000 -2.092300 9.374969 0.375054 0.153250
13955 -2.040510 9.625000 0.375000 -2.040366 9.624955 0.375053 0.160278
13956 -2.074060 9.625000 0.625000 -2.073912 9.624939 0.625045 0.165959
13959 -2.030980 9.875000 0.375000 -2.030832 9.874949 0.375038 0.160931
13960 -2.033460 9.875000 0.625000 -2.033308 9.874960 0.625057 0.167384
13963 -2.043190 10.125000 0.375000 -2.043067 10.124976 0.375059 0.138258
13964 -2.043410 10.125000 0.625000 -2.043302 10.124984 0.625077 0.133695
13967 -2.096750 10.375000 0.375000 -2.096618 10.374967 0.375056 0.147024
13968 -2.122400 10.375000 0.875000 -2.122254 10.374950 0.875047 0.161626
13971 -2.103990 10.625000 0.375000 -2.103871 10.624968 0.375056 0.135520
13972 -2.122400 10.375000 0.875000 -2.122254 10.374950 0.875047 0.161626
13973 -2.111930 10.625000 0.875000 -2.111779 10.624947 0.875051 0.168079
13988 -2.092230 11.875000 0.625000 -2.092133 11.874965 0.625052 0.114905
14011 -1.625000 11.772400 0.375000 -1.624894 11.772383 0.375044 0.116064
14012 -1.794640 11.875000 0.375000 -1.794541 11.874990 0.375048 0.110295
14013 -1.625000 11.760600 0.625000 -1.624884 11.760554 0.625040 0.130964
14014 -1.794010 11.875000 0.625000 -1.793913 11.874969 0.625061 0.118598
14015 -1.625000 11.789900 0.875000 -1.624895 11.789900 0.875064 0.123307
14016 -1.739910 11.875000 0.875000 -1.739800 11.874972 0.875047 0.122884
14017 -1.625000 11.875000 0.921745 -1.624890 11.874963 0.921791 0.124754
14037 -1.543560 11.875000 0.375000 -1.543463 11.874992 0.375049 0.109424
14038 -1.536060 11.875000 0.625000 -1.535961 11.874976 0.625056 0.116089
14039 -1.550630 11.875000 0.875000 -1.550520 11.874975 0.875050 0.123710
14181 -3.125000 11.915200 0.375000 -3.124906 11.915145 0.375056 0.122396
14183 -2.125000 11.909300 0.375000 -2.124911 11.909285 0.375063 0.109947
14184 -2.144710 11.875000 0.375000 -2.144573 11.874918 0.375045 0.166386
14185 -1.875000 11.916700 0.375000 -1.874894 11.916645 0.375056 0.132097
14186 -1.875000 11.923600 0.625000 -1.874909 11.923583 0.625054 0.107274
14187 -2.125000 11.932700 0.875000 -2.124919 11.932659 0.875039 0.098909
14188 -1.875000 11.954600 0.875000 -1.874900 11.954595 0.875067 0.120810
14191 -2.689300 11.875000 1.875000 -2.689194 11.874945 1.875037 0.124872
14193 -3.625000 28.375000 -0.250040 -4.097515 28.306606 0.034100 555.592962
14194 -3.625000 28.125000 -0.250778 -4.078227 28.057435 0.033515 539.260373
14195 -3.625000 28.625000 -0.254519 -4.117483 28.551797 0.025744 571.353822
14196 -3.625000 28.875000 -0.255235 -4.140650 28.794086 0.017190 588.775950
14197 -3.625000 29.125000 -0.251769 -4.145987 29.025418 -0.014102 581.231059
14199 -3.625000 29.543000 -0.875000 -3.742414 29.506461 -0.879960 123.068062
14203 -3.875000 29.375000 -0.976736 -4.064546 29.307987 -0.955073 202.206697
14205 -3.625000 29.625000 -0.247575 -4.123736 29.536829 -0.059705 540.191240
14207 -3.875000 29.875000 -0.742253 -4.090654 29.820892 -0.705621 225.336202
14208 -3.625000 29.875000 -0.874912 -3.775572 29.842580 -0.885913 154.415113
14209 -3.625000 29.875000 -0.234954 -4.084362 29.800224 -0.071504 493.275553
14210 -3.625000 30.125000 -0.245285 -4.015985 30.065184 -0.106452 419.192210
14211 -3.625000 30.375000 -0.238552 -3.998229 30.326015 -0.112737 396.899329
14212 -3.625000 30.625000 -0.238079 -3.962319 30.583813 -0.119229 360.007566
14218 -3.375000 28.375000 -0.244185 -3.848436 28.325719 0.039752 554.247340
14219 -3.375000 28.125000 -0.244753 -3.829044 28.076824 0.039508 537.848430
14220 -3.375000 28.625000 -0.247920 -3.877462 28.547253 0.018415 573.974691
14221 -3.375000 28.875000 -0.253379 -3.889672 28.757439 -0.028678 573.757783
14222 -3.375000 29.125000 -0.253647 -3.879669 29.005804 -0.060894 553.219413
14223 -3.375000 29.375000 -0.257075 -3.844651 29.269994 -0.095920 507.513081
14224 -3.530110 29.375000 -0.875000 -3.603867 29.349529 -0.870504 78.160139
14226 -3.375000 29.625000 -0.740866 -3.559382 29.582725 -0.678629 199.141308
14227 -3.375000 29.625000 -0.253865 -3.846099 29.535620 -0.109146 500.865735
14228 -3.375000 29.805500 -0.875000 -3.476945 29.781931 -0.887835 105.418671
14229 -3.624800 29.875000 -0.875000 -3.775392 29.842582 -0.886024 154.436072
14231 -3.375000 29.875000 -0.245829 -3.802901 29.806297 -0.120877 451.034958
14232 -3.375000 30.125000 -0.252496 -3.758745 30.076555 -0.133350 404.725339
14233 -3.375000 30.375000 -0.254401 -3.766440 30.343188 -0.150146 406.332443
14234 -3.375000 30.625000 -0.249640 -3.689289 30.596838 -0.143264 332.996539
14240 -3.125000 28.375000 -0.241535 -3.600713 28.327382 0.033350 551.481630
14241 -3.125000 28.125000 -0.241090 -3.579787 28.096013 0.043003 537.010491
14244 -3.125000 29.125000 -0.256561 -3.596454 28.952903 -0.132671 516.947852
14245 -3.125000 29.375000 -0.258482 -3.543465 29.239203 -0.163846 450.010859
14246 -3.125000 29.625000 -0.253629 -3.496608 29.542960 -0.149720 394.487613
14249 -3.125000 29.625000 -0.736234 -3.218016 29.597075 -0.746232 97.631130
14250 -3.125000 29.875000 -0.254421 -3.511230 29.806431 -0.170730 401.098120
14253 -3.375000 30.125000 -0.982233 -3.428390 30.117386 -0.985001 54.000959
14254 -3.125000 30.125000 -0.256937 -3.453248 30.085054 -0.177876 339.989776
14255 -3.125000 30.375000 -0.253997 -3.490387 30.356707 -0.180648 373.124587
14256 -3.125000 30.625000 -0.254892 -3.482827 30.630980 -0.193502 363.103785
14263 -2.875000 28.283100 -2.125000 -2.875152 28.283059 -2.124951 0.165373
14264 -2.875000 28.375000 -1.994250 -2.875134 28.375000 -1.994233 0.134761
14265 -2.963640 28.375000 -1.875000 -2.963712 28.374931 -1.874941 0.115584
14269 -2.875000 28.253900 -0.625000 -2.875140 28.253868 -0.624939 0.155819
14270 -2.875000 28.125000 -0.428516 -3.331271 28.172208 -0.117210 554.367829
14271 -3.023360 28.125000 -0.625000 -3.023471 28.124960 -0.624966 0.122449
14272 -2.875000 28.375000 -0.286318 -3.346690 28.328832 -0.020661 543.320091
14273 -2.875000 28.125000 -0.295398 -3.329705 28.111211 -0.013613 535.116858
14274 -2.875000 28.564000 -1.875000 -2.875125 28.563936 -1.874957 0.146707
14275 -2.875000 28.625000 -1.748500 -2.875131 28.624959 -1.748449 0.146099
14281 -2.875000 28.875000 -0.253556 -3.319127 28.655084 -0.130818 510.564790
14285 -2.875000 29.125000 -0.252919 -3.284851 28.882692 -0.207831 478.251527
14286 -2.875000 29.375000 -0.257981 -3.286547 29.177376 -0.230052 457.391109
14287 -2.875000 29.625000 -0.260675 -3.236513 29.495967 -0.242358 384.287664
14288 -2.875000 29.875000 -0.731598 -2.916108 29.866650 -0.734266 42.032719
14290 -2.875000 29.875000 -0.266451 -3.204754 29.799493 -0.241367 339.216879
14293 -2.875000 30.125000 -0.263767 -3.129065 30.092146 -0.225199 259.067390
14295 -2.875000 30.375000 -0.258336 -3.142117 30.362139 -0.220882 270.036768
14296 -2.875000 30.625000 -0.260384 -3.107157 30.623208 -0.210151 237.536167
14297 -2.875000 30.875000 -0.258053 -3.126842 30.892954 -0.213000 256.469630
14305 -2.625000 28.294000 -2.125000 -2.625146 28.293965 -2.124924 0.168300
14306 -2.625000 28.375000 -1.913400 -2.625176 28.375005 -1.913389 0.176066
14310 -2.625000 28.625000 -1.959430 -2.625122 28.624967 -1.959389 0.132774
14321 -2.625000 29.625000 -0.272806 -2.908174 29.499161 -0.296826 310.805098
14322 -2.625000 29.875000 -0.276872 -2.858454 29.809452 -0.294683 243.134885
14325 -2.625000 30.125000 -0.272830 -2.844031 30.094472 -0.279331 221.243730
14327 -2.625000 30.375000 -0.267924 -2.839036 30.370794 -0.268127 214.077496
14328 -2.625000 30.625000 -0.265409 -2.844834 30.645658 -0.265347 220.802371
14329 -2.625000 30.875000 -0.266935 -2.862894 30.917145 -0.251727 242.076437
14336 -2.375000 28.200400 -1.875000 -2.375122 28.200372 -1.874963 0.130102
14342 -2.625000 28.505900 -1.375000 -2.625132 28.505851 -1.374952 0.149014
14348 -2.375000 29.536100 -1.625000 -2.375153 29.536073 -1.624956 0.160919
14357 -2.375000 29.875000 -0.280946 -2.521765 29.831186 -0.306397 155.265574
14364 -2.375000 29.875000 -0.528520 -2.375160 29.874977 -0.528451 0.175484
14365 -2.441710 29.875000 -0.625000 -2.441878 29.874962 -0.624976 0.174355
14366 -2.375000 30.125000 -0.274384 -2.506320 30.106897 -0.291563 133.670587
14367 -2.375000 30.375000 -0.270520 -2.495473 30.375234 -0.281651 120.986733
14368 -2.375000 30.625000 -0.276353 -2.492839 30.640304 -0.285816 119.204433
14369 -2.375000 30.875000 -0.274123 -2.493890 30.905330 -0.283122 123.027407
14371 -2.375000 31.375000 -0.795498 -2.388552 31.380361 -0.796351 14.598805
14373 -2.625000 31.249700 -0.875000 -2.648851 31.257729 -0.877887 25.330709
14374 -2.625000 31.375000 -0.742495 -2.676003 31.395504 -0.750322 55.524742
14376 -2.375000 31.625000 -0.740868 -2.407318 31.640984 -0.746614 36.509800
14377 -2.625000 31.625000 -0.744535 -2.694226 31.647882 -0.750282 73.135413
14379 -2.375000 31.875000 -0.738075 -2.435925 31.910726 -0.750948 71.790832
14380 -2.625000 31.875000 -0.746274 -2.693328 31.900531 -0.750501 73.064127
14382 -2.125000 28.375000 -1.527580 -2.125127 28.374975 -1.527530 0.138557
14384 -2.125000 28.125000 -1.617520 -2.125141 28.124980 -1.617488 0.145972
14394 -2.375000 29.375000 -1.412100 -2.375121 29.374931 -1.412039 0.152494
14395 -2.361760 29.375000 -1.375000 -2.361894 29.374964 -1.374961 0.144090
14399 -2.337400 29.625000 -1.625000 -2.337568 29.624998 -1.624970 0.170708
14400 -2.375000 29.625000 -1.587400 -2.375148 29.624981 -1.587387 0.150148
14404 -2.125000 29.875000 -0.438967 -2.125191 29.874989 -0.438923 0.196494
14405 -2.125000 30.125000 -0.268698 -2.229155 30.111803 -0.289759 107.079159
14406 -2.125000 30.375000 -0.274292 -2.229806 30.379829 -0.295372 107.013619
14407 -2.125000 30.625000 -0.286858 -2.226934 30.646348 -0.306742 106.027090
14408 -2.125000 30.875000 -0.287388 -2.223082 30.910290 -0.304762 105.675135
14412 -2.125000 31.125000 -0.285748 -2.212987 31.161171 -0.291083 95.280927
14414 -2.125000 31.375000 -0.747582 -2.148180 31.382995 -0.750332 24.673682
14416 -2.125000 31.625000 -0.741089 -2.147679 31.636709 -0.745271 25.863423
14418 -2.125000 31.875000 -0.733547 -2.173760 31.910536 -0.747588 61.947183
14420 -1.875000 28.375000 -1.531260 -1.875130 28.374975 -1.531216 0.139104
14421 -1.875000 28.125000 -1.594900 -1.875094 28.124960 -1.594866 0.107875
14427 -1.875000 28.625000 -1.509420 -1.875128 28.624964 -1.509367 0.143189
14429 -2.000120 28.875000 -1.625000 -2.000253 28.874969 -1.624940 0.149220
14432 -1.875000 29.077200 -1.375000 -1.875148 29.077193 -1.374976 0.149966
14433 -1.903200 29.125000 -1.375000 -1.903320 29.124959 -1.374934 0.142578
14434 -1.889110 29.125000 -1.625000 -1.889252 29.125004 -1.624965 0.146561
14436 -1.875000 29.147000 -1.375000 -1.875136 29.146976 -1.374946 0.148411
14437 -1.875000 29.137200 -1.625000 -1.875120 29.137159 -1.624950 0.136308
14442 -1.875000 30.125000 -0.274482 -1.899943 30.123864 -0.276847 25.081097
14448 -1.875000 30.625000 -0.293321 -1.945876 30.645696 -0.313187 76.461902
14450 -1.875000 30.875000 -0.763321 -1.876053 30.875255 -0.763341 1.083361
14451 -1.875000 30.773000 -0.875000 -1.875185 30.773016 -0.874985 0.185859
14452 -1.875000 30.875000 -0.291257 -1.942547 30.906669 -0.308774 76.631015
14457 -1.875000 30.875000 -1.561810 -1.875156 30.874960 -1.561736 0.176984
14461 -1.875000 31.125000 -0.725861 -1.878886 31.126512 -0.726481 4.215723
14462 -1.875000 31.125000 -0.286438 -1.965115 31.187166 -0.310982 112.194966
14463 -1.875000 31.213200 -1.625000 -1.875153 31.213166 -1.624916 0.177717
14464 -1.875000 31.375000 -0.737038 -1.895043 31.387570 -0.743894 24.632117
14466 -1.875000 31.625000 -1.544640 -1.875156 31.625006 -1.544648 0.155890
14468 -1.875000 31.563800 -1.625000 -1.875219 31.563807 -1.624988 0.219125
14469 -1.875000 31.625000 -0.738146 -1.894359 31.637737 -0.743537 23.791651
14472 -1.875000 31.875000 -0.716674 -1.900549 31.894302 -0.723281 32.695742
14488 -1.625000 28.699500 -1.375000 -1.625142 28.699475 -1.374954 0.150763
14490 -1.625000 29.000000 -1.375000 -1.625137 28.999998 -1.374964 0.142033
14491 -1.875000 29.125000 -1.353000 -1.875135 29.124968 -1.352956 0.145093
14492 -1.853000 29.125000 -1.375000 -1.853152 29.125010 -1.374965 0.156748
14497 -1.819280 29.875000 -1.375000 -1.819462 29.874978 -1.374950 0.190144
14499 -1.625000 30.056000 -1.375000 -1.625179 30.055999 -1.374971 0.181643
14502 -1.625000 30.125000 -1.325360 -1.625169 30.125001 -1.325288 0.183494
14503 -1.875000 29.875000 -1.344540 -1.875158 29.874978 -1.344502 0.163696
14511 -1.625000 30.125000 -0.297263 -1.628040 30.125149 -0.297127 3.046219
14512 -1.625000 30.216300 -1.375000 -1.625156 30.216293 -1.374937 0.168811
14513 -1.875000 30.265900 -1.375000 -1.875162 30.265871 -1.374967 0.168173
14514 -1.875000 30.304200 -1.625000 -1.875182 30.304199 -1.624939 0.192145
14515 -1.625000 30.263100 -1.625000 -1.625157 30.263092 -1.624949 0.164811
14516 -1.625000 30.375000 -1.461200 -1.625159 30.374961 -1.461149 0.171468
14517 -1.875000 30.375000 -1.564410 -1.875159 30.374999 -1.564345 0.171547
14521 -1.625000 30.375000 -0.302502 -1.629179 30.375543 -0.302618 4.215604
14525 -1.625000 30.625000 -1.006190 -1.625161 30.624995 -1.006146 0.167374
14526 -1.875000 30.625000 -1.025390 -1.875195 30.624996 -1.025330 0.204561
14527 -1.625000 30.625000 -0.305691 -1.650101 30.634640 -0.312268 27.680857
14528 -1.816240 30.875000 -1.625000 -1.816441 30.875011 -1.624969 0.203406
14529 -1.754150 30.625000 -1.625000 -1.754312 30.624968 -1.624923 0.182600
14530 -1.625000 30.720200 -0.875000 -1.625164 30.720273 -0.875045 0.185224
14531 -1.625000 30.875000 -0.732372 -1.625414 30.875020 -0.732214 0.443328
14532 -1.625000 30.875000 -0.303031 -1.659279 30.894448 -0.312770 40.597424
14533 -1.625000 31.125000 -1.361450 -1.625257 31.125018 -1.361390 0.264566
14535 -1.625000 31.102700 -1.375000 -1.625202 31.102662 -1.374934 0.216323
14536 -1.625000 31.125000 -0.723060 -1.626253 31.125532 -0.723217 1.370084
14537 -1.625000 31.125000 -0.312447 -1.658243 31.149057 -0.321365 41.993018
14539 -1.625000 31.375000 -0.737804 -1.629174 31.377738 -0.738981 5.129174
14540 -1.625000 31.375000 -0.325450 -1.655128 31.399453 -0.331819 39.321979
14541 -1.810990 31.625000 -1.625000 -1.811225 31.625020 -1.624980 0.236192
14542 -1.625000 31.625000 -0.709966 -1.628773 31.627576 -0.710760 4.637193
14543 -1.625000 31.625000 -0.333448 -1.653181 31.650520 -0.338374 38.336965
14544 -1.625000 31.875000 -0.675070 -1.639922 31.889619 -0.679517 21.357787
14550 -1.375000 28.625000 -0.766576 -1.375152 28.624974 -0.766522 0.163027
14551 -1.625000 28.625000 -0.748774 -1.625129 28.624973 -0.748736 0.137055
14553 -1.375000 28.875000 -0.641899 -1.375143 28.874974 -0.641850 0.153982
14556 -1.375000 29.116900 -0.625000 -1.375140 29.116886 -0.624939 0.152997
14570 -1.375000 30.014700 -0.875000 -1.375166 30.014690 -0.874966 0.170204
14571 -1.375000 30.125000 -0.309797 -1.376032 30.125123 -0.309717 1.042668
14573 -1.530370 30.375000 -1.625000 -1.530544 30.374971 -1.624962 0.180769
14574 -1.375000 30.375000 -0.308305 -1.376049 30.375207 -0.308239 1.071648
14575 -1.375000 30.625000 -0.960364 -1.375181 30.624950 -0.960295 0.199983
14577 -1.375000 30.625000 -0.337987 -1.380695 30.627606 -0.339416 6.423730
14578 -1.375000 30.711500 -0.875000 -1.375194 30.711540 -0.875004 0.197965
14579 -1.375000 30.875000 -0.737669 -1.375232 30.875059 -0.737651 0.240150
14580 -1.375000 30.875000 -0.355184 -1.381114 30.878601 -0.356736 7.263501
14581 -1.611450 31.125000 -1.375000 -1.611643 31.124949 -1.374932 0.211061
14582 -1.375000 31.125000 -0.730918 -1.376285 31.125871 -0.731270 1.591735
14583 -1.375000 31.125000 -0.363612 -1.404012 31.154611 -0.377467 43.708617
14584 -1.375000 31.375000 -0.719467 -1.376075 31.375729 -0.719650 1.312189
14585 -1.375000 31.375000 -0.370287 -1.401385 31.406733 -0.381849 42.858658
14586 -1.375000 31.625000 -0.709543 -1.379714 31.629391 -0.711285 6.673651
14588 -1.375000 31.875000 -0.766935 -1.378609 31.878550 -0.768061 5.186666
14591 -1.125000 28.125000 -0.693442 -1.125145 28.124996 -0.693392 0.153322
14596 -1.125000 28.875000 -0.725585 -1.125133 28.874981 -0.725536 0.143439
14598 -1.374040 29.125000 -0.625000 -1.374182 29.124967 -0.624943 0.156308
14606 -1.134560 30.125000 -0.875000 -1.134735 30.124973 -0.874951 0.183970
14611 -1.125000 30.375000 -0.365794 -1.125285 30.375080 -0.365810 0.296141
14612 -1.125000 30.462500 -0.875000 -1.125165 30.462443 -0.874908 0.197217
14614 -1.258440 30.625000 -0.875000 -1.258617 30.624965 -0.874932 0.192644
14615 -1.125000 30.625000 -0.752949 -1.125186 30.625042 -0.752936 0.190882
14616 -1.137500 30.625000 -0.375000 -1.139000 30.625885 -0.375316 1.770110
14617 -1.125000 30.577000 -0.375000 -1.126833 30.578067 -0.375493 2.177933
14618 -1.125000 30.625000 -0.377550 -1.127571 30.626557 -0.378394 3.121591
14619 -1.125000 30.875000 -0.729254 -1.125075 30.875039 -0.729299 0.096453
14622 -1.125000 31.125000 -0.734614 -1.125292 31.125216 -0.734708 0.374772
14624 -1.125000 31.375000 -0.782778 -1.132082 31.383457 -0.786793 11.738657
14626 -1.125000 31.625000 -0.766867 -1.130428 31.631579 -0.769062 8.807120
14628 -1.125000 31.875000 -1.063030 -1.125201 31.875163 -1.063082 0.264413
14629 -1.168110 31.875000 -1.125000 -1.168314 31.875014 -1.124966 0.207048
14630 -1.125000 31.836200 -1.125000 -1.129643 31.841756 -1.127174 7.559880
14631 -1.125000 31.875000 -0.777641 -1.131716 31.882985 -0.780339 10.777300
14633 -0.875000 28.375000 -0.747114 -0.875122 28.374973 -0.747054 0.138587
14634 -0.875000 28.125000 -0.739195 -0.875137 28.124985 -0.739147 0.146302
14642 -0.875000 29.125000 -0.747320 -0.875144 29.125001 -0.747279 0.149778
14647 -1.109430 30.125000 -0.875000 -1.109585 30.124943 -0.874923 0.182102
14650 -0.875000 30.125000 -0.319217 -0.874973 30.124986 -0.319220 0.030358
14651 -0.875000 30.205300 -0.875000 -0.875149 30.205167 -0.874864 0.241532
14653 -0.875000 30.375000 -0.710128 -0.875179 30.374965 -0.710065 0.192867
14654 -0.875000 30.375000 -0.358210 -0.875639 30.375429 -0.358488 0.818445
14655 -0.875000 30.625000 -0.760863 -0.875208 30.625069 -0.760879 0.219325
14657 -0.875000 30.625000 -0.353409 -0.875520 30.625440 -0.353603 0.708410
14658 -0.875000 30.875000 -0.757373 -0.875046 30.874957 -0.757342 0.069864
14659 -0.875000 30.875000 -0.344180 -0.877806 30.878253 -0.345579 4.517957
14660 -0.893004 31.125000 -0.875000 -0.892970 31.124899 -0.874936 0.123961
14663 -0.970700 31.375000 -0.875000 -0.975476 31.381695 -0.877673 8.647824
14665 -0.875000 31.375000 -0.921273 -0.879986 31.382745 -0.924193 9.663157
14666 -0.875000 31.625000 -0.894530 -0.883059 31.634593 -0.898283 13.079202
14667 -0.910353 31.625000 -0.875000 -0.919381 31.635377 -0.879167 14.371923
14670 -0.979381 31.875000 -0.875000 -0.985210 31.879624 -0.876219 7.539903
14671 -0.979741 31.875000 -1.125000 -0.985964 31.879989 -1.126492 8.114575
14673 -0.750000 28.375000 -0.875000 -0.750136 28.374995 -0.874944 0.147244
14674 -0.749994 28.125000 -0.875000 -0.750110 28.124979 -0.874946 0.130035
14680 -0.625000 29.375000 -0.735979 -0.625165 29.374986 -0.735919 0.176408
14681 -0.625000 29.125000 -0.743449 -0.625120 29.124916 -0.743362 0.170644
14689 -0.761488 29.875000 -0.875000 -0.761655 29.874976 -0.874971 0.171617
14691 -0.625000 29.718700 -0.375000 -0.625421 29.718937 -0.375099 0.493153
14692 -0.625000 29.875000 -0.362539 -0.625307 29.875146 -0.362557 0.340070
14695 -0.745706 30.375000 -0.875000 -0.745887 30.374898 -0.874883 0.238418
14696 -0.625000 30.375000 -0.360787 -0.624962 30.374969 -0.360781 0.050122
14697 -0.774617 30.625000 -0.875000 -0.774821 30.624996 -0.874953 0.209245
14698 -0.625000 30.625000 -0.362574 -0.625621 30.625859 -0.363003 1.143206
14699 -0.774335 30.875000 -0.875000 -0.774472 30.874973 -0.874957 0.146139
14700 -0.625000 30.875000 -0.346550 -0.625489 30.875770 -0.346834 0.955380
14701 -0.625000 31.125000 -0.344091 -0.627257 31.129856 -0.345822 5.627385
14709 -0.498825 29.125000 -0.875000 -0.498960 29.124964 -0.874939 0.152922
14710 -0.499274 28.875000 -0.875000 -0.499415 28.874993 -0.874964 0.145394
14711 -0.625000 28.875000 -0.742577 -0.625151 28.875001 -0.742527 0.159185
14715 -0.499343 29.375000 -0.875000 -0.499490 29.374943 -0.874918 0.178050
14719 -0.375000 29.625000 -0.378311 -0.375207 29.624906 -0.378164 0.270875
14720 -0.375000 29.717000 -0.375000 -0.375230 29.717086 -0.375008 0.245183
14723 -0.375000 30.375000 -0.374789 -0.374984 30.374957 -0.374771 0.049107
14724 -0.453291 30.625000 -0.375000 -0.453227 30.624889 -0.374957 0.134984
14725 -0.375000 30.383900 -0.375000 -0.374987 30.383887 -0.374990 0.021225
14726 -0.375000 30.625000 -0.381224 -0.374954 30.624908 -0.381182 0.110466
14727 -0.375000 30.841000 -0.375000 -0.375472 30.842306 -0.375571 1.501628
14728 -0.453291 30.625000 -0.375000 -0.453231 30.624902 -0.374962 0.121431
14729 -0.375000 30.875000 -0.374115 -0.375441 30.876209 -0.374612 1.379360
14731 -0.375000 30.939400 -0.375000 -0.375511 30.940987 -0.375661 1.793931
14733 -0.392496 31.125000 -0.375000 -0.392929 31.126271 -0.375436 1.411842
14744 -0.125000 28.625000 -0.412157 -0.125156 28.624959 -0.412078 0.179976
14745 -0.125000 28.875000 -0.410627 -0.125211 28.875121 -0.410624 0.243404
14747 -0.125000 29.125000 -0.390728 -0.125176 29.124990 -0.390662 0.188557
14749 -0.125000 29.625000 -0.400162 -0.125261 29.624978 -0.400053 0.283158
14750 -0.125000 29.875000 -0.404111 -0.752914 30.123825 -0.141325 724.739006
14751 -0.325823 29.875000 -0.375000 -0.326037 29.875083 -0.374996 0.229762
14752 -0.125000 30.125000 -0.396093 -0.761027 30.325248 -0.105912 727.210134
14753 -0.321598 30.125000 -0.375000 -0.503690 30.344318 -0.453041 295.547384
14754 -0.321598 30.125000 -0.375000 -0.503690 30.344318 -0.453041 295.547384
14757 -0.125000 30.625000 -0.380248 -0.124971 30.624898 -0.380202 0.116089
14758 -0.125000 30.875000 -0.388914 -0.124971 30.874859 -0.388871 0.150715
14759 -0.358134 30.875000 -0.375000 -0.358649 30.876627 -0.375714 1.850305
14768 0.104052 30.375000 -0.875000 -0.551240 30.591534 -0.584565 748.763528
14771 0.125000 30.625000 -0.907795 -0.456290 30.814632 -0.674346 654.489493
14772 -0.125000 30.625000 -0.960146 -0.370295 30.774337 -0.938825 287.968102
14773 0.125000 30.875000 -0.904186 -0.571485 31.093174 -0.614196 785.357300
14774 -0.125000 30.875000 -0.966475 -0.820670 31.073198 -0.676412 779.342661
14779 0.094659 29.875000 -0.875000 0.094473 29.874994 -0.874919 0.202683
14780 0.125000 29.875000 -0.847077 0.124808 29.874996 -0.846992 0.209831
14781 0.125000 29.805400 -0.875000 0.124819 29.805399 -0.874939 0.191451
14789 0.125000 28.625000 -0.474126 0.124842 28.624992 -0.474058 0.172172
14790 0.125000 28.875000 -0.420895 0.124838 28.875007 -0.420835 0.173236
14791 0.125000 29.125000 -0.407802 0.124815 29.125050 -0.407762 0.195584
14792 0.125000 29.375000 -0.396979 -0.061510 29.692937 -0.492979 380.901860
14793 0.125000 29.625000 -0.409389 -0.474954 29.942604 -0.176412 717.700999
14794 0.125000 29.875000 -0.396921 -0.005333 30.180988 -0.497158 347.364976
14810 -1.875000 32.035800 -1.625000 -1.875184 32.035806 -1.624996 0.184058
14811 -1.125000 31.953600 -1.125000 -1.125100 31.953552 -1.124962 0.117463
14812 -1.125000 31.875000 -1.157370 -1.129849 31.880550 -1.159490 7.668744
14817 -2.625000 32.125000 -0.737002 -2.678227 32.145072 -0.738102 56.896342
14958 1.875000 10.702200 2.125000 1.875109 10.702219 2.125072 0.132462
14959 1.863910 10.875000 2.125000 1.864048 10.875025 2.125071 0.156976
14960 1.875000 10.875000 2.088110 1.875106 10.875019 2.088144 0.112759
14963 1.875000 11.125000 2.032700 1.875087 11.124992 2.032733 0.093351
14964 1.855450 11.125000 2.125000 1.855587 11.125023 2.125043 0.145209
14967 1.875000 11.375000 1.958240 1.875122 11.375047 1.958297 0.142581
14970 1.875000 11.563400 1.125000 1.875104 11.563405 1.125042 0.112377
14971 1.869730 11.625000 1.125000 1.869838 11.625018 1.125056 0.122838
14972 1.875000 11.625000 0.997623 1.875119 11.625026 0.997681 0.134892
14973 1.875000 11.625000 1.279620 1.875126 11.625040 1.279684 0.147102
14975 1.872260 11.625000 1.875000 1.872348 11.624992 1.875029 0.092566
14976 1.875000 11.625000 1.813410 1.875119 11.625024 1.813456 0.129856
14977 1.847450 11.625000 2.125000 1.847589 11.625026 2.125037 0.146216
14980 1.875000 11.850800 0.625000 1.875108 11.850817 0.625051 0.120524
14981 1.871340 11.875000 0.625000 1.871446 11.875031 0.625059 0.125107
14982 1.875000 11.875000 0.606178 1.875110 11.875018 0.606226 0.121846
14983 1.875000 11.875000 0.712174 1.875108 11.875014 0.712219 0.118276
14984 1.875000 11.875000 1.110350 1.875099 11.875011 1.110397 0.109929
14985 1.874690 11.875000 1.125000 1.874810 11.875039 1.125058 0.138792
14986 1.875000 11.875000 1.126610 1.875112 11.875025 1.126668 0.128865
14987 1.875000 11.875000 1.690160 1.875112 11.875014 1.690206 0.122196
14988 1.864730 11.875000 1.875000 1.864838 11.875031 1.875063 0.128755
14989 1.852220 11.875000 2.125000 1.852367 11.875057 2.125071 0.172923
14992 2.125000 8.170200 2.125000 2.125153 8.170221 2.125041 0.159978
14993 2.108520 8.375000 2.125000 2.108703 8.375050 2.125053 0.197126
14994 2.125000 8.375000 2.040830 2.125149 8.375006 2.040873 0.155152
14996 2.125000 8.625000 2.011850 2.125168 8.625040 2.011899 0.179683
14997 2.099980 8.625000 2.125000 2.100129 8.625019 2.125043 0.156085
14999 2.125000 8.875000 1.971800 2.125125 8.874994 1.971828 0.127835
15000 2.084780 8.875000 2.125000 2.084911 8.874998 2.125025 0.133111
15002 2.125000 9.104510 1.875000 2.125149 9.104548 1.875057 0.164202
15003 2.122620 9.125000 1.875000 2.122785 9.125033 1.875047 0.174901
15004 2.125000 9.125000 1.858720 2.125147 9.125017 1.858778 0.159060
15007 2.125000 9.359750 1.875000 2.125151 9.359771 1.875052 0.161316
15008 2.125000 9.375000 1.875430 2.125143 9.375013 1.875491 0.156442
15009 2.031120 9.375000 2.125000 2.031299 9.375018 2.125060 0.189477
15011 2.125000 9.452080 0.625000 2.125129 9.452071 0.625034 0.134088
15012 2.105640 9.625000 0.625000 2.105778 9.625034 0.625052 0.151795
15013 2.125000 9.625000 0.512643 2.125143 9.624998 0.512677 0.146869
15014 2.125000 9.625000 0.752773 2.125118 9.625009 0.752814 0.124652
15015 2.125000 9.378170 1.875000 2.125142 9.378193 1.875058 0.155337
15016 2.111540 9.625000 1.875000 2.111675 9.625037 1.875066 0.155357
15017 2.125000 9.625000 1.767060 2.125145 9.625017 1.767098 0.151196
15018 2.026190 9.625000 2.125000 2.026338 9.625028 2.125026 0.152581
15020 2.125000 9.875000 0.127868 2.125142 9.875044 0.127929 0.161309
15021 2.125000 9.875000 0.611935 2.125139 9.875011 0.611981 0.146957
15022 2.121030 9.875000 0.625000 2.121166 9.875022 0.625046 0.145310
15023 2.125000 9.775680 0.875000 2.125131 9.775692 0.875064 0.146703
15024 2.108750 9.875000 0.875000 2.108875 9.875008 0.875042 0.132074
15026 2.125000 9.846610 1.375000 2.125135 9.846619 1.375064 0.149382
15027 2.121240 9.875000 1.375000 2.121378 9.875017 1.375061 0.151855
15028 2.125000 9.875000 1.162960 2.125151 9.875024 1.163024 0.165602
15029 2.125000 9.758630 1.625000 2.125101 9.758633 1.625015 0.101824
15030 2.106570 9.875000 1.625000 2.106703 9.875009 1.625046 0.141378
15031 2.098360 9.875000 1.875000 2.098492 9.875018 1.875046 0.141164
15032 1.993330 9.875000 2.125000 1.993461 9.874988 2.125041 0.137936
15034 2.125000 10.125000 0.543776 2.125137 10.125043 0.543845 0.159518
15035 2.099010 10.125000 0.625000 2.099104 10.124983 0.625045 0.105617
15036 2.038350 10.125000 0.875000 2.038479 10.125011 0.875039 0.135581
15037 2.125000 9.877990 1.125000 2.125156 9.878028 1.125055 0.169548
15038 2.073830 10.125000 1.125000 2.073962 10.125027 1.125053 0.144956
15039 2.060150 10.125000 1.375000 2.060282 10.125021 1.375049 0.142923
15040 2.035610 10.125000 1.625000 2.035723 10.125013 1.625058 0.127513
15041 2.017210 10.125000 1.875000 2.017345 10.125019 1.875039 0.141824
15042 1.968180 10.125000 2.125000 1.968322 10.125018 2.125071 0.159545
15044 2.099010 10.125000 0.625000 2.099104 10.124983 0.625045 0.105617
15045 2.125000 10.239600 0.625000 2.125143 10.239624 0.625057 0.156096
15046 2.125000 10.375000 0.667692 2.125164 10.375049 0.667749 0.180002
15047 2.005020 10.375000 0.875000 2.005166 10.375043 0.875064 0.164897
15048 2.017800 10.375000 1.125000 2.017951 10.375044 1.125080 0.176161
15049 2.004890 10.375000 1.375000 2.005025 10.375027 1.375069 0.153349
15050 2.001030 10.375000 1.625000 2.001149 10.375002 1.625058 0.131755
15051 1.962070 10.375000 1.875000 1.962191 10.375019 1.875042 0.129192
15052 1.925800 10.375000 2.125000 1.925925 10.375024 2.125054 0.138665
15054 2.125000 10.452400 0.625000 2.125117 10.452400 0.625052 0.128055
15055 2.065210 10.625000 0.625000 2.065344 10.625028 0.625064 0.150612
15056 2.125000 10.625000 0.591372 2.125099 10.625002 0.591402 0.103916
15057 2.002520 10.625000 0.875000 2.002648 10.625010 0.875047 0.136424
15058 1.981850 10.625000 1.125000 1.981980 10.624999 1.125055 0.140692
15059 1.966560 10.625000 1.375000 1.966661 10.625004 1.375051 0.113214
15060 1.984210 10.625000 1.625000 1.984331 10.625002 1.625047 0.129781
15061 1.961040 10.625000 1.875000 1.961145 10.625015 1.875056 0.120069
15062 1.882080 10.625000 2.125000 1.882198 10.625014 2.125065 0.135105
15065 2.048460 10.875000 0.625000 2.048586 10.875029 0.625039 0.134643
15066 1.999360 10.875000 0.875000 1.999494 10.875029 0.875053 0.147326
15067 1.954630 10.875000 1.125000 1.954731 10.875003 1.125035 0.106787
15068 1.941040 10.875000 1.375000 1.941154 10.875011 1.375038 0.120501
15069 1.959780 10.875000 1.625000 1.959903 10.875030 1.625054 0.137744
15070 1.951320 10.875000 1.875000 1.951447 10.875001 1.875040 0.132749
15072 2.125000 11.125000 0.592309 2.125125 11.125019 0.592370 0.140470
15073 2.021620 11.125000 0.625000 2.021755 11.125016 0.625045 0.142814
15074 1.953400 11.125000 0.875000 1.953523 11.125019 0.875059 0.137536
15075 1.925100 11.125000 1.125000 1.925207 11.125012 1.125041 0.115182
15076 1.912090 11.125000 1.375000 1.912224 11.125021 1.375049 0.143708
15077 1.921370 11.125000 1.625000 1.921507 11.125026 1.625052 0.148651
15078 1.921850 11.125000 1.875000 1.921956 11.125003 1.875034 0.111801
15079 2.125000 11.375000 0.572442 2.125122 11.375034 0.572505 0.141599
15080 1.966180 11.375000 0.625000 1.966319 11.375035 0.625050 0.151426
15081 1.902720 11.375000 0.875000 1.902858 11.375038 0.875057 0.153799
15082 1.895460 11.375000 1.125000 1.895565 11.374999 1.125045 0.114422
15083 1.880030 11.375000 1.375000 1.880155 11.375038 1.375059 0.143135
15084 1.881760 11.375000 1.625000 1.881855 11.375015 1.625053 0.109586
15086 2.125000 11.625000 0.481768 2.125100 11.625003 0.481813 0.109530
15087 1.919990 11.625000 0.625000 1.920107 11.625034 0.625057 0.134280
15088 1.881520 11.625000 0.875000 1.881643 11.625032 0.875062 0.141363
15089 1.878750 11.625000 1.375000 1.878855 11.625023 1.375044 0.115959
15090 1.883380 11.625000 1.625000 1.883508 11.625030 1.625064 0.146450
15091 1.886060 11.375000 1.875000 1.886197 11.375035 1.875072 0.158814
15092 2.125000 11.787100 0.375000 2.125108 11.787120 0.375047 0.119770
15093 1.979160 11.875000 0.375000 1.979260 11.875012 0.375045 0.110026
15094 2.125000 11.875000 0.259013 2.125124 11.875032 0.259053 0.134570
15095 1.881830 11.875000 0.875000 1.881935 11.875028 0.875050 0.119339
15096 1.925790 11.875000 1.375000 1.925895 11.875030 1.375055 0.122612
15097 1.878410 11.875000 1.625000 1.878520 11.875018 1.625054 0.123911
15098 2.218120 8.375000 0.375000 2.218262 8.375025 0.375051 0.153175
15099 2.239860 8.375000 0.625000 2.240006 8.375011 0.625049 0.154345
15100 2.259070 8.375000 0.875000 2.259226 8.375012 0.875054 0.165133
15101 2.274600 8.375000 1.125000 2.274762 8.375014 1.125057 0.172421
15102 2.264080 8.375000 1.375000 2.264239 8.375025 1.375054 0.169866
15103 2.243860 8.375000 1.625000 2.244041 8.375034 1.625048 0.190075
15104 2.169920 8.375000 1.875000 2.170090 8.375016 1.875054 0.179084
15105 2.201110 8.625000 0.375000 2.201279 8.625023 0.375053 0.178603
15106 2.211180 8.625000 0.625000 2.211329 8.625010 0.625047 0.156303
15107 2.224780 8.625000 0.875000 2.224943 8.625029 0.875051 0.173578
15108 2.220860 8.625000 1.125000 2.220999 8.624993 1.125031 0.142436
15109 2.223810 8.625000 1.375000 2.223991 8.625044 1.375069 0.198575
15110 2.223560 8.625000 1.625000 2.223708 8.625004 1.625032 0.151733
15111 2.166700 8.625000 1.875000 2.166837 8.625019 1.875064 0.152202
15112 2.193630 8.875000 0.375000 2.193794 8.875042 0.375050 0.176659
15113 2.197530 8.875000 0.625000 2.197676 8.875016 0.625053 0.156365
15114 2.206410 8.875000 0.875000 2.206555 8.875023 0.875043 0.153530
15115 2.201030 8.875000 1.125000 2.201171 8.875011 1.125047 0.149241
15116 2.198480 8.875000 1.375000 2.198654 8.875027 1.375051 0.183207
15117 2.181710 8.875000 1.625000 2.181851 8.875020 1.625051 0.151131
15119 2.181240 9.125000 0.375000 2.181381 9.125023 0.375059 0.154112
15120 2.170360 9.125000 0.625000 2.170530 9.125017 0.625058 0.180733
15121 2.204860 9.125000 0.875000 2.205001 9.125007 0.875038 0.146567
15122 2.190490 9.125000 1.125000 2.190636 9.125035 1.125077 0.168154
15123 2.180600 9.125000 1.375000 2.180772 9.125027 1.375071 0.187763
15124 2.159710 9.125000 1.625000 2.159861 9.125016 1.625066 0.165765
15125 2.182910 9.375000 0.375000 2.183031 9.375010 0.375044 0.128848
15126 2.135540 9.375000 0.625000 2.135693 9.375029 0.625046 0.162480
15127 2.184490 9.375000 0.875000 2.184627 9.375035 0.875051 0.150241
15128 2.157320 9.375000 1.125000 2.157478 9.375021 1.125055 0.168711
15130 2.139230 9.375000 1.625000 2.139350 9.375004 1.625027 0.123277
15131 2.125170 9.375000 1.875000 2.125310 9.375015 1.875063 0.154173
15132 2.152740 9.625000 0.375000 2.152869 9.625000 0.375048 0.137823
15133 2.146440 9.625000 0.875000 2.146574 9.625032 0.875061 0.150412
15134 2.127900 9.625000 1.125000 2.128045 9.625026 1.125058 0.158296
15135 2.149590 9.625000 1.375000 2.149744 9.625024 1.375046 0.162029
15136 2.139440 9.625000 1.625000 2.139581 9.625031 1.625058 0.155771
15137 2.177350 9.875000 0.375000 2.177503 9.875044 0.375043 0.165423
15138 2.125490 9.875000 1.125000 2.125593 9.874989 1.125030 0.108189
15139 2.166720 10.125000 0.375000 2.166881 10.125035 0.375055 0.173960
15141 2.150500 10.375000 0.625000 2.150611 10.374991 0.625039 0.117950
15147 2.375000 11.117300 0.375000 2.375140 11.117323 0.375048 0.150220
15148 2.371600 11.125000 0.375000 2.371730 11.125007 0.375040 0.136515
15156 2.625000 10.779700 0.375000 2.625148 10.779745 0.375041 0.159923
15157 2.625000 10.875000 0.269924 2.625129 10.875018 0.269985 0.144363
15159 2.381780 11.125000 0.375000 2.381865 11.125025 0.375076 0.116955
15161 2.597640 11.125000 0.625000 2.597755 11.125041 0.625071 0.141772
15164 2.625000 11.162900 0.625000 2.625137 11.162949 0.625055 0.155327
15165 2.625000 11.375000 0.376605 2.625106 11.375007 0.376670 0.124137
15173 2.651650 10.875000 0.625000 2.651796 10.875051 0.625055 0.164197
15181 2.740920 11.125000 1.125000 2.741041 11.125033 1.125073 0.144897
15186 2.626450 11.375000 0.375000 2.626597 11.375067 0.375045 0.167944
15212 1.875000 11.997500 0.875000 1.875140 11.997543 0.875053 0.155894
15213 1.875000 11.877100 1.125000 1.875139 11.877155 1.125064 0.162507
15214 1.875000 11.960600 1.625000 1.875113 11.960613 1.625048 0.123220
15217 0.358945 28.375000 -0.875000 0.358809 28.374989 -0.874935 0.150834
15218 0.375000 28.375000 -0.853123 0.374866 28.375008 -0.853070 0.144201
15219 0.375000 28.355100 -0.875000 0.374871 28.355104 -0.874946 0.140240
15220 0.375000 28.198700 -0.375000 -0.103642 28.441071 -0.087006 608.919436
15221 0.375000 28.375000 -0.387636 -0.118406 28.615090 -0.098940 620.031142
15222 0.375000 28.393800 -0.875000 0.374865 28.393803 -0.874956 0.141590
15223 0.375000 28.625000 -0.401789 -0.010607 29.044582 -0.231059 594.887231
15225 0.375000 28.875000 -0.720956 0.374833 28.875016 -0.720894 0.178535
15226 0.375000 28.751400 -0.875000 0.374859 28.751421 -0.874956 0.149476
15227 0.375000 28.875000 -0.389077 0.227280 29.194480 -0.452132 357.581410
15228 0.375000 28.986900 -0.875000 0.374875 28.986940 -0.874946 0.142110
15229 0.375000 29.125000 -0.388549 -0.046196 29.549138 -0.276255 608.201987
15230 0.375000 29.375000 -0.387747 -0.159265 29.765324 -0.195375 689.056154
15231 0.186393 29.625000 -0.875000 0.186224 29.625009 -0.874939 0.179804
15232 0.375000 29.625000 -0.764535 0.370397 29.653541 -0.776069 31.125833
15233 0.375000 29.498600 -0.875000 0.374836 29.498618 -0.874950 0.172767
15236 0.375000 29.875000 -0.404143 -0.242841 30.116998 -0.114563 723.979690
15238 0.375000 29.929400 -0.875000 0.374838 29.929395 -0.874925 0.178159
15242 0.134768 30.375000 -0.875000 0.134459 30.375064 -0.874935 0.322364
15253 0.625000 28.375000 -0.378801 0.658408 28.490431 -0.432565 131.647057
15254 0.625000 28.625000 -0.377165 0.666664 28.798970 -0.458148 196.365949
15255 0.625000 28.875000 -0.750764 0.625207 28.899408 -0.761746 26.765950
15256 0.625000 28.688300 -0.875000 0.624867 28.688323 -0.874952 0.142640
15257 0.625000 28.875000 -0.384697 0.542752 29.150414 -0.436121 291.996321
15258 0.522717 29.125000 -0.875000 0.522571 29.125017 -0.874922 0.166765
15260 0.625000 29.125000 -0.387269 0.657530 29.341074 -0.480178 237.440813
15262 0.625000 29.375000 -0.396023 0.658731 29.632927 -0.501534 280.707545
15263 0.577933 29.625000 -0.875000 0.577749 29.624998 -0.874934 0.195746
15264 0.625000 29.625000 -0.396194 0.663157 29.902880 -0.505536 301.046165
15266 0.625000 29.875000 -0.399565 0.007208 30.138303 -0.110755 731.030766
15267 0.625000 30.125000 -0.385573 -0.013375 30.385954 -0.095859 748.033172
15268 0.625000 30.375000 -0.987570 -0.022094 30.650217 -0.712818 754.959570
15269 0.625000 30.125000 -0.939080 0.624756 30.125145 -0.939053 0.285165
15270 0.625000 30.238100 -0.375000 0.583761 30.428969 -0.399047 196.747845
15271 0.578012 30.375000 -0.375000 -0.079717 30.631584 -0.085401 763.092406
15272 0.625000 30.375000 -0.361217 0.561777 30.578039 -0.372104 212.933446
15285 0.875000 28.375000 -0.395495 0.959112 28.537959 -0.473792 199.401299
15286 0.875000 28.625000 -0.388273 0.968504 28.828700 -0.481406 242.714377
15287 0.875000 28.875000 -0.776864 0.877066 28.894266 -0.784969 21.003322
15288 0.875000 28.759500 -0.875000 0.874867 28.759530 -0.874947 0.146219
15289 0.875000 28.875000 -0.391971 0.339307 29.160970 -0.104617 671.802663
15291 0.875000 29.125000 -0.393541 0.937310 29.294688 -0.467195 195.195918
15296 0.875000 29.625000 -0.403097 0.276934 29.908439 -0.114288 722.101658
15298 0.875000 29.875000 -0.995916 0.880186 29.936951 -1.027797 69.865600
15300 0.625000 29.875000 -0.915863 0.624820 29.875025 -0.915797 0.193312
15301 0.875000 29.875000 -0.403267 0.256921 30.158349 -0.114525 738.701777
15302 0.875000 30.125000 -0.978821 0.879770 30.201227 -1.014157 84.153739
15303 0.875000 30.125000 -0.384096 0.236645 30.406929 -0.094891 755.394283
15304 0.875000 30.375000 -0.975455 0.255609 30.660335 -0.715235 729.914601
15305 0.875000 30.222200 -0.375000 0.310137 30.513947 -0.129968 681.342366
15306 0.875000 30.375000 -0.358090 0.911322 30.568748 -0.401057 201.752038
15307 0.875000 30.625000 -0.984028 0.304983 30.876805 -0.759398 662.407906
15308 0.625000 30.625000 -0.970806 0.472335 30.756778 -0.955202 202.276434
15309 0.875000 30.625000 -0.333748 0.881286 30.793544 -0.354427 169.923890
15315 0.875000 31.875000 -0.998044 0.340266 31.961708 -0.794050 578.853790
15316 0.875000 31.625000 -0.998927 0.658246 31.677094 -0.938204 231.048977
15317 0.748927 31.625000 -1.125000 -0.005292 31.818523 -0.813081 838.803492
15319 1.064210 28.375000 -1.125000 1.077482 28.447296 -1.161022 81.856547
15320 1.125000 28.375000 -1.070080 1.132380 28.427422 -1.096460 59.148086
15321 1.125000 28.375000 -0.391720 0.632878 28.682266 -0.106180 646.628997
15322 0.875000 28.470900 -1.125000 0.885895 28.526707 -1.153622 63.657517
15323 0.875000 28.625000 -0.958555 0.874864 28.625044 -0.958510 0.149611
15325 1.125000 28.422900 -1.125000 1.128845 28.462953 -1.144266 44.611904
15326 1.125000 28.625000 -0.396881 1.230444 28.778569 -0.468339 199.519845
15327 0.959241 28.875000 -0.875000 0.959106 28.875027 -0.874951 0.146567
15328 1.125000 28.875000 -0.989782 1.124865 28.875021 -0.989727 0.147123
15329 1.125000 28.739300 -1.125000 1.124865 28.739334 -1.124956 0.145570
15330 1.125000 28.875000 -0.399782 0.588919 29.180562 -0.112254 680.752245
15333 1.125000 29.125000 -0.395671 0.568605 29.430930 -0.108248 696.980029
15336 1.125000 29.375000 -0.396026 0.546774 29.679066 -0.107466 714.190720
15339 1.125000 29.875000 -0.987290 1.127274 29.913639 -1.003864 42.105008
15340 1.125000 29.875000 -0.402119 0.505577 30.177018 -0.112730 747.426415
15341 1.125000 30.125000 -0.386567 0.486163 30.426846 -0.097379 763.448259
15342 1.125000 30.260000 -0.375000 0.485819 30.564487 -0.091039 762.823018
15343 1.125000 30.375000 -0.359466 0.616335 30.638521 -0.146322 611.239048
15344 1.125000 30.625000 -0.311727 0.544012 30.885754 -0.069584 681.302454
15345 1.125000 30.875000 -0.996833 0.677376 31.093502 -0.827565 526.081488
15346 1.125000 30.625000 -0.999772 0.471923 30.904826 -0.721305 763.122115
15347 0.875000 30.875000 -0.987605 0.877262 30.973669 -1.025421 105.691204
15348 1.125000 30.875000 -0.234611 0.918686 30.985199 -0.160204 245.449996
15349 1.125000 31.125000 -0.180249 0.408866 31.421413 0.108905 827.235371
15351 0.875000 31.375000 -0.997127 0.783435 31.494987 -0.994118 150.964181
15353 1.125000 31.375000 -0.996818 1.150411 31.506126 -1.045649 142.211633
15356 1.375000 28.375000 -0.988573 1.311322 28.428855 -0.986692 83.419746
15367 1.375000 29.875000 -0.386697 0.754973 30.196810 -0.097243 756.161139
15368 1.375000 30.011500 -0.375000 0.766787 30.354606 -0.097069 751.592185
15369 1.255410 30.125000 -0.375000 0.617880 30.438842 -0.086543 766.908244
15370 1.375000 30.125000 -0.361945 0.755888 30.461747 -0.082024 758.322783
15371 1.375000 30.375000 -0.320383 0.728428 30.689410 -0.036441 773.001666
15372 1.375000 30.625000 -0.226572 0.702274 30.924742 0.060085 790.302504
15373 1.375000 30.767900 -0.125000 0.861302 31.012476 0.087332 607.278799
15374 1.281780 30.875000 -0.125000 0.670490 31.131437 0.125635 708.698280
15375 1.176670 31.125000 -0.125000 0.837226 31.261152 0.003155 387.535290
15376 1.151870 31.375000 -0.125000 0.415947 31.672373 0.164141 844.758481
15380 1.625000 28.375000 -1.157660 1.618025 28.379313 -1.157875 8.203669
15381 1.501210 28.375000 -1.375000 1.504953 28.416189 -1.396136 46.446851
15382 1.625000 28.261200 -1.375000 1.626715 28.291895 -1.389999 34.206244
15390 1.585220 29.375000 -1.125000 1.585074 29.375048 -1.124959 0.158964
15391 1.625000 29.437000 -1.125000 1.624846 29.437040 -1.124959 0.164471
15395 1.625000 29.758600 -1.125000 1.624857 29.758623 -1.124929 0.161354
15396 1.450040 29.875000 -1.125000 1.454294 29.903175 -1.135230 30.274530
15397 1.625000 29.875000 -1.244380 1.630425 29.901356 -1.254848 28.872959
15399 1.625000 29.954500 -1.125000 1.620741 29.963478 -1.126113 9.998854
15400 1.625000 30.125000 -0.980645 1.005254 30.462014 -0.703026 758.113114
15401 1.375000 30.125000 -0.999694 1.119418 30.260732 -0.932481 297.090795
15402 1.625000 29.938900 -0.375000 1.750026 30.154608 -0.425426 254.369921
15403 1.625000 30.125000 -0.345465 1.006424 30.477690 -0.065067 765.277230
15404 1.625000 30.375000 -0.292607 0.975400 30.711985 -0.007379 785.425927
15406 1.625000 30.702000 -0.125000 0.944993 31.025454 0.161210 805.573026
15414 1.875000 29.875000 -1.309380 1.882194 29.899368 -1.319451 27.330408
15415 1.875000 29.995000 -1.125000 1.899871 30.047221 -1.147425 62.035726
15416 1.727260 30.125000 -0.875000 1.110566 30.468262 -0.598606 757.980717
15417 1.875000 30.009900 -0.875000 1.921719 30.119062 -0.909423 123.628071
15418 1.875000 30.125000 -0.737313 1.233936 30.485259 -0.448003 790.221018
15420 1.875000 30.125000 -0.349193 1.340823 30.434782 -0.109948 662.229360
15422 1.875000 30.375000 -1.000000 1.213194 30.734336 -0.710412 806.827924
15423 1.625000 30.375000 -0.976340 0.964697 30.715231 -0.687323 797.049204
15424 1.875000 30.375000 -0.260800 1.222553 30.724095 0.024801 793.171871
15425 1.875000 30.625000 -0.999924 1.193108 30.983341 -0.710172 823.007851
15426 1.625000 30.625000 -1.000000 0.943896 30.963556 -0.710290 813.913301
15427 1.875000 30.613000 -0.125000 1.197545 30.949159 0.161574 808.747036
15428 1.844190 30.625000 -0.125000 1.165489 30.961983 0.162178 810.347852
15437 2.125000 30.047700 -0.375000 2.151971 30.141780 -0.379188 97.959285
15438 2.125000 30.125000 -0.352297 2.144433 30.213129 -0.353719 90.256931
15442 2.125000 30.375000 -0.233390 1.579005 30.672638 0.003242 665.352356
15443 2.125000 30.512000 -1.625000 2.021818 30.491284 -1.582431 113.524378
15444 2.042450 30.625000 -1.625000 1.632514 30.783097 -1.492186 459.000944
15445 2.125000 30.625000 -1.720670 1.759033 30.755344 -1.607146 404.733291
15446 2.125000 30.625000 -1.545600 1.484933 30.940222 -1.275388 762.932249
15447 2.125000 30.515000 -0.125000 2.128869 30.562545 -0.120430 47.920334
15448 2.125000 30.721000 -1.625000 1.436288 31.061575 -1.328427 823.571756
15455 2.375000 29.875000 -0.408282 1.753393 30.275769 -0.119126 794.117399
15456 2.375000 29.995100 -0.375000 2.373467 30.028660 -0.371803 33.746742
15457 2.375000 30.125000 -0.320815 2.383359 30.154986 -0.320244 31.134292
15458 2.375000 30.375000 -0.193861 1.822978 30.682920 0.044452 675.526738
15463 2.375000 30.375000 -1.796090 1.719327 30.771556 -1.508491 818.460211
15464 2.186280 30.625000 -1.625000 1.557312 30.935625 -1.361046 749.507248
15465 2.375000 30.451000 -0.125000 1.803512 30.761699 0.118945 694.724043
15466 2.375000 30.712000 -1.875000 1.695121 31.056478 -1.583271 816.092476
15467 2.260130 30.875000 -1.875000 1.614282 31.169890 -1.612337 757.015014
15470 2.281240 30.875000 -1.375000 1.575013 31.223719 -1.076678 842.233858
15471 2.375000 30.875000 -1.468760 2.402282 30.946798 -1.497866 82.136887
15472 2.375000 30.781200 -1.375000 1.773857 31.075417 -1.128417 713.260212
15477 2.375000 30.970300 -1.875000 2.379117 31.016059 -1.892609 49.202817
15485 2.625000 29.930300 -0.375000 2.649080 29.976963 -0.377503 52.569537
15486 2.625000 30.125000 -0.285967 2.215555 30.360006 -0.109185 504.108263
15487 2.625000 30.321500 -0.125000 2.003133 30.671654 0.142632 762.203215
15488 2.523590 30.375000 -0.125000 2.009515 30.670255 0.097710 633.283424
15493 2.625000 30.875000 -1.971200 2.624800 30.875039 -1.971118 0.220020
15494 2.539220 30.625000 -1.875000 2.541369 30.650694 -1.884261 27.396536
15495 2.625000 30.971200 -1.875000 2.654789 31.035093 -1.908164 77.907000
15504 2.875000 29.812700 -0.375000 2.883034 29.833381 -0.374136 22.203513
15506 2.875000 29.875000 -0.343155 2.895123 29.906082 -0.344624 37.056574
15507 2.875000 30.125000 -0.214093 2.913360 30.184194 -0.215169 70.544465
15508 2.875000 30.205900 -0.125000 2.913862 30.267599 -0.124118 72.922856
15509 2.786860 30.875000 -2.125000 2.786683 30.875067 -2.124953 0.195007
15512 2.688980 31.125000 -2.125000 2.688766 31.125065 -2.124966 0.226740
15520 2.875000 28.375000 -0.705409 2.378416 28.817688 -0.419128 724.240928
15521 3.099050 28.375000 -0.875000 2.599473 28.835401 -0.588053 737.485056
15523 2.875000 28.625000 -0.720329 2.415870 29.073916 -0.452089 695.901211
15524 3.020690 28.625000 -0.875000 2.501429 29.078455 -0.587974 746.750801
15528 2.875000 28.751400 -0.875000 2.347687 29.194179 -0.588500 745.784190
15529 2.981550 28.875000 -0.375000 2.439821 29.325405 -0.086688 761.221659
15535 3.125000 29.739700 -0.375000 3.156463 29.779581 -0.378118 50.893247
15536 3.125000 29.875000 -0.271532 3.151888 29.910877 -0.272253 44.840513
15537 3.125000 30.051300 -0.125000 3.162150 30.096355 -0.125475 58.398207
15538 3.033320 30.125000 -0.125000 3.094895 30.198065 -0.127382 95.580503
15541 2.915620 31.625000 -0.375000 2.150824 32.062522 -0.085003 927.597297
15542 3.125000 31.408800 -0.375000 2.376783 31.863694 -0.085010 922.416301
15543 3.125000 31.594800 -0.625000 2.361927 32.049038 -0.335026 934.183241
15544 3.047680 31.625000 -0.625000 2.282457 32.072985 -0.335010 932.925689
15545 2.893350 31.625000 -0.125000 2.128623 32.060774 0.165001 926.718253
15546 3.125000 31.497100 -0.125000 2.369735 31.951689 0.164992 927.993268
15556 3.375000 29.625000 -0.380229 2.770690 30.104540 -0.091305 823.788122
15558 3.375000 29.875000 -0.198885 3.427173 29.930866 -0.201164 76.473575
15559 3.375000 29.922100 -0.125000 3.429576 29.981852 -0.125467 80.926355
15574 3.449580 29.375000 -0.375000 2.866344 29.860648 -0.086592 811.909339
15576 3.401160 29.625000 -0.375000 3.473640 29.700400 -0.383110 104.901204
15577 3.625000 29.625000 -0.298315 3.718956 29.720612 -0.304577 134.196043
15578 3.575000 29.875000 -0.125000 3.645279 29.949023 -0.125098 102.070937
15579 3.625000 29.856400 -0.125000 3.698297 29.931165 -0.125286 104.700900
15639 0.182156 32.125000 -1.125000 0.175424 32.117398 -1.119976 11.329307
15640 0.375000 31.930300 -1.125000 0.365072 31.916492 -1.116489 19.017273
15641 0.500000 32.125000 -1.125000 0.486232 32.107500 -1.114507 24.615172
15654 2.094340 31.875000 0.125000 2.145804 32.028625 0.134209 162.277755
15655 2.125000 31.875000 0.095161 2.178436 32.029587 0.103041 163.752132
15656 2.240540 31.875000 0.125000 2.301461 32.033322 0.134030 169.878304
15657 2.375000 31.901400 0.125000 2.443588 32.063153 0.133967 175.923033
15660 2.482680 31.875000 0.125000 1.699352 32.277295 0.415015 927.120530
15661 3.625000 29.875000 -0.088532 3.624870 29.875072 -0.088465 0.162832
15662 3.775280 29.875000 0.125000 3.775135 29.875045 0.125040 0.157245
15663 3.125000 30.033200 0.125000 3.164140 30.079637 0.128374 60.825352
15664 3.009950 30.125000 0.125000 3.072209 30.199389 0.129174 97.094455
15665 3.375000 29.954000 0.125000 3.427474 30.012912 0.129737 79.035498
15666 3.625000 29.930300 0.125000 3.624839 29.930386 0.125057 0.191132
15667 2.625000 30.375000 -0.019113 2.140580 30.661957 0.192735 601.570548
15668 2.718720 30.375000 0.125000 2.741042 30.429623 0.132441 59.475254
15669 2.875000 30.224100 0.125000 2.911078 30.284740 0.131628 70.871189
15670 1.875000 30.625000 -0.108094 1.198330 30.964762 0.178140 809.475729
15671 2.125000 30.625000 0.014342 1.546253 30.930121 0.259826 698.791516
15672 2.375000 30.625000 0.090885 1.687068 30.983770 0.375336 826.364999
15673 2.439410 30.625000 0.125000 1.750167 30.987386 0.409074 828.900927
15674 2.625000 30.492800 0.125000 2.616428 30.598953 0.153967 110.367323
15675 1.375000 30.780700 0.125000 0.843146 31.026734 0.348391 627.139907
15676 1.278180 30.875000 0.125000 0.637979 31.143608 0.388813 742.701532
15677 1.625000 30.780300 0.125000 1.176678 31.005039 0.315170 536.344031
15678 1.875000 30.751500 0.125000 1.210972 31.067521 0.399149 784.830817
15679 2.125000 30.692500 0.125000 1.519868 31.000124 0.377993 724.446782
15680 2.375000 30.657400 0.125000 1.684118 31.015143 0.409133 828.269225
15681 1.278180 30.875000 0.125000 0.660475 31.131940 0.379125 715.651559
15682 1.198400 31.125000 0.125000 0.848853 31.265316 0.264074 401.513604
15683 0.625000 31.365400 0.125000 0.613227 31.368789 0.129347 12.999385
15687 1.166210 31.375000 0.125000 0.430216 31.673325 0.414075 845.132563
15696 2.455090 31.625000 0.125000 2.387119 31.825712 0.182703 219.624825
15697 2.625000 31.536600 0.125000 2.602095 31.746593 0.173775 216.796523
15698 2.625000 31.625000 0.032303 1.861144 32.039453 0.322308 916.160276
15699 2.875000 31.438200 0.125000 2.921586 31.648602 0.157912 217.996536
15700 2.875000 31.625000 -0.109507 2.110322 32.059293 0.180483 925.978719
15702 2.125000 31.837300 0.125000 2.182083 31.993894 0.133620 166.896343
15704 -2.713930 7.625000 0.375000 -2.713760 7.624939 0.375068 0.192895
15706 -2.875000 7.625000 0.238591 -2.874832 7.624949 0.238642 0.182454
15707 -2.842290 7.875000 0.375000 -2.842127 7.874969 0.375051 0.173196
15708 -2.625000 7.789620 0.625000 -2.624829 7.789581 0.625044 0.180722
15714 -2.375000 7.125000 0.698415 -2.374822 7.124952 0.698461 0.190482
15720 -2.434180 7.125000 1.375000 -2.434010 7.124964 1.375070 0.187198
15722 -2.398450 6.875000 1.625000 -2.398263 6.874952 1.625043 0.197599
15723 -2.375000 6.875000 1.524800 -2.374814 6.874967 1.524852 0.195842
15724 -2.399750 7.125000 1.625000 -2.399602 7.124975 1.625049 0.158272
15725 -2.375000 7.125000 1.746070 -2.374826 7.124938 1.746110 0.189080
15726 -2.375000 6.950610 1.875000 -2.374821 6.950582 1.875054 0.189441
15727 -2.388830 6.875000 1.875000 -2.388645 6.874967 1.875074 0.202213
15728 -2.375000 6.875000 1.923760 -2.374800 6.874937 1.923801 0.213708
15733 -2.375000 7.269240 0.625000 -2.374840 7.269209 0.625045 0.168825
15734 -2.417710 7.375000 0.625000 -2.417527 7.374953 0.625042 0.193409
15737 -2.458870 7.375000 1.125000 -2.458711 7.374960 1.125061 0.174681
15738 -2.462210 7.375000 1.375000 -2.462034 7.374938 1.375053 0.193637
15739 -2.384340 7.375000 1.625000 -2.384169 7.374954 1.625062 0.187258
15740 -2.375000 7.375000 1.664280 -2.374811 7.374939 1.664328 0.204599
15741 -2.375000 7.607290 0.625000 -2.374835 7.607248 0.625050 0.177130
15746 -2.451250 7.625000 1.125000 -2.451080 7.624963 1.125049 0.180423
15747 -2.419950 7.625000 1.375000 -2.419779 7.624950 1.375054 0.186421
15748 -2.393120 7.625000 1.625000 -2.392948 7.624948 1.625044 0.185031
15749 -2.375000 7.625000 1.729150 -2.374826 7.624947 1.729190 0.185932
15751 -2.502440 7.875000 0.625000 -2.502261 7.874956 0.625053 0.191381
15754 -2.429500 7.875000 1.125000 -2.429352 7.874971 1.125058 0.161877
15755 -2.398840 7.875000 1.375000 -2.398688 7.874971 1.375070 0.170160
15756 -2.382690 7.875000 1.625000 -2.382515 7.874956 1.625050 0.187627
15757 -2.375000 7.875000 1.804950 -2.374833 7.874962 1.805005 0.179952
15758 -2.223090 6.875000 0.625000 -2.222917 6.874963 0.625048 0.183832
15761 -2.375000 6.625000 0.507971 -2.374805 6.624939 0.508014 0.209042
15762 -2.125000 6.625000 0.480883 -2.124808 6.624944 0.480951 0.211373
15763 -2.375000 6.781020 0.625000 -2.374835 6.780985 0.625062 0.179376
15764 -2.248340 6.875000 0.875000 -2.248145 6.874947 0.875064 0.212234
15765 -2.125000 6.744650 0.875000 -2.124818 6.744605 0.875040 0.191242
15766 -2.125000 6.875000 0.714594 -2.124808 6.874945 0.714647 0.206466
15769 -2.125000 6.625000 0.999679 -2.124827 6.624972 0.999720 0.179860
15770 -2.375000 6.754260 1.125000 -2.374811 6.754187 1.125044 0.207393
15771 -2.375000 6.811500 1.375000 -2.374808 6.811439 1.375041 0.205975
15772 -2.356790 6.875000 1.375000 -2.356596 6.874950 1.375056 0.207945
15773 -2.345440 6.625000 2.125000 -2.345243 6.624932 2.125051 0.214204
15774 -2.375000 6.625000 2.003100 -2.374819 6.624972 2.003168 0.195386
15775 -2.297490 6.875000 2.125000 -2.297310 6.874939 2.125043 0.194568
15778 -2.125000 7.125000 0.273455 -2.124817 7.124944 0.273497 0.195488
15779 -2.151870 7.125000 0.625000 -2.151691 7.124951 0.625042 0.190275
15780 -2.216560 7.125000 0.875000 -2.216398 7.124965 0.875052 0.173974
15782 -2.337830 7.125000 1.875000 -2.337656 7.124957 1.875054 0.186804
15783 -2.266550 7.125000 2.125000 -2.266363 7.124947 2.125045 0.199087
15787 -2.204570 7.375000 0.625000 -2.204401 7.374961 0.625046 0.179665
15788 -2.125000 7.190050 0.625000 -2.124833 7.190012 0.625056 0.179896
15789 -2.157630 7.375000 0.875000 -2.157448 7.374948 0.875051 0.195838
15790 -2.323030 7.375000 1.875000 -2.322860 7.374958 1.875043 0.180467
15791 -2.242280 7.375000 2.125000 -2.242100 7.374943 2.125037 0.192568
15796 -2.352230 7.625000 1.875000 -2.352042 7.624943 1.875036 0.199698
15803 -2.372350 7.875000 1.875000 -2.372171 7.874944 1.875057 0.195822
15804 -2.273570 7.875000 2.125000 -2.273391 7.874944 2.125049 0.194464
15805 -2.125000 7.875000 2.338340 -2.124826 7.874963 2.338388 0.184365
15809 -2.125000 6.228610 0.875000 -2.124779 6.228558 0.875060 0.234945
15812 -2.125000 6.375000 0.351070 -2.124801 6.374957 0.351113 0.207878
15813 -2.027340 6.375000 0.375000 -2.027149 6.374953 0.375053 0.203661
15814 -1.886580 6.625000 0.375000 -1.886396 6.624971 0.375051 0.193468
15815 -1.875000 6.541830 0.625000 -1.874803 6.541781 0.625044 0.207371
15817 -1.951130 6.625000 0.625000 -1.950930 6.624940 0.625056 0.215995
15818 -1.875000 6.625000 0.393846 -1.874814 6.624957 0.393886 0.195183
15820 -1.875000 6.436670 0.875000 -1.874814 6.436623 0.875046 0.197637
15821 -1.875000 6.828960 0.625000 -1.874818 6.828917 0.625046 0.192878
15823 -1.875000 7.104610 0.375000 -1.874819 7.104574 0.375049 0.190518
15825 -1.875000 7.125000 0.367719 -1.874812 7.124946 0.367756 0.198817
15827 -1.875000 6.903080 0.625000 -1.874801 6.903014 0.625044 0.214574
15833 -1.875000 6.011500 0.625000 -1.874796 6.011431 0.625057 0.222565
15835 -1.716080 5.875000 0.625000 -1.715884 5.874952 0.625050 0.207916
15836 -1.875000 5.875000 0.870216 -1.874800 5.874948 0.870264 0.212117
15837 -1.875000 5.875000 0.876666 -1.874794 5.874954 0.876712 0.216059
15838 -1.724130 5.875000 1.125000 -1.723930 5.874964 1.125043 0.207959
15839 -1.697540 6.125000 1.125000 -1.697338 6.124947 1.125045 0.213678
15840 -1.625000 6.125000 1.190490 -1.624797 6.124945 1.190533 0.215061
15841 -1.625000 5.875000 1.223760 -1.624825 5.874998 1.223827 0.187370
15842 -1.801180 6.375000 0.875000 -1.801000 6.374963 0.875057 0.192485
15843 -1.625000 6.210220 0.875000 -1.624797 6.210188 0.875050 0.211650
15844 -1.625000 6.375000 0.743295 -1.624814 6.374975 0.743346 0.194376
15845 -1.625000 6.190490 1.125000 -1.624826 6.190484 1.125065 0.185296
15846 -1.776340 6.625000 0.625000 -1.776167 6.624981 0.625062 0.185017
15849 -1.734980 6.875000 0.875000 -1.734815 6.874975 0.875055 0.175637
15851 -1.625000 6.875000 0.966867 -1.624824 6.874979 0.966928 0.187756
15852 -1.859350 7.125000 0.375000 -1.859163 7.124949 0.375049 0.199515
15853 -1.759800 7.125000 0.625000 -1.759625 7.124971 0.625048 0.183569
15854 -1.625000 7.037490 0.875000 -1.624837 7.037485 0.875069 0.177001
15855 -1.625000 7.125000 0.793271 -1.624812 7.124957 0.793320 0.198585
15856 -1.625000 7.186460 0.375000 -1.624811 7.186415 0.375045 0.198992
15857 -1.625000 7.222940 0.625000 -1.624829 7.222912 0.625058 0.182829
15862 -1.625000 5.741040 0.375000 -1.624808 5.741022 0.375053 0.199715
15863 -1.625000 5.625000 0.277855 -1.624789 5.624958 0.277908 0.222160
15864 -1.385680 5.625000 0.375000 -1.385499 5.624987 0.375042 0.186468
15865 -1.375000 5.625000 0.598784 -1.374799 5.624955 0.598834 0.212428
15866 -1.375000 5.625760 0.625000 -1.374791 5.625716 0.625061 0.221900
15867 -1.625000 5.733390 0.625000 -1.624802 5.733354 0.625043 0.206042
15868 -1.625000 5.625000 0.733780 -1.624796 5.624951 0.733830 0.215441
15869 -1.375000 5.625000 0.626272 -1.374783 5.624941 0.626314 0.229188
15870 -1.375000 5.875000 0.970817 -1.374805 5.874977 0.970870 0.203511
15872 -1.625000 5.719190 1.125000 -1.624801 5.719149 1.125043 0.207670
15873 -1.625000 5.625000 0.957552 -1.624808 5.624970 0.957592 0.198448
15876 -1.375000 5.924930 0.875000 -1.374811 5.924915 0.875078 0.204959
15884 -1.549110 7.125000 0.875000 -1.548936 7.124971 0.875049 0.183535
15885 -1.375000 6.876560 1.125000 -1.374813 6.876529 1.125048 0.195775
15886 -1.446710 7.125000 1.125000 -1.446519 7.124948 1.125042 0.202284
15887 -1.375000 7.125000 1.181850 -1.374803 7.124939 1.181888 0.209285
15888 -1.375000 7.354570 0.375000 -1.374833 7.354540 0.375054 0.178352
15890 -1.375000 7.371110 0.875000 -1.374834 7.371090 0.875051 0.174724
15891 -1.375000 7.375000 0.894375 -1.374812 7.374946 0.894416 0.200325
15892 -1.404710 7.375000 1.125000 -1.404538 7.374983 1.125058 0.182438
15893 -1.375000 7.375000 1.154710 -1.374823 7.374950 1.154757 0.189696
15894 -1.375000 7.438190 1.125000 -1.374826 7.438163 1.125047 0.181850
15895 -1.375000 5.375000 0.139650 -1.374804 5.374975 0.139702 0.203973
15896 -1.375000 5.611930 0.375000 -1.374807 5.611906 0.375054 0.201246
15897 -1.348560 5.625000 0.375000 -1.348345 5.624945 0.375051 0.227852
15898 -1.125000 5.588050 0.625000 -1.124779 5.587995 0.625040 0.231428
15899 -1.366330 5.625000 0.625000 -1.366137 5.624989 0.625053 0.200297
15900 -1.125000 5.625000 0.555423 -1.124830 5.625023 0.555488 0.183201
15902 -1.375000 5.375000 0.859660 -1.374784 5.374961 0.859711 0.225363
15903 -1.286370 5.625000 0.875000 -1.286167 5.624956 0.875047 0.212678
15906 -1.125000 5.875000 0.366920 -1.124803 5.874978 0.366973 0.204970
15907 -1.125000 5.868710 0.375000 -1.124805 5.868682 0.375056 0.204457
15912 -1.125000 6.484820 0.875000 -1.124827 6.484803 0.875051 0.181099
15917 -1.302380 7.375000 0.375000 -1.302205 7.374964 0.375046 0.184352
15918 -1.125000 7.375000 0.279540 -1.124818 7.374952 0.279592 0.195620
15919 -1.240360 7.375000 0.625000 -1.240188 7.374971 0.625054 0.182216
15920 -1.369040 7.375000 0.875000 -1.368858 7.374945 0.875046 0.195939
15921 -1.125000 7.375000 1.064950 -1.124823 7.374976 1.064998 0.185272
15923 -1.125000 7.416730 0.375000 -1.124828 7.416705 0.375054 0.181651
15924 -1.125000 7.452180 0.625000 -1.124829 7.452165 0.625049 0.178385
15925 -1.125000 7.454200 0.875000 -1.124827 7.454173 0.875050 0.182269
15926 -1.108740 5.625000 0.625000 -1.108539 5.624972 0.625050 0.209266
15927 -1.122360 5.875000 0.375000 -1.122180 5.874992 0.375054 0.188483
15928 -1.107950 5.875000 0.625000 -1.107754 5.874974 0.625054 0.204790
15929 -1.122360 5.875000 0.375000 -1.122180 5.874993 0.375054 0.187679
15930 -0.958165 6.125000 0.375000 -0.957979 6.124982 0.375053 0.194205
15931 -1.034970 6.125000 0.625000 -1.034768 6.124954 0.625042 0.211178
15932 -0.875000 6.375000 0.366448 -0.874804 6.374967 0.366496 0.204641
15933 -0.875000 6.359410 0.375000 -0.874810 6.359389 0.375053 0.198749
15934 -0.875000 6.369680 0.625000 -0.874813 6.369663 0.625059 0.196643
15936 -0.875000 6.625000 0.250568 -0.874804 6.624962 0.250616 0.205068
15937 -0.875000 6.625000 0.767567 -0.874817 6.624977 0.767623 0.192218
15939 -0.875000 6.875000 0.304032 -0.874811 6.874959 0.304077 0.198593
15942 -0.875000 7.125000 0.341605 -0.874841 7.124998 0.341661 0.168306
15944 -1.033820 7.375000 0.375000 -1.033631 7.374982 0.375063 0.199669
15945 -0.875000 7.169660 0.375000 -0.874850 7.169648 0.375059 0.161880
15946 -0.992646 7.375000 0.625000 -0.992471 7.374984 0.625060 0.185829
15947 -0.875000 7.208120 0.625000 -0.874811 7.208094 0.625022 0.191832
15948 -1.014940 7.375000 0.875000 -1.014771 7.374977 0.875053 0.178233
15949 -0.875000 7.129160 0.875000 -0.874831 7.129169 0.875059 0.178862
15955 -0.870748 6.375000 0.375000 -0.870558 6.374979 0.375053 0.198348
15956 -0.872369 6.375000 0.625000 -0.872180 6.374976 0.625052 0.197259
15957 -0.844193 6.625000 0.375000 -0.843999 6.624965 0.375047 0.202396
15958 -0.832913 6.625000 0.625000 -0.832725 6.624972 0.625051 0.196587
15959 -0.849075 6.875000 0.375000 -0.848904 6.874999 0.375056 0.179413
15960 -0.832913 6.625000 0.625000 -0.832714 6.624951 0.625041 0.208761
15961 -0.813574 6.875000 0.625000 -0.813374 6.874948 0.625041 0.210764
15963 -0.857364 7.125000 0.375000 -0.857196 7.124987 0.375057 0.177921
15964 -0.813574 6.875000 0.625000 -0.813379 6.874954 0.625043 0.204944
15974 -2.875000 8.105850 0.625000 -2.874830 8.105786 0.625045 0.186737
15975 -3.125000 8.033360 0.625000 -3.124879 8.033311 0.625067 0.146635
15977 -2.375000 8.066980 1.875000 -2.374852 8.066945 1.875060 0.163326
15985 -3.625000 24.375000 -0.691097 -3.786735 24.318694 -0.406658 332.015500
15996 -3.875000 24.875000 -0.742923 -4.074841 24.797785 -0.458529 356.059465
15999 -3.875000 25.125000 -0.818772 -4.088204 25.046266 -0.540477 359.308998
16001 -3.875000 25.375000 -1.016780 -4.113543 25.296257 -0.732597 379.293369
16002 -3.723990 25.375000 -0.875000 -3.962991 25.308000 -0.590819 377.318834
16003 -3.875000 25.183600 -0.875000 -4.093812 25.104257 -0.595836 363.464981
16021 -3.822440 26.625000 -1.375000 -4.158373 26.546494 -1.090832 446.951927
16022 -3.875000 26.625000 -1.340970 -4.210816 26.542418 -1.056761 447.624072
16026 -3.706870 26.875000 -1.375000 -4.041757 26.767417 -1.130611 428.310192
16027 -3.875000 26.875000 -1.280590 -4.216051 26.765778 -1.024099 440.491641
16031 -3.625000 27.125000 -0.712808 -4.000515 27.060355 -0.428565 475.378137
16032 -3.875000 27.125000 -0.832226 -4.249745 27.040897 -0.548006 477.794611
16034 -3.625000 27.375000 -0.749894 -4.019946 27.309555 -0.465707 490.945414
16037 -3.625000 27.625000 -0.254951 -4.039492 27.558866 0.029346 506.953447
16038 -3.625000 27.875000 -0.252087 -4.058840 27.808174 0.032218 522.984179
16046 -3.375000 24.547100 -0.625000 -3.550840 24.509775 -0.340602 336.444342
16063 -3.625000 25.784100 -0.875000 -3.896136 25.723552 -0.590820 397.415213
16066 -3.375000 25.925600 -0.625000 -3.657435 25.883527 -0.341382 402.465804
16067 -3.375000 26.125000 -0.741188 -3.672735 26.081786 -0.457966 413.192820
16068 -3.375000 26.044900 -0.375000 -3.665213 26.000449 -0.092825 407.212928
16070 -3.375000 26.375000 -0.737422 -3.693011 26.332114 -0.453114 428.720448
16073 -3.375000 26.625000 -0.282659 -3.712500 26.581724 0.001903 443.570736
16075 -3.375000 26.875000 -0.279061 -3.731893 26.830828 0.005401 458.521548
16078 -3.375000 27.125000 -0.609758 -3.749421 27.066611 -0.333821 468.765966
16079 -3.375000 27.125000 -0.265028 -3.751345 27.079902 0.019319 473.838099
16080 -3.375000 27.146900 -0.625000 -3.750987 27.088208 -0.349377 469.870839
16081 -3.375000 27.375000 -0.679552 -3.768928 27.296160 -0.415566 480.711289
16082 -3.375000 27.375000 -0.273283 -3.770797 27.329063 0.011003 489.473259
16083 -3.375000 27.625000 -0.698475 -3.790462 27.526801 -0.447278 495.330242
16084 -3.625000 27.625000 -0.737999 -4.037925 27.525396 -0.478773 497.620715
16085 -3.375000 27.625000 -0.264515 -3.790257 27.578308 0.019775 505.409804
16086 -3.625000 27.801100 -0.875000 -4.016847 27.645777 -0.680973 464.021410
16087 -3.375000 27.750000 -0.875000 -3.766045 27.609868 -0.675153 460.968300
16088 -3.375000 27.875000 -0.250213 -3.809636 27.827587 0.034058 521.503915
16091 -3.125000 24.625000 -1.750000 -3.307637 24.606847 -1.465667 338.423807
16092 -3.125000 24.750000 -1.875000 -3.316921 24.731079 -1.591229 343.099733
16093 -3.250000 24.625000 -1.875000 -3.432234 24.597146 -1.590678 338.856509
16094 -3.125000 25.708100 -0.625000 -3.391737 25.686580 -0.340839 390.332060
16095 -3.318880 25.875000 -0.625000 -3.596814 25.837134 -0.342183 398.330312
16096 -3.125000 25.875000 -0.728921 -3.404117 25.852016 -0.445638 398.351913
16097 -3.125000 25.875000 -0.401426 -3.404096 25.852445 -0.117862 398.511625
16098 -3.125000 26.125000 -0.704759 -3.424418 26.102433 -0.420314 413.605737
16099 -3.125000 25.928700 -0.375000 -3.407588 25.904562 -0.092035 400.634284
16101 -3.125000 26.375000 -0.684416 -3.443803 26.351581 -0.400055 427.837124
16106 -3.125000 26.625000 -0.287306 -3.463353 26.601027 -0.002804 442.717376
16108 -3.125000 26.875000 -0.459001 -3.481713 26.847264 -0.176483 455.883253
16109 -3.125000 26.875000 -0.289827 -3.482748 26.850422 -0.005250 457.789977
16110 -3.125000 27.125000 -0.595211 -3.500371 27.087956 -0.317294 468.522312
16111 -3.125000 27.125000 -0.292348 -3.502109 27.099326 -0.008016 472.985010
16112 -3.125000 27.375000 -0.701063 -3.519568 27.331338 -0.427191 482.282316
16113 -3.125000 27.144500 -0.625000 -3.501825 27.107652 -0.347237 469.581928
16114 -3.125000 27.375000 -0.279868 -3.521560 27.348498 0.004417 488.651620
16115 -3.125000 27.625000 -0.731850 -3.538266 27.553624 -0.473928 492.348397
16116 -3.125000 27.625000 -0.246098 -3.541012 27.597755 0.038197 504.611025
16117 -3.125000 27.875000 -0.233513 -3.560412 27.846935 0.050712 520.725629
16118 -2.875000 24.749900 -1.875000 -3.067903 24.750629 -1.590904 343.398737
16119 -2.875000 24.625000 -1.750060 -3.058380 24.626339 -1.465690 338.373001
16121 -2.875000 24.875000 -1.689220 -3.077651 24.875400 -1.405084 348.999339
16122 -2.875000 24.810800 -1.625000 -3.072679 24.811407 -1.340850 346.148259
16125 -2.881460 24.875000 -0.625000 -3.084209 24.875047 -0.340717 349.176245
16126 -2.875000 24.875000 -0.628752 -3.077756 24.875517 -0.344485 349.167203
16130 -2.875000 25.125000 -1.551070 -3.097103 25.124628 -1.266952 360.628515
16131 -2.875000 25.125000 -0.698895 -3.097348 25.124838 -0.414522 360.980427
16134 -2.875000 25.198900 -1.625000 -3.102838 25.198276 -1.340916 364.162910
16135 -2.875000 25.375000 -0.714219 -3.041698 25.400426 -0.528805 250.624913
16138 -2.892310 25.375000 -0.375000 -2.892388 25.374958 -0.374928 0.114391
16140 -2.875000 25.545000 -1.375000 -3.127312 25.540637 -1.095426 376.618904
16141 -2.954950 25.625000 -1.375000 -2.955060 25.624937 -1.374919 0.150762
16142 -2.875000 25.625000 -1.454950 -3.135942 25.623031 -1.170903 385.717144
16143 -2.875000 25.625000 -1.295050 -3.135988 25.623048 -1.010962 385.777210
16144 -2.875000 25.625000 -0.743894 -3.136148 25.623249 -0.459634 386.011499
16145 -3.060520 25.625000 -0.625000 -3.321041 25.608897 -0.340772 385.896016
16148 -2.875000 25.752500 -1.375000 -3.143498 25.746871 -1.095634 387.515546
16149 -2.875000 25.875000 -0.743440 -3.155549 25.872345 -0.459262 399.338770
16152 -2.875000 26.125000 -0.846201 -3.174907 26.121468 -0.562127 413.103520
16154 -2.875000 26.200300 -0.875000 -3.180117 26.202497 -0.589368 417.955446
16156 -2.875000 26.375000 -0.926439 -3.194284 26.370579 -0.642459 427.324385
16158 -2.875000 26.625000 -0.970200 -3.213878 26.620146 -0.685998 442.304104
16161 -2.875000 26.625000 -0.255596 -3.214200 26.620330 0.028881 442.725009
16162 -2.875000 26.875000 -0.883035 -2.875114 26.874944 -0.883000 0.131694
16164 -3.010480 26.875000 -0.625000 -3.368121 26.857935 -0.341359 456.782805
16165 -2.875000 26.875000 -0.255169 -3.233571 26.869632 0.029277 457.724915
16166 -2.875000 27.125000 -0.901806 -3.252927 27.142586 -0.606743 479.792080
16167 -2.982840 27.125000 -0.875000 -3.359752 27.108197 -0.592152 471.537451
16168 -3.106950 27.125000 -0.625000 -3.482867 27.094444 -0.344422 470.075240
16169 -2.875000 27.125000 -0.275227 -3.252928 27.118657 0.009057 472.955432
16170 -2.875000 27.174800 -0.875000 -2.875075 27.174743 -0.874935 0.114184
16172 -2.875000 27.375000 -0.259502 -3.272322 27.367965 0.024783 488.601907
16173 -2.875000 27.625000 -0.689037 -3.291177 27.615150 -0.406084 503.351214
16174 -2.875000 27.625000 -0.251682 -3.291694 27.616984 0.032478 504.425368
16184 -2.875000 27.875000 -0.289471 -3.310414 27.862740 -0.007051 519.130349
16186 -2.625000 24.364400 -1.875000 -2.788910 24.385981 -1.590592 328.968610
16187 -2.625000 24.375000 -1.865210 -2.789695 24.396542 -1.580870 329.298318
16196 -2.750060 24.625000 -1.875000 -2.933775 24.636033 -1.590682 338.687978
16197 -2.625000 24.384800 -1.875000 -2.790478 24.406320 -1.590639 329.707236
16198 -2.625000 24.625000 -2.003490 -2.809044 24.645677 -1.719274 339.232188
16199 -2.875000 24.490200 -1.625000 -3.047919 24.491936 -1.340646 332.808233
16200 -2.660480 24.625000 -1.625000 -2.844469 24.642966 -1.340727 339.095410
16201 -2.625000 24.625000 -1.660480 -2.809094 24.645732 -1.376184 339.329902
16202 -2.625000 24.589500 -1.625000 -2.806315 24.610306 -1.340740 337.804407
16206 -2.625000 24.746500 -2.125000 -2.818481 24.766848 -1.840771 344.433941
16207 -2.875000 24.750000 -2.125000 -3.067854 24.750723 -1.840985 343.303670
16208 -2.625000 24.875000 -1.732890 -2.828532 24.894975 -1.448616 350.194296
16211 -2.625000 24.982900 -1.625000 -2.625045 24.982829 -1.624912 0.121582
16212 -2.801070 25.125000 -1.625000 -3.023463 25.130462 -1.340796 360.916493
16216 -2.795050 25.625000 -1.375000 -2.795159 25.624971 -1.374946 0.125186
16217 -2.701060 25.375000 -1.125000 -2.936087 25.383822 -0.852799 359.734347
16218 -2.625000 25.451100 -1.125000 -2.865787 25.457304 -0.854284 362.359364
16221 -2.625000 25.875000 -0.742818 -2.906337 25.891835 -0.458587 400.276198
16222 -2.625000 25.625000 -0.747270 -2.887077 25.642803 -0.462839 387.172080
16224 -2.625000 26.000000 -0.875000 -2.916029 26.016395 -0.590824 407.091071
16225 -2.849880 26.125000 -0.875000 -3.149863 26.123382 -0.590948 413.131416
16226 -2.625000 26.125000 -1.000000 -2.925733 26.141049 -0.715828 414.066952
16228 -2.625000 26.375000 -0.993652 -2.940279 26.380355 -0.718074 418.775469
16230 -2.625000 26.625000 -0.973313 -2.964604 26.639503 -0.689177 443.029086
16231 -2.625000 26.625000 -0.265549 -2.964964 26.639842 0.018938 443.541312
16234 -2.625000 26.714900 -1.875000 -2.625150 26.714893 -1.874973 0.153074
16235 -2.688170 26.625000 -1.625000 -2.688276 26.624974 -1.624957 0.117018
16236 -2.625000 26.688200 -1.625000 -2.625134 26.688152 -1.624971 0.145084
16237 -2.625000 26.625000 -1.739620 -2.625109 26.624956 -1.739578 0.124369
16239 -2.625000 26.875000 -0.957138 -2.625104 26.874953 -0.957071 0.132555
16240 -2.625000 26.875000 -0.262166 -2.984365 26.889020 0.022258 458.515647
16241 -2.625000 26.978900 -1.875000 -2.625098 26.978852 -1.874935 0.126471
16242 -2.625000 27.122500 -0.875000 -2.625117 27.122474 -0.874948 0.131137
16244 -2.625000 27.125000 -0.873235 -2.625115 27.124952 -0.873186 0.133400
16245 -2.625000 27.125000 -0.253790 -3.003654 27.138076 0.030474 473.662293
16246 -2.625000 27.375000 -0.251677 -3.023073 27.387402 0.032610 489.321053
16247 -2.625000 27.625000 -0.259404 -3.042424 27.636441 0.024759 505.096614
16248 -2.625000 27.875000 -0.260511 -3.061629 27.885198 0.023387 520.909749
16251 -2.615210 24.375000 -1.875000 -2.779950 24.397295 -1.590587 329.434671
16254 -2.503490 24.625000 -2.125000 -2.687855 24.655121 -1.840832 340.072909
16255 -2.556600 24.625000 -1.625000 -2.740881 24.651021 -1.340730 339.773398
16256 -2.625000 24.625000 -1.589520 -2.808991 24.645743 -1.305349 339.170217
16258 -2.517110 24.875000 -1.625000 -2.721018 24.903413 -1.340668 351.041838
16261 -2.467080 25.125000 -1.125000 -2.690659 25.156571 -0.840621 363.119635
16262 -2.625000 25.125000 -1.132500 -2.848013 25.144211 -0.848224 361.824251
16263 -2.548940 25.375000 -1.125000 -2.791647 25.399348 -0.840729 374.578694
16268 -2.375000 26.375000 -0.996583 -2.695925 26.409765 -0.712409 430.065664
16269 -2.375000 26.125000 -1.000000 -2.676488 26.160521 -0.715803 415.842195
16270 -2.375000 26.375000 -0.271440 -2.696442 26.410335 0.013252 430.839431
16271 -2.561830 26.625000 -1.625000 -2.561935 26.624976 -1.624945 0.120882
16272 -2.625000 26.537700 -1.625000 -2.625079 26.537654 -1.624934 0.112639
16273 -2.375000 26.625000 -0.992217 -2.715346 26.658956 -0.708068 444.667201
16274 -2.375000 26.625000 -0.268277 -2.715742 26.659250 0.016203 445.204434
16275 -2.375000 26.875000 -0.998801 -2.375111 26.874977 -0.998774 0.116893
16276 -2.375000 26.875000 -0.264204 -2.735074 26.908325 0.020159 460.028591
16277 -2.562700 27.125000 -0.875000 -2.562852 27.124984 -0.874953 0.159997
16278 -2.375000 27.125000 -0.878665 -2.375126 27.124970 -0.878622 0.136362
16279 -2.375000 27.125000 -0.263519 -2.754337 27.157339 0.020639 475.066281
16280 -2.375000 27.375000 -0.264934 -2.773840 27.406885 0.019368 490.833932
16284 -2.375000 27.625000 -0.261852 -2.793271 27.656103 0.022426 506.686823
16291 -2.125000 24.875000 -2.119560 -2.329996 24.933844 -1.835355 355.328296
16298 -2.125000 26.125000 -0.279029 -2.427892 26.180641 0.005743 419.445698
16299 -2.125000 26.375000 -0.961326 -2.446675 26.429253 -0.677129 432.650488
16300 -2.125000 26.125000 -0.974594 -2.427257 26.179924 -0.690403 418.498019
16301 -2.125000 26.375000 -0.282656 -2.447353 26.429841 0.002098 433.593962
16302 -2.125000 26.625000 -0.993596 -2.466090 26.678423 -0.709443 447.145528
16303 -2.125000 26.625000 -0.277747 -2.466514 26.678703 0.006740 447.714995
16305 -2.125000 26.875000 -0.277398 -2.485818 26.927772 0.006941 462.410272
16307 -2.371340 27.125000 -0.875000 -2.371432 27.124978 -0.874944 0.110113
16309 -2.125000 27.125000 -0.275354 -2.504955 27.176768 0.008781 477.261382
16313 -2.125000 27.375000 -0.262641 -2.524521 27.426259 0.021612 492.995514
16319 -1.960480 24.625000 -1.625000 -2.146527 24.697422 -1.340778 347.333676
16320 -1.875000 24.524200 -1.875000 -2.053504 24.603601 -1.590728 344.933064
16321 -2.029230 24.625000 -1.875000 -2.186995 24.617898 -1.641662 281.756948
16326 -2.125000 25.125000 -0.747049 -2.349872 25.183364 -0.462453 367.380324
16327 -1.875000 25.375000 -0.743213 -2.120263 25.452330 -0.458495 383.664281
16328 -1.875000 25.125000 -0.747469 -2.100871 25.203157 -0.462667 371.804416
16329 -2.125000 25.375000 -0.746690 -2.369310 25.432652 -0.462103 379.474555
16333 -1.875000 26.043500 -0.875000 -2.171785 26.118249 -0.590700 417.725974
16334 -1.875000 25.875000 -0.909810 -2.158666 25.950258 -0.625512 408.602120
16335 -1.901410 26.125000 -0.875000 -2.204358 26.197350 -0.590796 421.644782
16336 -2.125000 25.875000 -1.000000 -2.407909 25.930811 -0.715715 404.932093
16337 -1.875000 26.125000 -0.853989 -2.178057 26.199451 -0.569735 422.122179
16338 -1.875000 26.125000 -0.282776 -2.179163 26.200673 0.002390 423.746431
16339 -1.875000 26.201600 -0.875000 -2.184018 26.275811 -0.590757 426.372966
16340 -1.875000 26.375000 -0.912616 -2.197498 26.448727 -0.628378 436.155289
16341 -1.875000 26.375000 -0.285879 -2.198621 26.449780 -0.000730 437.758222
16342 -1.875000 26.462900 -0.875000 -2.204375 26.536399 -0.590717 441.256182
16343 -1.945120 26.625000 -0.875000 -2.286885 26.692590 -0.590708 449.659444
16344 -1.875000 26.625000 -0.798417 -2.216987 26.698048 -0.514126 450.680026
16345 -1.875000 26.625000 -0.282078 -2.217503 26.698290 0.002535 451.313798
16347 -1.875000 26.875000 -0.707332 -1.875102 26.874958 -0.707281 0.121097
16348 -1.875000 26.875000 -0.278319 -2.236606 26.947287 0.006069 465.682737
16350 -1.875000 27.125000 -0.268617 -2.255825 27.196390 0.015618 480.535308
16355 -1.625000 24.375000 -1.567510 -1.625063 24.374952 -1.567466 0.089937
16357 -1.625000 24.150800 -1.625000 -1.625068 24.150762 -1.624923 0.109338
16358 -1.631890 24.125000 -0.625000 -1.780458 24.224811 -0.340362 336.234222
16359 -1.875000 24.125000 -0.631726 -2.022694 24.205806 -0.347178 330.622228
16360 -1.625000 24.125600 -0.625000 -1.773617 24.225941 -0.340353 336.421405
16361 -1.625000 24.375000 -0.680005 -1.793000 24.474562 -0.395423 345.142742
16362 -1.875000 24.375000 -0.688547 -2.042105 24.454996 -0.404053 339.499740
16366 -1.625000 24.625000 -0.731641 -1.812456 24.723824 -0.447078 354.798164
16367 -1.875000 24.625000 -0.731774 -2.061580 24.704261 -0.447275 349.333946
16369 -1.625000 24.875000 -0.746898 -1.831990 24.973100 -0.462296 365.330724
16370 -1.875000 24.875000 -0.741722 -2.081134 24.953568 -0.457147 360.065417
16372 -1.625000 25.125000 -0.773421 -1.851321 25.222257 -0.488924 376.322699
16374 -1.625000 25.375000 -0.812123 -1.819551 25.373683 -0.592908 293.099247
16376 -1.625000 25.625000 -1.282770 -1.889935 25.720490 -0.998486 400.158424
16377 -1.712820 25.625000 -1.375000 -1.977461 25.713628 -1.090752 398.354872
16378 -1.625000 25.375000 -1.307780 -1.870482 25.471229 -1.023517 387.720367
16379 -1.692220 25.375000 -1.375000 -1.937502 25.466045 -1.090728 386.345779
16380 -1.875000 25.625000 -0.892686 -2.139214 25.701011 -0.608407 395.475412
16381 -1.857310 25.625000 -0.875000 -2.121572 25.702393 -0.590709 395.784412
16382 -1.875000 25.607300 -0.875000 -2.126157 25.658606 -0.605092 372.240411
16383 -1.625000 25.625000 -0.737554 -1.890346 25.720807 -0.453003 400.695294
16385 -1.836340 25.875000 -0.875000 -2.120060 25.953200 -0.590756 409.153727
16386 -1.625000 25.875000 -0.745006 -1.909514 25.969763 -0.460668 413.251067
16388 -1.625000 26.125000 -0.751244 -1.928870 26.218926 -0.466969 426.581301
16389 -1.625000 26.125000 -0.291532 -1.930351 26.220255 -0.006157 428.662833
16390 -1.833480 26.375000 -0.875000 -2.156129 26.451938 -0.590759 436.823486
16391 -1.625000 26.375000 -0.725735 -1.948287 26.468174 -0.441468 440.458463
16392 -1.625000 26.375000 -0.288310 -1.949807 26.469336 -0.002962 442.518053
16393 -1.625000 26.625000 -0.738770 -1.967678 26.717391 -0.454536 454.701549
16394 -1.625000 26.625000 -0.282135 -1.968593 26.717896 0.002665 455.847021
16396 -1.625000 26.875000 -0.272950 -1.987529 26.966844 0.011514 469.874470
16399 -1.625000 27.069200 -1.375000 -1.625124 27.069210 -1.374946 0.135583
16401 -1.625000 27.125000 -0.266646 -2.006963 27.216103 0.017823 484.890309
16402 -1.625000 27.238100 -1.375000 -1.625106 27.238057 -1.374952 0.123827
16407 -1.625000 27.427300 -1.375000 -1.625133 27.427287 -1.374940 0.146232
16416 -1.624590 24.125000 -0.625000 -1.773222 24.225413 -0.340293 336.500472
16417 -1.375000 24.125000 -0.700871 -1.375092 24.124991 -0.700823 0.104033
16418 -1.375000 24.375000 -0.731661 -1.375077 24.374968 -0.731602 0.101737
16421 -1.375000 24.625000 -0.743505 -1.563634 24.743554 -0.458604 361.671855
16423 -1.375000 24.875000 -0.746804 -1.583120 24.992883 -0.461884 372.007455
16425 -1.375000 25.125000 -0.746621 -1.448215 25.104993 -0.654747 119.170363
16427 -1.375000 25.375000 -0.744118 -1.621915 25.491207 -0.459393 394.385185
16429 -1.375000 25.625000 -0.757491 -1.391238 25.595787 -0.715683 53.525290
16431 -1.375000 25.875000 -0.730982 -1.370267 25.857166 -0.719011 21.994201
16433 -1.375000 26.125000 -0.716429 -1.357030 26.077436 -0.687697 58.402174
16434 -1.375000 26.125000 -0.312279 -1.680991 26.239191 -0.027094 433.590208
16435 -1.375000 26.375000 -0.706115 -1.699172 26.487745 -0.421763 445.707314
16436 -1.375000 26.375000 -0.300968 -1.700499 26.488366 -0.015795 447.353396
16437 -1.375000 26.625000 -0.725955 -1.718464 26.736880 -0.441699 459.658571
16438 -1.375000 26.625000 -0.287881 -1.719627 26.737398 -0.002967 461.061036
16440 -1.375000 26.875000 -0.283430 -1.738739 26.986495 0.001285 475.184013
16452 -1.125000 24.875000 -0.743912 -1.125082 24.874990 -0.743865 0.095249
16453 -1.125000 24.625000 -0.754177 -1.125086 24.624997 -0.754140 0.093666
16455 -1.250000 25.125000 -0.875000 -1.238701 25.101013 -0.860162 30.384696
16456 -1.125000 25.000000 -0.875000 -1.343375 25.136703 -0.590355 383.924245
16458 -1.125000 25.375000 -0.773838 -1.125101 25.375008 -0.773800 0.108451
16459 -1.125000 25.287300 -0.875000 -1.112581 25.260970 -0.859046 33.196987
16461 -1.125000 25.625000 -0.750780 -1.392208 25.759892 -0.466046 413.121289
16463 -1.144270 25.875000 -0.875000 -1.144381 25.875001 -0.874954 0.119926
16464 -1.125000 25.855200 -0.875000 -1.409600 25.989047 -0.590579 424.036618
16466 -1.125000 26.125000 -0.774189 -1.125100 26.124986 -0.774132 0.115633
16467 -1.125000 25.939200 -0.875000 -1.095925 25.865367 -0.834551 89.066748
16469 -1.125000 26.375000 -0.716897 -1.125112 26.374990 -0.716852 0.120476
16471 -1.125000 26.625000 -0.687816 -1.125118 26.624996 -0.687772 0.125825
16472 -1.125000 26.625000 -0.303737 -1.470512 26.756865 -0.018762 466.881212
16473 -1.125000 26.875000 -0.673882 -1.125124 26.875002 -0.673859 0.126521
16474 -1.125000 26.875000 -0.313553 -1.489720 27.006042 -0.028756 480.939081
16475 -1.125000 27.125000 -0.722614 -1.125115 27.124988 -0.722569 0.123520
16476 -1.125000 27.125000 -0.352163 -1.509418 27.255262 -0.067210 495.926703
16477 -1.125000 27.375000 -0.734227 -1.125120 27.375005 -0.734188 0.126084
16479 -1.125000 27.625000 -0.722469 -1.125132 27.624985 -0.722428 0.138555
16481 -1.125000 27.875000 -0.733966 -1.125131 27.874997 -0.733917 0.140062
16486 -0.999193 24.875000 -0.875000 -0.999262 24.874954 -0.874922 0.113728
16487 -1.011180 24.625000 -0.875000 -1.011274 24.625001 -0.874957 0.103172
16490 -1.035660 25.375000 -0.875000 -1.018275 25.333983 -0.851241 50.489434
16492 -0.875000 25.625000 -0.787001 -1.143331 25.779502 -0.501953 420.862278
16493 -0.875000 25.586700 -0.875000 -0.858793 25.538702 -0.848456 57.192915
16495 -0.875000 25.509500 -0.375000 -1.134388 25.664334 -0.089938 415.350981
16496 -0.875000 25.625000 -0.404979 -1.143428 25.779485 -0.119899 420.939295
16497 -0.875000 25.709300 -0.875000 -1.149405 25.863296 -0.590357 424.304630
16499 -0.875000 25.875000 -0.531823 -0.875126 25.875030 -0.531802 0.130903
16500 -1.022530 25.875000 -0.375000 -1.022623 25.874976 -0.374949 0.108376
16501 -1.066690 26.125000 -0.875000 -1.066789 26.124994 -0.874948 0.112311
16502 -0.875000 26.125000 -0.412923 -0.875121 26.125019 -0.412881 0.129905
16503 -0.952438 26.125000 -0.375000 -0.952551 26.125002 -0.374951 0.123050
16504 -0.875000 26.125000 -0.971973 -0.875100 26.124982 -0.971911 0.119227
16505 -0.875000 26.375000 -0.881589 -0.875111 26.374993 -0.881537 0.122493
16506 -0.885347 26.375000 -0.875000 -0.885454 26.374978 -0.874942 0.123780
16507 -0.875000 26.278900 -0.375000 -0.849032 26.236359 -0.354376 53.938938
16508 -0.875000 26.375000 -0.359756 -0.832621 26.305653 -0.328119 87.211433
16509 -0.921148 26.625000 -0.875000 -0.921267 26.624981 -0.874947 0.132019
16510 -0.875000 26.625000 -0.337507 -1.221408 26.776416 -0.052461 473.473286
16511 -1.003210 26.875000 -0.875000 -1.003320 26.874985 -0.874948 0.122280
16512 -0.875000 26.875000 -0.321294 -1.240742 27.025603 -0.036353 487.483058
16513 -1.014790 27.125000 -0.875000 -1.014910 27.124992 -0.874953 0.129071
16514 -0.875000 27.125000 -0.325078 -1.260660 27.274831 -0.039909 502.497791
16515 -1.010370 27.375000 -0.875000 -1.010484 27.374984 -0.874955 0.124203
16517 -0.999950 27.625000 -0.875000 -1.000085 27.625015 -0.874962 0.141150
16519 -1.000000 27.875000 -0.875000 -1.000121 27.874971 -0.874931 0.142344
16527 -0.625000 25.625000 -0.668622 -0.625105 25.625001 -0.668568 0.117663
16528 -0.625000 25.562900 -0.875000 -0.625096 25.562915 -0.874959 0.105747
16530 -0.625000 25.625000 -0.602379 -0.625090 25.625003 -0.602343 0.096526
16531 -0.625000 25.641200 -0.875000 -0.611609 25.559029 -0.828984 95.125828
16532 -0.625000 25.875000 -0.442364 -0.625086 25.874974 -0.442298 0.111396
16533 -0.625000 26.016000 -0.375000 -0.625114 26.016010 -0.374966 0.119540
16534 -0.774868 26.125000 -0.375000 -0.758505 26.086723 -0.358010 44.961225
16535 -0.625000 26.125000 -0.344814 -0.625084 26.124967 -0.344752 0.109559
16536 -0.625000 26.375000 -0.903694 -0.625098 26.375011 -0.903639 0.113473
16537 -0.625000 26.125000 -0.999599 -0.617301 26.097149 -0.979582 35.151500
16538 -0.625000 26.375000 -0.305446 -0.581698 26.294406 -0.266541 99.417815
16539 -0.625000 26.625000 -0.297966 -0.972424 26.795998 -0.012816 480.889038
16540 -0.625000 26.875000 -0.298876 -0.991981 27.045253 -0.013699 494.961891
16541 -0.625000 27.125000 -0.302729 -1.011675 27.294451 -0.017429 509.536390
16549 -0.385761 25.125000 -0.375000 -0.385826 25.124937 -0.374925 0.117513
16551 -0.375000 25.125000 -0.379913 -0.605371 25.319678 -0.095220 414.753783
16552 -0.393729 25.375000 -0.875000 -0.393812 25.374993 -0.874936 0.105304
16554 -0.375000 25.342500 -0.875000 -0.370786 25.320276 -0.861321 26.434560
16556 -0.375000 25.375000 -0.513324 -0.624790 25.568875 -0.228672 425.451843
16558 -0.589774 25.625000 -0.875000 -0.589864 25.624995 -0.874968 0.095227
16559 -0.375000 25.384700 -0.875000 -0.375083 25.384698 -0.874948 0.098069
16560 -0.375000 25.625000 -0.483915 -0.362857 25.570313 -0.451624 64.659138
16561 -0.375000 25.875000 -0.398788 -0.375091 25.874994 -0.398736 0.104442
16562 -0.375000 25.987200 -0.375000 -0.375105 25.987222 -0.374960 0.114506
16563 -0.375000 26.125000 -0.352484 -0.375103 26.125002 -0.352436 0.113753
16564 -0.375000 26.375000 -0.954676 -0.377938 26.400813 -0.954842 25.980381
16566 -0.375000 26.375000 -0.329304 -0.375092 26.374977 -0.329250 0.109426
16567 -0.375000 26.625000 -0.329208 -0.375094 26.624973 -0.329151 0.113345
16568 -0.375000 26.875000 -0.329062 -0.375116 26.875033 -0.329032 0.124465
16571 -0.375000 27.055300 -0.875000 -0.375108 27.055315 -0.874968 0.113410
16572 -0.375000 27.125000 -0.339996 -0.762429 27.314030 -0.054716 516.931286
16573 -0.375000 27.149200 -0.875000 -0.375103 27.149172 -0.874937 0.123910
16574 -0.399004 27.125000 -0.875000 -0.399131 27.124994 -0.874951 0.136463
16575 -0.375000 27.375000 -0.369159 -0.438232 27.564406 -0.442609 212.762925
16576 -0.375000 27.625000 -0.363768 -0.375127 27.625003 -0.363718 0.136844
16577 -0.375000 27.875000 -0.352030 -0.375111 27.874953 -0.351964 0.137062
16579 -0.125000 24.125000 -0.368453 -0.125069 24.124981 -0.368390 0.095330
16584 -0.361072 25.375000 -0.875000 -0.610932 25.569997 -0.590353 426.001917
16585 -0.125000 25.169000 -0.375000 -0.360263 25.383472 -0.089835 427.394620
16586 -0.125000 25.375000 -0.409663 -0.375757 25.588481 -0.124878 435.380076
16587 -0.125000 25.625000 -0.406296 -0.125087 25.625001 -0.406246 0.100117
16588 -0.125000 25.875000 -0.386708 -0.125092 25.874972 -0.386643 0.115931
16589 -0.125000 25.982400 -0.375000 -0.125104 25.982401 -0.374946 0.117116
16590 -0.125000 26.125000 -0.359101 -0.125094 26.125004 -0.359049 0.107114
16591 -0.125000 26.375000 -0.343205 -0.125089 26.374960 -0.343140 0.116970
16592 -0.125000 26.625000 -0.343187 -0.125121 26.625022 -0.343150 0.128380
16593 -0.295501 26.875000 -0.875000 -0.306457 26.960612 -0.907184 92.115132
16594 -0.125000 26.875000 -0.692444 -0.131523 26.989399 -0.722124 118.365795
16595 -0.125000 26.782900 -0.875000 -0.125116 26.782930 -0.874955 0.128089
16596 -0.125000 26.875000 -0.347065 -0.125106 26.874987 -0.347015 0.117728
16597 -0.125000 27.125000 -0.718661 -0.512875 27.333368 -0.433516 524.568053
16598 -0.125000 27.125000 -0.351590 -0.138194 27.265190 -0.409520 152.260321
16599 -0.125000 27.230100 -0.875000 -0.125114 27.230090 -0.874956 0.122363
16600 -0.125000 27.375000 -0.339954 -0.158073 27.611874 -0.396332 245.726774
16601 -0.125000 27.625000 -0.330185 -0.182701 27.896921 -0.422681 292.960274
16602 -0.125000 27.875000 -0.330652 -0.125139 27.875023 -0.330602 0.149147
16603 -0.125000 25.875000 -0.997207 -0.124497 25.873329 -0.989376 8.023193
16604 0.125000 26.125000 -0.995346 0.126179 26.157611 -1.003452 33.624075
16606 -0.125000 26.125000 -0.932819 -0.125107 26.124994 -0.932765 0.119824
16611 -0.026380 26.125000 -0.375000 -0.026477 26.124994 -0.374946 0.111683
16612 -0.026380 26.125000 -0.375000 -0.026476 26.124976 -0.374935 0.118562
16613 0.079098 26.375000 -0.375000 0.078993 26.375040 -0.374972 0.115812
16614 0.077217 26.625000 -0.375000 0.077111 26.624959 -0.374917 0.140804
16617 0.023646 26.875000 -0.375000 0.023532 26.875047 -0.374977 0.125436
16619 -0.017003 27.125000 -0.375000 -0.017119 27.125044 -0.374974 0.126703
16620 0.034824 27.375000 -0.375000 0.034705 27.374971 -0.374938 0.137351
16621 0.034824 27.375000 -0.375000 0.034706 27.374943 -0.374922 0.152426
16622 0.033059 27.625000 -0.375000 0.032940 27.625025 -0.374966 0.126513
16623 0.033059 27.625000 -0.375000 0.032940 27.625025 -0.374966 0.126513
16624 0.027986 27.875000 -0.375000 0.027859 27.875021 -0.374960 0.134511
16632 -0.875000 28.000000 -0.875000 -0.875138 28.000009 -0.874970 0.141842
16637 -2.712930 18.375000 -1.375000 -2.712924 18.374968 -1.374960 0.051805
16638 -2.625000 18.375000 -1.446710 -2.624940 18.374924 -1.446634 0.123252
16640 -2.657170 18.625000 -1.375000 -2.657154 18.624941 -1.374927 0.094598
16643 -2.625000 18.677300 -1.375000 -2.624977 18.677246 -1.374941 0.082832
16658 -2.427430 17.625000 -1.625000 -2.427386 17.624948 -1.624959 0.079468
16659 -2.625000 17.625000 -1.500000 -2.624965 17.624935 -1.499946 0.091447
16660 -2.511140 17.375000 -1.625000 -2.511126 17.374944 -1.624925 0.094763
16661 -2.625000 17.375000 -1.511140 -2.624956 17.374962 -1.511082 0.082253
16663 -2.375000 18.280500 -1.625000 -2.374986 18.280453 -1.624940 0.077605
16664 -2.375000 18.375000 -1.444600 -2.374987 18.374961 -1.444551 0.064295
16665 -2.625000 18.268000 -1.625000 -2.624987 18.267959 -1.624967 0.054133
16671 -2.474980 18.875000 -1.375000 -2.474936 18.874945 -1.374968 0.077876
16673 -2.375000 18.841600 -1.125000 -2.374986 18.841567 -1.124962 0.052647
16675 -2.375000 18.875000 -1.183660 -2.375027 18.874999 -1.183617 0.050995
16676 -2.375000 18.875000 -1.102870 -2.375011 18.874970 -1.102857 0.034520
16689 -2.440690 19.625000 -0.125000 -2.440649 19.624942 -0.124918 0.109111
16697 -2.458590 19.875000 -0.125000 -2.458603 19.874974 -0.124954 0.054173
16698 -2.280490 18.375000 -1.625000 -2.280476 18.374956 -1.624964 0.058176
16704 -2.306980 18.875000 -1.125000 -2.307005 18.874980 -1.124964 0.048352
16709 -2.307480 18.625000 -0.125000 -2.307479 18.624968 -0.124943 0.065640
16735 -1.875000 17.200600 -1.375000 -1.874962 17.200554 -1.374944 0.082122
16736 -1.875000 18.029600 -0.625000 -1.874983 18.029581 -0.624950 0.056231
16746 -1.875000 18.375000 -1.680200 -1.874977 18.374935 -1.680141 0.090283
16747 -1.875000 18.605700 -1.875000 -1.874967 18.605671 -1.874941 0.073806
16748 -1.987770 18.375000 -1.875000 -1.987748 18.374952 -1.874943 0.077381
16761 -1.875000 16.247700 -0.375000 -1.874960 16.247666 -0.374949 0.072527
16762 -1.625000 16.141900 -0.375000 -1.624966 16.141881 -0.374956 0.058788
16764 -1.875000 16.375000 -0.244086 -1.874929 16.374920 -0.244048 0.113283
16770 -1.625000 17.950900 -0.625000 -1.624970 17.950873 -0.624950 0.064210
16771 -1.625000 18.048200 -0.375000 -1.625003 18.048188 -0.374952 0.049329
16772 -1.875000 18.048700 -0.375000 -1.874989 18.048681 -0.374950 0.054624
16799 -1.375000 17.851100 -1.375000 -1.374962 17.851070 -1.374953 0.067451
16801 -1.546070 17.875000 -0.625000 -1.546054 17.874992 -0.624944 0.059295
16804 -1.375000 17.898900 -1.375000 -1.374982 17.898904 -1.374973 0.032602
16827 -1.125000 17.055900 -0.125000 -1.124978 17.055897 -0.124959 0.047113
16828 -1.194390 17.125000 -0.125000 -1.194346 17.124946 -0.124941 0.091191
16833 -1.375000 17.268100 -0.125000 -1.374990 17.268091 -0.124937 0.064894
16837 -1.125000 17.875000 -0.729827 -1.124976 17.874982 -0.729782 0.054153
16841 -1.125000 18.375000 -0.754418 -1.124983 18.374969 -0.754363 0.065502
16851 -1.125000 19.125000 -0.741715 -1.125008 19.125008 -0.741687 0.030633
16857 -1.125000 19.625000 -0.740367 -1.124998 19.624957 -0.740305 0.075151
16859 -1.125000 19.875000 -0.740031 -1.124996 19.874942 -0.739973 0.082148
16864 -0.875000 16.856200 -0.625000 -0.874987 16.856170 -0.624936 0.072245
16869 -0.875000 17.125000 -0.780386 -0.874959 17.124974 -0.780331 0.073681
16874 -0.963832 17.625000 -0.875000 -0.963802 17.624966 -0.874949 0.068177
16877 -0.875000 17.875000 -0.833467 -0.874997 17.875015 -0.833437 0.033726
16878 -0.875000 17.819400 -0.875000 -0.874983 17.819389 -0.874948 0.055467
16880 -0.875000 18.125000 -0.724330 -0.874977 18.124957 -0.724276 0.072959
16882 -0.875000 18.375000 -0.784650 -0.874984 18.374981 -0.784589 0.065703
16884 -0.875000 18.625000 -0.731711 -0.874978 18.624963 -0.731664 0.063472
16886 -0.875000 18.875000 -0.738129 -0.874973 18.874954 -0.738061 0.086359
16888 -0.875000 19.125000 -0.808946 -0.874992 19.124979 -0.808897 0.054184
16890 -0.875000 19.125000 -1.071880 -0.875006 19.125003 -1.071834 0.046299
16891 -0.875000 19.138300 -1.125000 -0.874998 19.138292 -1.124949 0.051353
16892 -0.888514 19.125000 -1.125000 -0.888496 19.124952 -1.124935 0.082738
16893 -0.875000 19.375000 -0.738253 -0.874989 19.374961 -0.738192 0.073015
16896 -0.875000 19.625000 -0.798313 -0.875010 19.624985 -0.798258 0.057703
16900 -0.875000 19.875000 -0.752936 -0.875010 19.874993 -0.752892 0.045848
16905 -0.625000 16.362700 -0.625000 -0.624960 16.362688 -0.624948 0.066584
16906 -0.625000 16.285900 -0.375000 -0.624958 16.285879 -0.374953 0.066451
16907 -0.625000 16.125000 -0.450169 -0.624951 16.124980 -0.450118 0.074033
16914 -0.810057 17.125000 -0.875000 -0.810021 17.124985 -0.874948 0.065002
16916 -0.746300 17.375000 -0.875000 -0.746271 17.374962 -0.874946 0.072372
16919 -0.839101 17.875000 -0.875000 -0.839057 17.874945 -0.874933 0.097101
16921 -0.747581 18.125000 -0.875000 -0.747556 18.124978 -0.874949 0.061081
16923 -0.804912 18.375000 -0.875000 -0.804909 18.375012 -0.874963 0.039085
16925 -0.742921 18.625000 -0.875000 -0.742921 18.625002 -0.874946 0.054219
16926 -0.625000 18.625000 -0.430498 -0.624973 18.624974 -0.430445 0.065280
16927 -0.739509 18.875000 -0.875000 -0.739498 18.874981 -0.874949 0.055895
16928 -0.625000 18.875000 -0.397374 -0.624977 18.874964 -0.397311 0.075917
16929 -0.833168 19.125000 -0.875000 -0.833156 19.124971 -0.874948 0.061040
16931 -0.767517 19.375000 -0.875000 -0.767503 19.374983 -0.874952 0.053113
16935 -0.769947 19.875000 -0.875000 -0.769964 19.874995 -0.874961 0.043172
16937 -0.375000 16.200100 -0.625000 -0.374960 16.200104 -0.624955 0.060811
16938 -0.375000 16.375000 -0.423886 -0.374964 16.374994 -0.423839 0.059233
16939 -0.409121 16.375000 -0.125000 -0.409084 16.374993 -0.124950 0.062364
16940 -0.375000 16.375000 -0.239548 -0.374962 16.374997 -0.239500 0.061518
16941 -0.538931 16.125000 -0.125000 -0.538890 16.124992 -0.124949 0.065463
16943 -0.375000 16.453600 -0.125000 -0.374973 16.453617 -0.124952 0.057775
16949 -0.375000 18.125000 -0.434858 -0.374971 18.124956 -0.434783 0.091471
16950 -0.375000 18.375000 -0.417863 -0.374994 18.374987 -0.417813 0.051871
16952 -0.375000 18.875000 -0.406190 -0.375022 18.875049 -0.406164 0.059520
16953 -0.375000 19.125000 -0.407862 -0.375018 19.125021 -0.407821 0.049315
16954 -0.375000 19.375000 -0.409248 -0.375012 19.375027 -0.409212 0.046706
16955 -0.375000 19.625000 -0.402316 -0.374977 19.624936 -0.402237 0.104454
16956 -0.375000 19.875000 -0.393936 -0.374998 19.874962 -0.393869 0.076714
16957 -0.283417 16.125000 -0.625000 -0.283372 16.124985 -0.624950 0.068975
16958 -0.125000 16.125000 -0.449228 -0.124956 16.124992 -0.449180 0.065592
16959 -0.125000 16.375000 -0.448500 -0.124958 16.375034 -0.448469 0.061787
16965 -0.125000 17.375000 -0.429849 -0.124982 17.374997 -0.429800 0.052220
16966 -0.125000 17.625000 -0.438995 -0.124973 17.624996 -0.438948 0.053797
16967 -0.125000 17.875000 -0.437437 -0.124994 17.875032 -0.437405 0.045472
16968 -0.125000 18.125000 -0.426399 -0.124996 18.125031 -0.426375 0.039424
16969 -0.125000 18.375000 -0.416102 -0.124997 18.375015 -0.416060 0.044361
16970 -0.125000 18.625000 -0.409660 -0.124992 18.624989 -0.409611 0.050597
16972 -0.125000 19.125000 -0.420016 -0.124990 19.124953 -0.419947 0.084437
16973 -0.125000 19.375000 -0.417183 -0.125006 19.375008 -0.417135 0.048996
16974 -0.125000 19.625000 -0.403383 -0.125003 19.624983 -0.403332 0.054163
16975 -0.125000 19.875000 -0.397762 -0.125024 19.875044 -0.397737 0.056023
16976 -0.125000 20.125000 -0.399500 -0.125020 20.125000 -0.399454 0.049917
16984 -1.625000 20.047400 -1.625000 -1.625001 20.047350 -1.624941 0.077223
16985 -1.582260 20.125000 -1.625000 -1.582267 20.124957 -1.624955 0.062501
16989 -0.875000 20.125000 -0.756776 -0.875030 20.125003 -0.756740 0.047269
16990 -0.767443 20.125000 -0.875000 -0.767467 20.125012 -0.874967 0.042840
16994 -0.375000 20.125000 -0.390201 -0.375017 20.125001 -0.390153 0.050849
16996 -2.481560 20.125000 -0.125000 -2.481582 20.124964 -0.124968 0.053086
17011 -2.237850 16.625000 -0.125000 -2.237802 16.624943 -0.124968 0.081115
17012 -2.375000 16.625000 0.010219 -2.374940 16.624935 0.010272 0.103171
17057 -2.375000 18.375000 0.024109 -2.374999 18.374957 0.024148 0.057770
17058 -2.375000 18.591900 -0.125000 -2.374999 18.591868 -0.124950 0.058999
17088 -1.875000 19.625000 0.055164 -1.875011 19.624988 0.055222 0.060433
17147 0.625000 31.625000 0.240779 0.374630 31.672478 0.342759 274.480174
17151 0.625000 31.774400 1.375000 0.613529 31.784117 1.384503 17.785360
17154 0.625000 31.670800 1.625000 0.605794 31.691174 1.642166 32.842241
17182 0.875000 31.182500 1.375000 0.272382 31.406945 1.622636 689.092015
17183 0.775430 31.375000 1.375000 0.756576 31.389390 1.388490 27.286360
17184 0.875000 31.375000 1.289630 0.812612 31.424225 1.330061 89.163063
17185 0.875000 31.321700 1.625000 0.151923 31.578185 1.903165 816.088180
17186 0.836194 31.375000 1.625000 0.791153 31.401238 1.652193 58.792757
17198 0.875000 31.875000 1.726320 0.103614 32.071373 1.982086 836.071522
17222 1.125000 31.375000 1.574110 0.413310 31.621077 1.838540 798.110235
17223 1.125000 31.299300 1.625000 0.400746 31.568241 1.899743 819.974244
17224 1.125000 31.375000 1.644570 0.385664 31.671007 1.934601 847.558571
17231 1.054860 31.875000 1.625000 0.687721 31.963343 1.778737 407.713589
17251 1.375000 30.875000 0.202759 0.787431 31.125625 0.445266 683.271934
17253 1.375000 31.086500 0.375000 0.744954 31.337543 0.627344 723.641760
17254 1.351220 31.125000 0.375000 0.695138 31.379988 0.635575 750.574109
17255 1.375000 31.047100 0.625000 0.756057 31.301169 0.875903 714.558056
17256 1.353730 31.125000 0.625000 0.690508 31.382237 0.887278 758.171494
17257 1.375000 31.114000 0.875000 0.716391 31.378147 1.137202 756.498164
17258 1.371470 31.125000 0.875000 0.704703 31.384004 1.137327 761.890062
17259 1.375000 31.125000 1.106320 0.703017 31.385865 1.369129 767.255104
17260 1.375000 30.917500 1.375000 0.678599 31.210430 1.651903 804.647367
17261 1.301260 31.125000 1.375000 0.612537 31.388578 1.641563 784.135326
17262 1.375000 31.125000 1.126210 0.698569 31.388449 1.390499 772.536817
17263 1.375000 31.119300 1.625000 0.665186 31.410316 1.901848 815.579627
17264 1.351250 31.125000 1.625000 0.636783 31.412778 1.899879 817.825345
17267 1.294210 31.375000 0.375000 0.552040 31.615118 0.656623 829.327452
17268 1.353730 31.125000 0.625000 0.690508 31.382237 0.887278 758.171494
17269 1.323780 31.375000 0.625000 0.587414 31.686103 0.913908 849.992502
17271 1.375000 31.130100 1.125000 0.701736 31.391089 1.387921 768.457636
17273 1.334420 31.375000 1.375000 0.597450 31.640762 1.645512 828.813246
17282 1.139420 31.625000 1.625000 0.659942 31.768453 1.817950 536.383327
17291 1.375000 31.840000 1.625000 1.374697 31.840018 1.625067 0.310609
17311 1.625000 30.875000 0.186150 0.924481 31.174987 0.470764 813.464622
17312 1.625000 30.819900 1.125000 1.109221 31.067864 1.356672 617.402713
17313 1.541200 30.875000 1.125000 0.953325 31.137013 1.374506 690.290698
17314 1.625000 30.875000 1.092610 0.926315 31.181720 1.370403 812.038411
17315 1.625000 30.831000 1.375000 0.930924 31.144332 1.652378 810.466666
17316 1.451470 30.875000 1.375000 0.757519 31.178093 1.653712 806.916059
17317 1.625000 30.875000 1.409840 0.940255 31.173928 1.681624 795.047572
17320 1.625000 31.098500 0.375000 1.064707 31.335427 0.601589 649.157726
17321 1.625000 31.120900 0.625000 1.045946 31.360938 0.858296 668.841915
17322 1.625000 31.102700 0.875000 1.071468 31.336391 1.102083 642.321073
17323 1.376950 31.125000 1.125000 0.689649 31.393288 1.392656 784.856868
17324 1.625000 31.040500 1.625000 0.919345 31.347884 1.900878 817.644612
17356 1.875000 30.875000 0.364866 1.172151 31.203458 0.648984 826.198567
17357 1.767810 30.875000 1.125000 1.083608 31.182612 1.395859 797.573342
17358 1.875000 30.875000 1.181050 1.172723 31.200554 1.457263 821.871059
17359 1.875000 30.774700 1.375000 1.189750 31.095628 1.646533 803.923478
17360 1.875000 30.875000 1.465120 1.206051 31.176892 1.732415 781.075047
17362 1.875000 30.881300 0.375000 1.171598 31.209559 0.659034 826.561616
17367 1.875000 30.896200 1.125000 1.170260 31.218393 1.400322 822.355938
17368 1.767810 30.875000 1.125000 1.083608 31.182612 1.395859 797.573342
17372 1.875000 31.323000 0.625000 1.340565 31.512233 0.832401 603.693183
17374 1.875000 31.375000 0.724738 1.874751 31.375047 0.724794 0.259331
17381 1.875000 31.625000 1.924000 1.105597 31.915076 2.177825 860.553490
17384 1.875000 31.875000 1.895490 1.094091 32.229117 2.185450 905.149161
17395 2.125000 30.875000 0.322835 1.417376 31.213380 0.605834 833.859400
17396 2.125000 30.875000 1.244380 1.417205 31.214272 1.517942 831.213266
17397 2.125000 30.782500 1.375000 1.478142 31.098381 1.633215 764.775077
17399 2.125000 30.922100 0.375000 1.413937 31.251857 0.656510 832.825052
17401 2.125000 31.102300 0.625000 1.397749 31.438698 0.905730 849.038617
17403 2.125000 31.125000 1.058860 1.996020 31.351427 1.184186 289.156820
17405 1.875000 30.896200 1.125000 1.170422 31.220452 1.401353 823.371254
17406 2.125000 30.971000 1.625000 1.415369 31.305429 1.897494 830.465147
17409 2.079680 31.375000 0.625000 1.338439 31.747411 0.914836 878.711308
17410 2.125000 31.200500 0.625000 1.389543 31.534155 0.905531 854.938878
17413 2.125000 31.625000 0.483297 2.166054 31.756118 0.506765 139.385030
17414 1.969740 31.625000 0.625000 1.208965 31.987736 0.914812 891.261056
17415 1.957800 31.625000 0.875000 1.181471 31.902540 1.144773 867.463063
17416 2.125000 31.467200 1.125000 1.408992 31.768269 1.382961 818.446155
17417 1.947610 31.625000 1.125000 1.596550 31.811582 1.291426 430.991432
17419 2.125000 31.625000 1.787560 1.356425 31.927086 2.039981 863.527372
17420 2.073640 31.625000 1.875000 1.297498 31.935313 2.133113 874.821420
17421 2.025630 31.875000 0.375000 2.072808 32.026540 0.394885 159.954345
17422 2.125000 31.767800 0.375000 2.185947 31.927501 0.395042 172.106239
17423 2.125000 31.875000 0.527887 2.178378 32.029831 0.554529 165.927247
17425 2.125000 31.875000 0.787921 2.178380 32.030004 0.825866 168.271906
17426 2.000580 31.875000 0.875000 2.046118 32.025961 0.916039 162.932738
17427 2.007780 31.875000 1.125000 2.053755 32.026313 1.176702 166.380501
17428 2.125000 31.875000 1.163860 2.178355 32.030164 1.218237 172.856342
17429 2.101770 31.875000 1.625000 2.154562 32.030705 1.699754 180.608429
17430 2.125000 31.759500 1.625000 2.177887 31.897534 1.690784 161.795478
17431 2.125000 31.875000 1.602150 2.178325 32.030335 1.675639 179.925473
17444 2.375000 30.875000 0.272587 1.661860 31.227151 0.555632 844.211724
17445 2.375000 30.875000 1.330060 1.661857 31.228489 1.600815 840.735542
17446 2.375000 30.841900 1.375000 1.664876 31.196726 1.645582 838.684420
17448 2.375000 31.028300 0.375000 1.773747 31.332173 0.617478 715.988592
17451 2.375000 31.125000 1.032630 1.747935 31.430134 1.276531 738.786587
17452 2.375000 31.031400 1.125000 1.812470 31.325800 1.356247 675.711697
17454 2.375000 31.125000 1.306090 1.742804 31.431631 1.549602 743.635165
17455 2.375000 30.997600 1.375000 1.662393 31.394544 1.665173 865.779528
17456 2.375000 30.899100 1.625000 1.660827 31.244188 1.891385 836.713678
17457 2.375000 31.125000 1.408030 2.273424 31.328552 1.530852 258.527523
17464 2.375000 31.375000 1.838080 1.681792 31.686726 2.082048 798.267494
17466 2.375000 31.625000 0.630952 2.299019 31.823591 0.708713 226.402719
17467 2.375000 31.409100 1.125000 2.374766 31.409220 1.125080 0.274492
17469 2.375000 31.581000 1.375000 1.618712 31.896623 1.631050 858.574873
17470 2.375000 31.625000 1.451760 2.203959 31.841927 1.583658 306.119844
17471 2.375000 31.625000 1.648100 2.261450 31.831467 1.772941 266.659977
17472 2.375000 31.682400 0.375000 1.607328 32.076778 0.665023 910.476441
17473 2.375000 31.875000 0.147360 2.444931 32.037643 0.157336 177.320872
17474 2.159250 31.875000 0.625000 2.214867 32.031023 0.656032 168.521242
17475 2.375000 31.630300 0.625000 2.329629 31.825936 0.693827 212.295056
17476 2.340770 31.875000 1.375000 2.408371 32.037292 1.440854 187.737419
17477 2.375000 31.708700 1.625000 2.286466 31.910606 1.741573 249.386643
17484 2.625000 29.875000 2.442080 2.624865 29.875026 2.442136 0.148965
17489 2.625000 30.625000 0.228384 2.602329 30.724119 0.261186 106.838899
17490 2.625000 30.875000 0.335504 2.618111 30.981724 0.367143 111.527736
17491 2.625000 30.782200 0.875000 2.587222 30.912406 0.939173 149.996801
17492 2.588540 30.875000 0.875000 2.524713 31.005991 0.943918 161.189608
17493 2.625000 30.875000 0.705005 2.578509 31.000982 0.763464 146.459239
17494 2.625000 30.770400 1.125000 2.617528 30.891999 1.186451 136.449542
17495 2.548840 30.875000 1.125000 2.470694 31.010565 1.205566 175.998192
17496 2.625000 30.785500 1.375000 2.610219 30.901903 1.442247 135.241839
17497 2.625000 30.875000 1.456590 2.621054 30.897532 1.471021 27.046231
17498 2.625000 30.920600 0.375000 2.656107 31.049792 0.403615 135.929965
17499 2.426660 31.125000 0.625000 2.306264 31.305562 0.713626 234.419702
17500 2.625000 30.907600 0.625000 2.611582 31.020817 0.667908 121.816568
17501 2.485710 31.125000 0.875000 2.371329 31.306236 0.970484 234.620021
17503 2.625000 30.975700 1.625000 2.656611 31.056751 1.671899 98.833722
17505 2.625000 31.375000 0.493314 2.624724 31.375113 0.493397 0.310157
17510 2.625000 31.375000 1.294330 2.563885 31.564073 1.393845 222.231636
17511 2.519930 31.375000 1.375000 2.429250 31.566438 1.483291 237.903443
17514 2.625000 31.375000 1.704510 2.559668 31.565486 1.820410 232.349066
17515 2.604430 31.625000 0.375000 2.510050 31.840242 0.454015 247.952166
17516 2.625000 31.585600 0.375000 2.588798 31.790158 0.436413 216.624034
17517 2.614000 31.625000 0.625000 2.550052 31.834310 0.704223 232.758466
17518 2.621360 31.625000 1.125000 2.580313 31.828673 1.217210 227.310568
17520 2.625000 31.625000 1.131200 2.584521 31.828770 1.223654 227.395129
17521 2.384660 31.625000 1.625000 2.304775 31.825374 1.741258 245.045674
17522 2.625000 31.398400 1.625000 1.887259 31.729254 1.872984 845.708061
17523 2.625000 31.627500 1.125000 2.584403 31.831144 1.217086 227.153963
17529 2.875000 29.711000 2.375000 2.443243 29.868790 2.607803 515.275362
17530 2.786910 29.875000 2.375000 2.136012 30.246829 2.633014 792.777435
17531 2.875000 29.875000 2.306820 2.226716 30.253218 2.565602 793.907632
17535 2.875000 30.375000 0.256194 2.918631 30.443387 0.264749 81.569786
17536 2.875000 30.351000 1.125000 2.903762 30.408030 1.150274 68.691199
17537 2.858350 30.375000 1.125000 2.885762 30.432674 1.150597 68.796396
17538 2.875000 30.375000 0.969327 2.923221 30.447066 0.994704 90.348111
17539 2.875000 30.375000 1.166720 2.918976 30.444075 1.196039 86.976047
17540 2.875000 30.364700 1.875000 2.879083 30.392260 1.895463 34.568275
17541 2.866210 30.375000 1.875000 2.866494 30.400689 1.894704 32.376342
17542 2.875000 30.375000 1.847280 2.875442 30.400749 1.866803 32.316617
17543 2.875000 30.308800 2.125000 2.853828 30.319666 2.138906 27.562935
17544 2.817900 30.375000 2.125000 2.789385 30.385149 2.139887 33.730343
17547 2.734870 30.625000 0.375000 2.750247 30.748249 0.410122 129.074847
17548 2.875000 30.481600 0.375000 2.918772 30.554341 0.387209 85.768894
17549 2.875000 30.473600 0.625000 2.920764 30.547949 0.643239 89.189542
17550 2.729190 30.625000 0.625000 2.782668 30.728072 0.650105 118.801712
17551 2.875000 30.387400 0.875000 2.922571 30.459095 0.897948 89.049352
17552 2.709170 30.625000 0.875000 2.762472 30.728084 0.908092 120.675136
17553 2.719980 30.625000 1.125000 2.771720 30.726489 1.165723 120.977020
17554 2.875000 30.470200 1.375000 2.916009 30.541765 1.410564 89.822193
17555 2.770100 30.625000 1.375000 2.821629 30.722765 1.421759 119.998478
17556 2.875000 30.577100 1.625000 2.909950 30.644902 1.663272 85.342701
17557 2.861420 30.625000 1.625000 2.641384 30.838731 1.774166 341.097330
17558 2.865220 30.625000 1.875000 2.897079 30.691213 1.917035 84.653021
17559 2.821360 30.625000 2.125000 2.822676 30.672973 2.161069 60.034284
17562 2.682770 30.875000 0.375000 2.737780 30.984812 0.391376 123.906912
17563 2.663530 30.875000 0.625000 2.718684 30.986552 0.650077 126.944047
17564 2.840370 30.875000 1.625000 2.901526 30.984547 1.682191 137.881717
17565 2.861420 30.625000 1.625000 2.677447 30.825231 1.763426 305.123188
17567 2.875000 30.656500 1.875000 2.189748 31.093671 2.164589 862.873250
17568 2.875000 30.830800 2.125000 2.874807 30.830859 2.125068 0.212814
17577 2.657940 31.625000 0.375000 1.893930 32.042040 0.665003 917.461639
17578 2.875000 31.625000 0.310262 2.110341 32.059281 0.600280 925.965962
17579 2.875000 31.468600 0.625000 2.877750 31.683803 0.694857 226.273784
17580 2.875000 31.625000 0.449995 2.110297 32.059267 0.740037 926.003877
17581 2.875000 31.454300 0.875000 2.877147 31.670690 0.957532 231.604518
17582 2.875000 31.465700 1.125000 2.875944 31.681960 1.219307 235.930399
17583 2.630230 31.625000 1.125000 2.592101 31.828600 1.216702 226.530533
17584 2.875000 31.495200 1.375000 2.874340 31.710415 1.480110 239.512168
17585 2.875000 31.505200 1.625000 2.873540 31.720439 1.741627 244.809781
17586 2.875000 31.686900 0.375000 2.105419 32.120993 0.665047 929.955908
17589 2.875000 31.765100 1.375000 2.099205 32.198943 1.665045 934.988888
17592 3.125000 29.875000 2.211890 3.124840 29.875044 2.211920 0.168989
17593 3.125000 29.636400 2.375000 3.124895 29.636473 2.375050 0.137287
17595 3.125000 30.125000 0.260563 3.193814 30.212965 0.270495 112.123984
17596 3.125000 30.117100 1.125000 3.159587 30.161826 1.143992 59.643964
17597 3.115360 30.125000 1.125000 3.183397 30.211557 1.159528 115.383918
17598 3.125000 30.125000 1.093230 3.197735 30.215096 1.127818 120.847263
17599 3.125000 30.125000 1.132690 3.157175 30.168448 1.151436 57.222455
17601 3.097970 30.375000 0.375000 3.152377 30.451180 0.387854 94.491597
17602 3.125000 30.327900 0.375000 3.180130 30.400870 0.386623 92.189994
17603 3.125000 30.375000 0.488007 3.183604 30.452676 0.503392 98.512169
17604 3.125000 30.197200 0.875000 3.191710 30.275585 0.900698 106.088442
17605 2.896660 30.375000 0.875000 2.944762 30.446327 0.897938 89.035939
17606 3.125000 30.375000 0.663034 3.182971 30.452741 0.683209 99.052357
17607 2.975550 30.375000 1.375000 3.021493 30.443792 1.408807 89.363728
17608 3.125000 30.278900 1.375000 3.181348 30.351687 1.411392 98.981904
17609 3.125000 30.375000 1.475320 3.175419 30.444729 1.511743 93.438895
17610 2.887560 30.375000 1.875000 2.887376 30.375052 1.875062 0.200900
17611 3.013020 30.375000 2.125000 3.035063 30.424543 2.160810 64.983151
17612 3.125000 30.375000 2.204380 3.124812 30.375069 2.204450 0.212648
17613 3.125000 30.396600 0.625000 3.180313 30.471828 0.643513 95.192553
17614 3.125000 30.500400 1.625000 3.188102 30.582562 1.670100 112.988344
17615 3.125000 30.500100 1.875000 3.124818 30.500171 1.875047 0.201272
17617 2.939380 30.875000 1.875000 2.235499 31.316846 2.164906 880.182574
17621 3.039960 31.125000 1.875000 2.315320 31.573861 2.164903 900.346417
17634 3.125000 31.508500 1.375000 2.368800 31.963013 1.665081 928.744903
17635 3.125000 31.464800 1.625000 2.372308 31.919498 1.915089 925.984161
17645 3.375000 29.852700 0.375000 3.428493 29.908822 0.383671 78.014927
17646 3.342880 29.875000 0.375000 3.398408 29.933474 0.383692 81.105654
17647 3.375000 29.875000 0.335126 3.427316 29.930409 0.342860 76.596310
17648 3.375000 29.853600 0.625000 3.428288 29.909601 0.638535 78.478811
17649 3.350010 29.875000 0.625000 3.405007 29.933396 0.638986 81.427416
17650 3.375000 29.843000 0.875000 3.419962 29.892064 0.890350 68.297081
17651 3.327130 29.875000 0.875000 3.381937 29.933450 0.893986 82.345255
17652 3.375000 29.875000 1.038980 3.429272 29.932019 1.060733 81.668379
17653 3.375000 29.782900 2.125000 3.374827 29.782945 2.125047 0.185105
17654 3.235260 29.875000 2.125000 3.245789 29.902231 2.145650 35.760354
17655 3.375000 29.875000 1.966290 3.424492 29.932402 2.003228 84.314243
17657 3.181450 30.125000 0.375000 3.217786 30.170522 0.382652 58.746283
17658 3.276200 30.125000 0.625000 3.314749 30.171209 0.636633 61.290931
17659 3.170070 30.125000 0.875000 3.206833 30.170921 0.890410 60.808866
17660 3.375000 29.896000 1.125000 3.427008 29.951610 1.147815 79.485205
17661 3.298110 30.125000 1.375000 3.333860 30.169262 1.397562 61.206851
17662 3.375000 29.900600 1.375000 3.424580 29.955395 1.402389 78.808781
17663 3.375000 30.125000 1.479660 3.412377 30.169630 1.503900 63.059475
17664 3.375000 30.036100 1.875000 3.424768 30.094738 1.913821 86.153417
17665 3.346190 30.125000 1.875000 3.386920 30.178812 1.910000 76.023939
17666 3.375000 30.125000 1.805480 3.413722 30.170466 1.835211 66.711767
17667 3.266200 30.125000 2.125000 3.266038 30.125038 2.125017 0.167202
17668 3.181450 30.125000 0.375000 3.216771 30.170077 0.382788 57.794115
17669 3.148130 30.375000 0.625000 3.208637 30.455296 0.644786 102.469131
17670 3.333640 30.375000 1.625000 3.412478 30.462337 1.674440 127.622643
17671 3.375000 30.317400 1.625000 3.457952 30.413751 1.676461 137.159591
17672 3.375000 30.375000 1.674150 3.463466 30.481521 1.733290 150.566958
17673 3.375000 30.184800 1.875000 3.422918 30.245300 1.918971 88.824557
17674 3.375000 30.349900 2.125000 3.374833 30.349984 2.125064 0.197643
17675 3.375000 30.375000 2.152660 3.374818 30.375077 2.152752 0.217900
17681 3.375000 30.710600 2.125000 3.374805 30.710656 2.125038 0.206506
17708 3.625000 29.875000 0.225291 3.696670 29.949254 0.233857 103.555001
17709 3.625000 29.771800 0.375000 3.698176 29.848684 0.386411 106.752326
17710 3.625000 29.764300 0.625000 3.692190 29.834584 0.640489 98.459260
17711 3.625000 29.759600 0.875000 3.692177 29.829902 0.896008 99.481151
17712 3.423510 29.875000 1.125000 3.476014 29.930745 1.148181 80.009526
17713 3.625000 29.814200 1.125000 3.694173 29.889290 1.153766 106.070244
17714 3.625000 29.795400 1.375000 3.689166 29.864233 1.406127 99.117145
17715 3.392400 29.875000 1.375000 3.443875 29.930476 1.402871 80.647099
17716 3.625000 29.875000 1.612100 3.688633 29.941826 1.649689 99.639092
17717 3.625000 29.692700 1.875000 3.697415 29.764975 1.919713 111.655056
17718 3.479780 29.875000 1.875000 3.536576 29.932520 1.913655 89.602068
17719 3.625000 29.875000 1.639520 3.692325 29.944137 1.678880 104.220280
17720 3.625000 29.747100 2.125000 3.624809 29.747147 2.125046 0.201826
17721 3.575730 30.125000 1.625000 3.575569 30.125083 1.625060 0.191102
17722 3.625000 29.923900 1.625000 3.692265 29.996751 1.667017 107.690716
17723 3.506760 30.375000 1.875000 3.601155 30.482719 1.941568 157.940176
17724 3.385430 30.375000 2.125000 3.385234 30.375078 2.125052 0.216986
17725 3.608060 30.625000 1.875000 3.607894 30.625090 1.875080 0.205284
17726 3.544710 30.625000 2.125000 3.544539 30.625062 2.125077 0.197718
17747 3.875000 29.625000 1.485410 3.988605 29.741830 1.543927 173.146483
17748 3.686910 29.625000 1.625000 3.785193 29.724774 1.680271 150.563052
17750 3.662360 29.625000 1.875000 3.755016 29.719881 1.935127 145.611307
17752 3.783740 29.625000 2.125000 3.783570 29.625035 2.125030 0.176500
17757 3.875000 29.699300 0.375000 3.874811 29.699332 0.375067 0.203102
17758 3.875000 29.672600 0.625000 3.874857 29.672654 0.625036 0.157264
17759 3.875000 29.694700 0.875000 3.874839 29.694766 0.875056 0.182966
17760 3.875000 29.744600 1.125000 3.874855 29.744655 1.125068 0.168768
17761 3.875000 29.732500 1.375000 3.874885 29.732557 1.375033 0.132491
17762 3.666450 29.875000 1.625000 3.743347 29.958943 1.670821 122.715407
17778 3.926150 29.625000 0.625000 3.926002 29.625063 0.625077 0.177683
17779 3.969100 29.625000 0.875000 3.968932 29.625041 0.875059 0.182977
17782 3.959200 29.625000 1.125000 3.959015 29.625044 1.125042 0.195136
17800 0.625000 31.975800 0.625000 -0.086402 32.141232 0.882553 774.463525
17807 2.125000 31.927500 0.625000 2.176874 32.081718 0.655545 165.550674
17811 1.694180 32.125000 0.875000 1.724213 32.233898 0.903772 116.569811
17812 1.875000 31.946400 0.875000 1.912254 32.093588 0.914638 156.918440
17813 1.875000 32.125000 0.795643 1.073702 32.478196 1.085648 922.457844
17816 1.728370 32.125000 1.125000 1.759909 32.234828 1.161885 120.072742
17817 1.875000 32.015900 1.125000 1.907550 32.158176 1.172845 153.594315
17823 1.875000 32.125000 1.167350 1.903779 32.263970 1.214877 149.665012
17825 2.125000 32.000000 1.375000 2.173056 32.151144 1.435388 169.707427
17833 0.708138 32.125000 1.625000 0.684257 32.130462 1.637475 27.490649
17834 0.875000 31.993800 1.625000 0.359154 32.108253 1.821520 563.752520
17837 1.972380 32.125000 1.625000 2.006650 32.267414 1.690335 160.389532
17840 0.625000 32.125000 1.693370 0.009524 32.240013 1.910702 662.776091
17842 1.680130 32.125000 1.875000 1.697978 32.257612 1.945490 151.239250
17843 1.875000 31.900600 1.875000 1.402673 32.108040 2.078823 554.678260
17844 1.875000 32.125000 1.737340 1.904074 32.264339 1.805647 157.880878
17847 1.625000 32.125000 1.920290 1.639875 32.255748 1.991566 149.654580
17901 -3.375000 23.840500 -1.375000 -3.495918 23.805305 -1.090556 311.076339
17902 -3.404580 23.875000 -1.375000 -3.528062 23.837378 -1.090514 312.402954
17903 -3.375000 23.875000 -1.389440 -3.498584 23.839692 -1.104941 312.185011
17935 -3.245890 23.875000 -0.625000 -3.369879 23.849756 -0.340530 311.342192
17960 -2.634300 21.625000 -0.125000 -2.634347 21.624945 -0.124940 0.094410
17964 -2.667260 21.875000 -0.125000 -2.667271 21.874939 -0.124950 0.079822
17977 -2.625000 23.375000 -0.497941 -2.625068 23.374960 -0.497886 0.096469
17979 -2.625000 23.625000 -0.534443 -2.731445 23.648896 -0.249932 304.709443
17982 -2.672370 23.875000 -0.625000 -2.798063 23.894453 -0.340512 311.625475
17987 -2.502200 20.375000 -0.125000 -2.502224 20.374959 -0.124949 0.069568
17989 -2.531030 20.625000 -0.125000 -2.531091 20.624998 -0.124942 0.084090
17991 -2.559080 20.875000 -0.125000 -2.559109 20.874985 -0.124946 0.063295
17992 -2.478290 21.125000 -1.875000 -2.478304 21.124954 -1.874962 0.061707
17993 -2.625000 21.007700 -1.875000 -2.625069 21.007666 -1.874954 0.089506
17994 -2.375000 21.125000 -2.033020 -2.374979 21.124931 -2.032964 0.091517
17997 -2.625000 21.125000 -1.757680 -2.625029 21.124964 -1.757651 0.054499
17999 -2.579380 21.125000 -0.125000 -2.579399 21.124938 -0.124941 0.087623
18002 -2.375000 21.375000 -2.071040 -2.374990 21.374941 -2.070987 0.080024
18004 -2.558860 21.375000 -0.125000 -2.558851 21.374917 -0.124940 0.102714
18007 -2.500000 21.625000 -1.875000 -2.500035 21.624981 -1.874968 0.051457
18008 -2.625000 21.394500 -1.875000 -2.625045 21.394464 -1.874960 0.069965
18019 -2.527980 23.125000 -0.625000 -2.528017 23.124965 -0.624951 0.070804
18021 -2.450470 23.375000 -0.625000 -2.450510 23.374959 -0.624959 0.070256
18023 -2.516240 23.625000 -0.625000 -2.622994 23.657368 -0.340476 305.611108
18027 -2.375000 23.775200 -2.125000 -2.375051 23.775170 -2.124976 0.064136
18030 -2.625000 23.855500 -1.625000 -2.625020 23.855429 -1.624951 0.088746
18092 -1.625000 20.985600 -1.625000 -1.625014 20.985538 -1.624919 0.103024
18100 -1.875000 21.800000 -0.875000 -1.875012 21.799962 -0.874956 0.058872
18117 -1.625000 22.875000 -0.680611 -1.625043 22.874971 -0.680562 0.071366
18130 -1.375000 20.213200 -1.625000 -1.375012 20.213189 -1.624970 0.033938
18147 -1.375000 22.125000 -0.786558 -1.375038 22.124966 -0.786506 0.072756
18152 -1.375000 22.375000 -0.758411 -1.375087 22.375016 -0.758360 0.101543
18156 -1.375000 22.625000 -0.763975 -1.375071 22.624996 -0.763947 0.076323
18158 -1.375000 22.875000 -0.734448 -1.375060 22.874975 -0.734395 0.084339
18160 -1.375000 23.125000 -0.712904 -1.375078 23.124995 -0.712860 0.090198
18162 -1.375000 23.375000 -0.689753 -1.375024 23.374925 -0.689677 0.109532
18166 -1.375000 23.875000 -0.681235 -1.375058 23.874958 -0.681178 0.091414
18167 -1.625000 23.875000 -0.639228 -1.625048 23.874947 -0.639179 0.086648
18169 -1.125000 20.375000 -1.286700 -1.125030 20.374998 -1.286660 0.049975
18170 -1.354960 20.375000 -1.375000 -1.354977 20.374987 -1.374949 0.055292
18171 -1.125000 20.165900 -1.375000 -1.125025 20.165887 -1.374978 0.035717
18174 -1.125000 20.625000 -0.744449 -1.125022 20.624995 -0.744396 0.057880
18179 -1.125000 21.125000 -0.741793 -1.124978 21.124912 -0.741709 0.123208
18183 -1.125000 21.622200 -1.125000 -1.125033 21.622159 -1.124938 0.081313
18192 -1.125000 22.125000 -0.812816 -1.125038 22.124984 -0.812755 0.073707
18194 -1.125000 22.375000 -0.943131 -1.125075 22.375014 -0.943097 0.083396
18198 -1.125000 22.488100 -1.125000 -1.125057 22.488089 -1.124955 0.073674
18199 -1.169310 22.625000 -0.875000 -1.169366 22.625009 -0.874960 0.069373
18200 -1.125000 22.625000 -0.902190 -1.125051 22.625002 -0.902144 0.068151
18203 -1.125000 22.875000 -0.891972 -1.125038 22.874955 -0.891915 0.082068
18204 -1.149710 22.875000 -0.875000 -1.149781 22.875007 -0.874958 0.082749
18206 -1.125000 22.958100 -0.875000 -1.125058 22.958089 -0.874946 0.080334
18207 -1.125000 23.125000 -0.822829 -1.125074 23.125014 -0.822792 0.084264
18209 -1.125000 23.375000 -0.715195 -1.125087 23.375017 -0.715156 0.096864
18211 -1.125000 23.625000 -0.713117 -1.125062 23.624976 -0.713068 0.082512
18213 -1.125000 23.875000 -0.719721 -1.125058 23.874965 -0.719656 0.093554
18215 -0.929695 20.375000 -0.875000 -0.929714 20.375002 -0.874956 0.048511
18218 -0.895752 20.625000 -0.875000 -0.895788 20.625003 -0.874956 0.057071
18220 -0.875000 20.875000 -0.766615 -0.875017 20.874986 -0.766564 0.055364
18221 -0.875000 20.656100 -0.875000 -0.875019 20.656083 -0.874961 0.046691
18222 -1.125000 20.875000 -0.742821 -1.125027 20.874975 -0.742770 0.062479
18224 -0.875000 21.125000 -0.777667 -0.875031 21.124986 -0.777617 0.060586
18226 -0.875000 21.375000 -0.760538 -0.875018 21.374978 -0.760481 0.063793
18233 -1.050610 22.125000 -0.875000 -1.050653 22.124990 -0.874971 0.053036
18235 -1.056710 22.375000 -0.875000 -1.056752 22.374979 -0.874939 0.076753
18239 -1.049610 23.125000 -0.875000 -1.049673 23.124998 -0.874951 0.080033
18241 -0.994996 23.375000 -0.875000 -0.995042 23.374962 -0.874932 0.090390
18243 -0.998792 23.625000 -0.875000 -0.998843 23.624973 -0.874934 0.087791
18245 -0.998895 23.875000 -0.875000 -0.998977 23.875004 -0.874954 0.094090
18250 -0.774267 20.875000 -0.875000 -0.774287 20.874984 -0.874966 0.042534
18252 -0.790794 21.125000 -0.875000 -0.790828 21.124999 -0.874968 0.047010
18254 -0.770212 21.375000 -0.875000 -0.770238 21.374965 -0.874937 0.076600
18266 -0.375000 20.375000 -0.383616 -0.374975 20.374909 -0.383535 0.124063
18267 -0.550994 20.375000 -0.375000 -0.551029 20.375015 -0.374956 0.058712
18268 -0.375000 20.590100 -0.375000 -0.375011 20.590087 -0.374952 0.050884
18269 -0.375000 20.625000 -0.373587 -0.374996 20.624943 -0.373507 0.098045
18270 -0.375000 20.875000 -0.368089 -0.375035 20.875007 -0.368057 0.047992
18271 -0.375000 21.125000 -0.366534 -0.375025 21.124991 -0.366479 0.060997
18272 -0.375000 21.375000 -0.364141 -0.375006 21.374961 -0.364070 0.080938
18273 -0.375000 21.625000 -0.356808 -0.375052 21.625026 -0.356773 0.067726
18275 -0.375000 22.125000 -0.343993 -0.375051 22.124999 -0.343947 0.068486
18283 -0.125000 20.375000 -0.398812 -0.125016 20.375004 -0.398772 0.042842
18284 -0.125000 20.625000 -0.396202 -0.125027 20.624994 -0.396155 0.054129
18285 -0.360475 20.625000 -0.375000 -0.360531 20.625058 -0.374985 0.082221
18286 -0.125000 20.875000 -0.397781 -0.125011 20.874963 -0.397709 0.081680
18287 -0.319997 20.875000 -0.375000 -0.320020 20.874990 -0.374947 0.058780
18288 -0.125000 21.125000 -0.397208 -0.125022 21.124987 -0.397159 0.055544
18289 -0.308650 21.125000 -0.375000 -0.308682 21.125013 -0.374963 0.050149
18290 -0.308650 21.125000 -0.375000 -0.308673 21.124997 -0.374953 0.052657
18291 -0.125000 21.375000 -0.389251 -0.125036 21.375012 -0.389215 0.052537
18292 -0.264152 21.375000 -0.375000 -0.264170 21.374978 -0.374944 0.062932
18293 -0.125000 21.524400 -0.375000 -0.125036 21.524417 -0.374957 0.058602
18294 -0.125000 21.625000 -0.365650 -0.125039 21.625019 -0.365609 0.059776
18296 -0.125000 22.125000 -0.338416 -0.125052 22.125007 -0.338359 0.077232
18297 -0.125000 22.375000 -0.326191 -0.125056 22.375030 -0.326149 0.076053
18303 -0.280302 23.875000 -0.375000 -0.280379 23.875008 -0.374953 0.090836
18306 0.125000 20.375000 -0.434459 0.124989 20.374970 -0.434384 0.081849
18307 0.125000 20.625000 -0.431854 0.124987 20.624989 -0.431791 0.065067
18308 0.125000 20.875000 -0.428307 0.124980 20.875014 -0.428260 0.053472
18309 0.125000 21.125000 -0.419057 0.124970 21.124975 -0.418990 0.077416
18311 0.125000 21.625000 -0.409544 0.124963 21.625043 -0.409510 0.066484
18312 -0.075468 21.625000 -0.375000 -0.075503 21.624998 -0.374954 0.057634
18313 0.125000 21.875000 -0.407032 0.124973 21.874962 -0.406961 0.085040
18314 -0.025626 21.875000 -0.375000 -0.025659 21.874982 -0.374938 0.073086
18315 -0.025626 21.875000 -0.375000 -0.025659 21.874982 -0.374938 0.073086
18316 0.125000 22.125000 -0.399196 0.124962 22.125010 -0.399148 0.061463
18318 0.125000 22.375000 -0.386026 0.124951 22.374962 -0.385950 0.097699
18319 0.087518 22.375000 -0.375000 0.087475 22.375013 -0.374952 0.065856
18320 0.125000 22.625000 -0.379485 0.124956 22.625037 -0.379449 0.067681
18321 0.112669 22.625000 -0.375000 0.112620 22.625019 -0.374957 0.067306
18322 0.112669 22.625000 -0.375000 0.112620 22.625019 -0.374957 0.067306
18323 0.125000 22.875000 -0.378188 0.124944 22.874986 -0.378140 0.075320
18325 0.125000 22.934300 -0.375000 0.124948 22.934289 -0.374934 0.084364
18327 0.042142 23.875000 -0.375000 -0.092450 24.106369 -0.089976 391.005050
18328 -0.125000 24.035500 -0.375000 -0.125072 24.035543 -0.374968 0.089771
18329 0.042142 23.875000 -0.375000 0.042074 23.875024 -0.374954 0.085120
18330 0.125000 23.125000 -0.364325 0.124940 23.124976 -0.364262 0.089922
18331 0.125000 23.375000 -0.357895 0.124941 23.374965 -0.357833 0.092832
18332 0.125000 23.625000 -0.350915 0.124929 23.625058 -0.350894 0.094169
18335 -2.625000 23.901600 -1.625000 -2.752915 23.924635 -1.340560 312.728074
18336 -3.375000 24.125000 -1.497930 -3.518027 24.088925 -1.213488 320.414312
18337 -3.497930 24.125000 -1.375000 -3.640572 24.079380 -1.090589 321.430620
18339 -1.625000 24.122100 -0.625000 -1.625072 24.122069 -0.624944 0.096373
18340 -2.628180 20.375000 0.125000 -2.628172 20.374959 0.125064 0.076598
18341 -2.625000 20.344600 0.125000 -2.625000 20.344567 0.125039 0.050858
18342 -2.625000 20.375000 0.117432 -2.624990 20.374956 0.117498 0.079993
18343 -2.625000 20.625000 0.105466 -2.625029 20.624955 0.105528 0.082167
18344 -2.632180 20.625000 0.125000 -2.632221 20.624997 0.125067 0.078390
18345 -2.625000 20.875000 0.026779 -2.625016 20.874969 0.026845 0.074949
18346 -2.661250 20.875000 0.125000 -2.661306 20.874981 0.125047 0.075664
18347 -2.625000 21.125000 -0.068508 -2.625056 21.124969 -0.068460 0.079993
18348 -2.719950 21.125000 0.125000 -2.719988 21.124969 0.125042 0.064565
18351 -2.625000 21.625000 0.061969 -2.625029 21.624962 0.062000 0.057189
18352 -2.625000 21.608500 0.125000 -2.625043 21.608461 0.125025 0.062791
18353 -2.622560 21.625000 0.125000 -2.622587 21.624958 0.125035 0.060907
18354 -2.658980 21.875000 0.125000 -2.659002 21.874957 0.125050 0.069622
18355 -2.625000 21.648500 0.125000 -2.625046 21.648470 0.125071 0.090165
18371 0.125000 32.875000 2.409430 -0.718627 33.032523 2.671975 897.468809
18442 0.625000 32.642600 0.625000 0.629991 32.685932 0.631685 44.127619
18453 0.625000 33.125000 1.840140 0.625018 33.125010 1.840120 0.028342
18594 1.577250 32.375000 0.875000 0.737602 32.570771 1.137746 901.315811
18595 1.600370 32.375000 1.125000 1.625384 32.450888 1.147705 83.067207
18596 1.477550 32.375000 1.375000 0.641847 32.564755 1.621585 891.746127
18721 1.845850 32.375000 0.625000 1.845581 32.374878 0.625047 0.299248
18722 1.875000 32.353300 0.625000 1.874744 32.353176 0.625046 0.288282
18723 1.875000 32.375000 0.579143 1.874727 32.374852 0.579199 0.315268
18724 1.706760 32.375000 0.875000 1.706506 32.374917 0.875030 0.268585
18725 1.663660 32.375000 1.125000 0.820506 32.575485 1.379009 903.118438
18726 1.875000 32.375000 1.346930 1.874752 32.374927 1.346953 0.259846
18727 1.749980 32.375000 1.625000 1.749731 32.374874 1.624990 0.279246
18728 1.875000 32.279700 1.625000 1.874747 32.279583 1.625022 0.279745
18729 1.875000 32.375000 1.385560 1.874740 32.374859 1.385537 0.297043
18736 1.875000 32.388600 1.375000 1.874751 32.388517 1.374992 0.263063
18807 1.915050 32.375000 0.375000 1.914796 32.374879 0.375034 0.283174
18808 1.879260 32.375000 1.375000 1.878981 32.374866 1.374994 0.309176
19063 -3.375000 23.827500 2.375000 -3.494862 23.792357 2.659449 310.665453
19076 -3.125000 23.625000 2.272860 -3.229848 23.609965 2.557301 303.522801
19107 -2.625000 21.625000 0.130123 -2.625064 21.624969 0.130208 0.110348
19115 -2.625000 23.125000 2.302880 -2.625046 23.124949 2.302961 0.106479
19116 -2.625000 22.875000 2.303450 -2.625037 22.874969 2.303509 0.076372
19124 -2.625000 20.375000 2.273530 -2.625017 20.374949 2.273561 0.061741
19129 -2.375000 20.875000 2.339810 -2.375018 20.874961 2.339879 0.080965
19130 -2.625000 20.875000 2.307790 -2.625019 20.874970 2.307858 0.076652
19131 -2.375000 21.125000 2.303770 -2.375049 21.124990 2.303865 0.107489
19132 -2.625000 21.125000 2.293270 -2.624994 21.124933 2.293312 0.079623
19133 -2.375000 21.375000 2.290560 -2.375016 21.374961 2.290612 0.066954
19134 -2.625000 21.375000 2.270340 -2.625010 21.374937 2.270366 0.068486
19135 -2.375000 23.125000 2.300570 -2.375068 23.124976 2.300617 0.086213
19149 -2.125000 21.125000 2.339490 -2.124992 21.124963 2.339576 0.093826
19161 -2.125000 23.125000 2.311080 -2.125069 23.124969 2.311124 0.087888
19169 -1.875000 20.875000 2.340240 -1.875014 20.874947 2.340249 0.055627
19171 -1.875000 21.125000 2.323140 -1.875014 21.124938 2.323175 0.072668
19197 -1.625000 21.125000 2.339400 -1.625020 21.124983 2.339463 0.067935
19219 -1.375000 21.125000 2.352090 -1.375043 21.124967 2.352112 0.059100
19240 -1.125000 21.125000 2.338450 -1.125036 21.124991 2.338497 0.059874
19264 -0.875000 21.125000 2.357450 -0.875021 21.125009 2.357484 0.041462
19288 -0.625000 21.125000 2.347090 -0.625009 21.124977 2.347105 0.028837
19313 -0.375000 21.125000 2.355800 -0.375014 21.124990 2.355844 0.047595
19333 -0.125000 21.125000 2.363910 -0.125025 21.124974 2.363944 0.049854
19348 0.113778 24.125000 1.125000 0.113703 24.124994 1.125037 0.083531
19352 -0.125000 24.032100 2.375000 -0.270969 24.249667 2.659701 386.907021
19366 -1.625000 24.125000 2.498550 -1.773337 24.225193 2.783005 336.091176
19377 0.375000 20.375000 -0.421233 0.374985 20.374996 -0.421172 0.063430
19378 0.375000 20.625000 -0.400257 0.374980 20.625023 -0.400218 0.049420
19379 0.375000 20.875000 -0.391076 0.374976 20.875047 -0.391057 0.056684
19380 0.375000 21.125000 -0.392012 0.374966 21.124997 -0.391956 0.065712
19382 0.375000 21.625000 -0.408756 0.374966 21.625017 -0.408711 0.058706
19383 0.375000 21.875000 -0.410433 0.374959 21.875028 -0.410393 0.063717
19384 0.375000 22.125000 -0.412662 0.374964 22.125038 -0.412624 0.064937
19385 0.375000 22.375000 -0.417697 0.374941 22.374955 -0.417621 0.105842
19386 0.375000 22.625000 -0.420809 0.374959 22.625026 -0.420762 0.068120
19388 0.375000 23.125000 -0.392609 0.374933 23.124962 -0.392537 0.105248
19389 0.217569 23.125000 -0.375000 0.217506 23.125007 -0.374955 0.077292
19390 0.375000 23.331100 -0.375000 0.374944 23.331098 -0.374954 0.072747
19391 0.217569 23.125000 -0.375000 0.217507 23.124982 -0.374941 0.087159
19392 0.375000 23.375000 -0.370958 0.374941 23.375034 -0.370919 0.078199
19393 0.375000 23.625000 -0.356150 0.374936 23.625023 -0.356104 0.082333
19394 0.375000 23.875000 -0.334881 0.374919 23.874981 -0.334822 0.102016
19395 0.625000 20.375000 -0.456842 0.624990 20.375015 -0.456791 0.053816
19396 0.625000 20.625000 -0.448846 0.624972 20.625007 -0.448803 0.051622
19397 0.625000 20.875000 -0.440820 0.624988 20.875039 -0.440788 0.051864
19398 0.625000 21.125000 -0.432270 0.624977 21.125005 -0.432229 0.046948
19400 0.625000 21.625000 -0.444089 0.624982 21.625066 -0.444073 0.070437
19401 0.625000 21.875000 -0.441675 0.624960 21.874997 -0.441621 0.066969
19402 0.625000 22.125000 -0.443834 0.624952 22.124998 -0.443780 0.072333
19403 0.625000 22.375000 -0.442348 0.624952 22.374989 -0.442287 0.078013
19404 0.625000 22.625000 -0.437271 0.624961 22.625019 -0.437221 0.066060
19405 0.625000 22.875000 -0.435545 0.624938 22.874967 -0.435474 0.100071
19406 0.625000 23.125000 -0.424608 0.624923 23.124972 -0.424536 0.109140
19407 0.625000 23.375000 -0.409926 0.624947 23.375020 -0.409885 0.069489
19408 0.398925 23.375000 -0.375000 0.398881 23.375070 -0.374985 0.084458
19409 0.398925 23.375000 -0.375000 0.398884 23.375084 -0.374992 0.093967
19410 0.625000 23.625000 -0.388409 0.624956 23.625057 -0.388377 0.078577
19414 0.875000 20.375000 -0.416053 0.874975 20.375005 -0.415994 0.064570
19415 0.875000 20.625000 -0.410827 0.874987 20.625030 -0.410785 0.053263
19416 0.875000 20.875000 -0.412545 0.874981 20.875022 -0.412512 0.044003
19417 0.875000 21.125000 -0.411831 0.875000 21.125050 -0.411804 0.056737
19418 0.875000 21.375000 -0.413994 0.874945 21.374981 -0.413924 0.090863
19419 0.875000 21.625000 -0.413072 0.874964 21.625014 -0.413016 0.068254
19420 0.875000 21.875000 -0.410153 0.874955 21.874995 -0.410097 0.072079
19421 0.875000 22.125000 -0.404314 0.874968 22.125032 -0.404275 0.059647
19422 0.875000 22.375000 -0.395629 0.874940 22.374989 -0.395556 0.094808
19423 0.875000 22.625000 -0.388814 0.874937 22.624993 -0.388753 0.087847
19424 0.875000 22.875000 -0.389120 0.874954 22.875021 -0.389067 0.073363
19425 0.875000 23.125000 -0.388847 0.874930 23.124999 -0.388796 0.086279
19426 0.875000 23.375000 -0.384645 0.874937 23.374997 -0.384591 0.083027
19432 1.125000 20.375000 -0.399090 1.125011 20.375044 -0.399049 0.060768
19433 1.125000 20.625000 -0.387021 1.125002 20.625025 -0.386975 0.052515
19434 1.125000 20.875000 -0.378468 1.124962 20.874990 -0.378409 0.070542
19435 1.125000 20.948900 -0.375000 1.124966 20.948899 -0.374950 0.060310
19436 1.082590 21.125000 -0.375000 1.082534 21.124994 -0.374936 0.085075
19437 1.125000 21.125000 -0.361735 1.124976 21.125013 -0.361683 0.058757
19438 1.083050 21.375000 -0.375000 1.083035 21.375034 -0.374960 0.054367
19439 1.125000 21.375000 -0.359668 1.124966 21.375022 -0.359611 0.069884
19440 1.107600 21.625000 -0.375000 1.107579 21.625017 -0.374942 0.063764
19441 1.125000 21.625000 -0.368854 1.124968 21.625011 -0.368806 0.058699
19442 1.069030 21.875000 -0.375000 1.069013 21.875043 -0.374967 0.056991
19443 1.125000 21.875000 -0.350871 1.124960 21.875010 -0.350824 0.062268
19444 1.010010 22.125000 -0.375000 1.009976 22.125026 -0.374956 0.061400
19445 1.125000 22.125000 -0.314947 1.124976 22.125045 -0.314905 0.065825
19446 0.955665 22.375000 -0.375000 0.955617 22.375004 -0.374950 0.069374
19448 0.919558 22.625000 -0.375000 0.919529 22.625039 -0.374958 0.064561
19449 1.125000 22.625000 -0.230957 1.124941 22.625006 -0.230910 0.075313
19450 0.914375 22.875000 -0.375000 0.914298 22.874979 -0.374939 0.100515
19451 1.125000 22.875000 -0.204315 1.124955 22.875032 -0.204268 0.072998
19452 0.910354 23.125000 -0.375000 0.910300 23.125027 -0.374948 0.079210
19453 1.125000 23.125000 -0.144738 1.124937 23.125010 -0.144688 0.081302
19454 0.896440 23.375000 -0.375000 0.896380 23.375017 -0.374952 0.078591
19455 1.125000 23.227000 -0.125000 1.124945 23.227014 -0.124951 0.075023
19456 1.111070 23.375000 -0.125000 1.111014 23.375017 -0.124950 0.076998
19457 0.896440 23.375000 -0.375000 0.896387 23.375027 -0.374954 0.074888
19458 0.890167 23.625000 -0.375000 0.890091 23.624987 -0.374938 0.098717
19459 1.080400 23.625000 -0.125000 1.080334 23.625017 -0.124961 0.078315
19460 0.909185 23.875000 -0.375000 0.909102 23.874984 -0.374941 0.103406
19461 1.056820 23.875000 -0.125000 1.056760 23.875027 -0.124946 0.085206
19462 1.195180 20.375000 -0.375000 1.195164 20.375020 -0.374951 0.055290
19463 1.375000 20.342900 -0.125000 1.374995 20.342925 -0.124952 0.054489
19464 1.364570 20.375000 -0.125000 1.364559 20.375025 -0.124945 0.060983
19465 1.154870 20.625000 -0.375000 1.154859 20.625029 -0.374957 0.052863
19466 1.343930 20.625000 -0.125000 1.343918 20.625019 -0.124962 0.044485
19467 1.133090 20.875000 -0.375000 1.133077 20.875028 -0.374956 0.053455
19468 1.343140 20.875000 -0.125000 1.343126 20.875018 -0.124954 0.051400
19469 1.330930 21.125000 -0.125000 1.330895 21.125014 -0.124947 0.064916
19470 1.299050 21.375000 -0.125000 1.299020 21.375011 -0.124951 0.058515
19471 1.284550 21.625000 -0.125000 1.284528 21.625035 -0.124959 0.058227
19472 1.284550 21.625000 -0.125000 1.284530 21.625037 -0.124960 0.058067
19473 1.285310 21.875000 -0.125000 1.285285 21.875036 -0.124965 0.056207
19474 1.246380 22.125000 -0.125000 1.246336 22.125025 -0.124954 0.068249
19475 1.218320 22.375000 -0.125000 1.218285 22.375026 -0.124943 0.071401
19476 1.187430 22.625000 -0.125000 1.187378 22.625005 -0.124945 0.076049
19477 1.168310 22.875000 -0.125000 1.168244 22.874992 -0.124950 0.083135
19478 1.134130 23.125000 -0.125000 1.134086 23.125035 -0.124959 0.069468
19479 1.846280 20.875000 -0.375000 1.846258 20.875033 -0.374952 0.062051
19480 1.875000 20.817600 -0.375000 1.874969 20.817610 -0.374959 0.052423
19482 1.830360 20.875000 -0.125000 1.830329 20.875005 -0.124956 0.054218
19483 1.875000 20.656100 -0.125000 1.874972 20.656100 -0.124962 0.046998
19484 1.875000 20.913600 -0.375000 1.874973 20.913625 -0.374953 0.059737
19486 1.730820 21.375000 -0.125000 1.730792 21.375028 -0.124947 0.065948
19490 1.733440 21.625000 -0.125000 1.733436 21.625057 -0.124948 0.077157
19492 1.824000 21.875000 -0.125000 1.823959 21.875023 -0.124937 0.078354
19493 1.875000 22.125000 -0.147046 1.874949 22.125021 -0.146985 0.082005
19494 1.864460 22.125000 -0.125000 1.864407 22.124989 -0.124944 0.077842
19496 1.756080 22.375000 -0.125000 1.756021 22.375000 -0.124944 0.081020
19498 1.803790 22.625000 -0.125000 1.803737 22.625033 -0.124943 0.084028
19499 1.875000 22.714000 -0.125000 1.874985 22.714039 -0.124967 0.053383
19501 2.068740 20.375000 -0.125000 2.068728 20.375029 -0.124950 0.058907
19503 1.882960 20.625000 -0.125000 1.882947 20.625010 -0.124951 0.051557
19507 1.901310 21.125000 -0.125000 1.901291 21.125018 -0.124943 0.062982
19514 2.125000 22.375000 -0.379184 2.124962 22.375046 -0.379137 0.076147
19515 2.125000 22.625000 -0.483305 2.124960 22.625041 -0.483244 0.083588
19516 1.981280 22.625000 -0.375000 1.981235 22.625038 -0.374940 0.083921
19517 2.035500 22.875000 -0.625000 2.035451 22.875023 -0.624961 0.066729
19518 2.125000 22.795600 -0.625000 2.124941 22.795627 -0.624949 0.082907
19519 2.125000 22.875000 -0.701958 2.124915 22.875005 -0.701902 0.101819
19520 1.979300 22.875000 -0.375000 1.979239 22.875012 -0.374950 0.080139
19522 1.992350 23.125000 -0.625000 1.992284 23.125042 -0.624949 0.093175
19524 2.125000 23.121900 -0.375000 2.124936 23.121941 -0.374948 0.091987
19526 1.996050 23.375000 -0.625000 1.995970 23.375014 -0.624948 0.096372
19527 2.125000 23.375000 -0.418381 2.124929 23.375016 -0.418337 0.084783
19528 2.070580 23.375000 -0.125000 2.070525 23.375029 -0.124941 0.085750
19531 2.000000 23.625000 -0.625000 1.999915 23.625007 -0.624925 0.114056
19532 2.125000 23.625000 -0.388064 2.124933 23.625023 -0.388011 0.088441
19534 2.066040 23.625000 -0.125000 2.065970 23.625026 -0.124955 0.087206
19535 2.125000 23.687700 -0.375000 2.124931 23.687714 -0.374939 0.092755
19536 2.066390 23.875000 -0.375000 2.066339 23.875058 -0.374960 0.086919
19537 2.036190 23.875000 -0.125000 2.036127 23.875047 -0.124953 0.091877
19539 2.375000 20.258500 -0.375000 2.374965 20.258513 -0.374941 0.070096
19544 2.330950 21.125000 -0.375000 2.330911 21.125021 -0.374937 0.076728
19545 2.375000 21.023000 -0.375000 2.374976 21.023043 -0.374950 0.070512
19546 2.375000 21.125000 -0.403257 2.374986 21.125051 -0.403218 0.065540
19547 2.375000 21.295300 -0.625000 2.374980 21.295318 -0.624954 0.053492
19548 2.276030 21.375000 -0.625000 2.275979 21.375020 -0.624941 0.080306
19549 2.229460 21.375000 -0.375000 2.229415 21.375002 -0.374951 0.066601
19550 2.309830 21.625000 -0.625000 2.309799 21.625031 -0.624939 0.075667
19551 2.188030 21.625000 -0.375000 2.187953 21.624990 -0.374941 0.097637
19552 2.244630 21.875000 -0.875000 2.244585 21.875016 -0.874951 0.068819
19553 2.244880 21.625000 -0.875000 2.244835 21.625004 -0.874944 0.072377
19554 2.237290 21.875000 -0.625000 2.237281 21.875072 -0.624961 0.082769
19555 2.280560 21.875000 -0.375000 2.280490 21.875007 -0.374942 0.091438
19556 2.246570 22.125000 -0.625000 2.246509 22.125014 -0.624953 0.078584
19557 2.285480 22.125000 -0.375000 2.285442 22.125049 -0.374966 0.071044
19558 2.248930 22.375000 -0.625000 2.248868 22.375015 -0.624948 0.082495
19560 2.375000 22.875000 -0.578325 2.374946 22.875041 -0.578281 0.081484
19561 2.324890 22.875000 -0.625000 2.324844 22.875045 -0.624942 0.086490
19562 2.375000 22.813900 -0.625000 2.374963 22.813925 -0.624947 0.069838
19563 2.375000 23.045000 -0.375000 2.374943 23.045055 -0.374945 0.096093
19567 2.375000 23.145800 -0.625000 2.374920 23.145804 -0.624952 0.093685
19573 2.339520 23.875000 -0.375000 2.339456 23.875061 -0.374947 0.103002
19574 2.333730 23.875000 -0.125000 2.333651 23.875039 -0.124959 0.097239
19575 2.625000 20.375000 -0.499142 2.624965 20.375019 -0.499081 0.072882
19576 2.496080 20.625000 -0.625000 2.496050 20.625031 -0.624944 0.071000
19577 2.433770 20.625000 -0.375000 2.433760 20.625040 -0.374948 0.065710
19578 2.625000 20.499800 -0.625000 2.624988 20.499831 -0.624950 0.060123
19579 2.494510 20.875000 -0.625000 2.494480 20.875000 -0.624959 0.051123
19580 2.446440 20.875000 -0.375000 2.446427 20.875039 -0.374958 0.058940
19581 2.588900 21.125000 -0.125000 2.588867 21.125034 -0.124951 0.068570
19582 2.625000 21.125000 -0.289334 2.624943 21.125014 -0.289286 0.076166
19583 2.625000 21.025300 -0.125000 2.624961 21.025337 -0.124950 0.073510
19584 2.625000 21.375000 -0.350813 2.624967 21.375029 -0.350773 0.059027
19586 2.625000 21.229900 -0.375000 2.624991 21.229963 -0.374967 0.071588
19589 2.567780 21.625000 -0.375000 2.567730 21.625017 -0.374931 0.086971
19592 2.625000 22.222200 -0.375000 2.624962 22.222215 -0.374961 0.056492
19593 2.479840 22.375000 -0.375000 2.479824 22.375071 -0.374974 0.077138
19597 2.557160 22.625000 -0.375000 2.557129 22.625048 -0.374955 0.073333
19604 2.625000 22.782000 -0.125000 2.624950 22.782023 -0.124953 0.072744
19605 2.519160 23.125000 -0.375000 2.519096 23.125040 -0.374960 0.085191
19606 2.536280 23.125000 -0.625000 2.536240 23.125044 -0.624957 0.073467
19607 2.625000 23.125000 -0.323404 2.624965 23.125041 -0.323352 0.074766
19609 2.599710 23.375000 -0.625000 2.599653 23.375039 -0.624939 0.092128
19610 2.625000 23.201700 -0.625000 2.624924 23.201729 -0.624954 0.093147
19611 2.449380 23.375000 -0.375000 2.449345 23.375071 -0.374954 0.091797
19612 2.428130 23.375000 -0.125000 2.428073 23.375050 -0.124962 0.084860
19613 2.625000 23.223100 -0.125000 2.624946 23.223146 -0.124958 0.081921
19614 2.483020 23.625000 -0.375000 2.482949 23.625022 -0.374955 0.086808
19616 2.390540 23.875000 -0.125000 2.390480 23.875034 -0.124931 0.097545
19617 2.381640 23.875000 -0.375000 2.381553 23.874989 -0.374948 0.101948
19620 2.875000 20.382500 -0.625000 2.874995 20.382552 -0.624958 0.067530
19629 2.663060 22.625000 -0.375000 2.663011 22.625050 -0.374945 0.088751
19630 2.717950 22.875000 -0.125000 2.717895 22.875013 -0.124959 0.070247
19631 2.723090 23.125000 -0.125000 2.723033 23.125034 -0.124933 0.094330
19632 2.875000 23.146200 -0.625000 2.874960 23.146243 -0.624954 0.074553
19637 3.041300 21.875000 -0.625000 3.041230 21.875014 -0.624958 0.083041
19645 3.261240 21.125000 -0.375000 3.261187 21.125036 -0.374954 0.079120
19647 3.125000 21.297900 -0.375000 3.124972 21.297931 -0.374988 0.043745
19657 1.035750 24.125000 -0.125000 1.035692 24.125040 -0.124953 0.084357
19658 2.125000 23.948600 -0.125000 2.124953 23.948667 -0.124954 0.093978
19659 2.137750 24.125000 -0.375000 2.137695 24.125050 -0.374958 0.085226
19662 2.125000 23.875000 -0.050375 2.124938 23.875015 -0.050324 0.081369
19663 2.005420 23.875000 0.125000 2.005340 23.875006 0.125050 0.094061
19664 2.125000 20.375000 -0.106741 2.124975 20.375011 -0.106690 0.058216
19665 1.928100 20.625000 0.125000 1.928055 20.625002 0.125043 0.061942
19666 2.125000 20.530300 0.125000 2.125012 20.530372 0.125048 0.087419
19667 1.875000 20.875000 -0.034092 1.874992 20.875040 -0.034042 0.064865
19668 1.875000 21.625000 0.009854 1.874959 21.625012 0.009895 0.059593
19671 1.941480 23.125000 0.125000 1.941407 23.125020 0.125051 0.091236
19674 1.875000 23.375000 -0.028563 1.874938 23.375032 -0.028510 0.087939
19678 2.125000 23.738300 0.125000 2.124897 23.738298 0.125057 0.117568
19682 -3.625000 25.012000 2.625000 -3.836119 24.953761 2.909247 358.830053
19708 -2.542270 27.125000 2.375000 -2.542398 27.124956 2.375028 0.138278
19709 -2.625000 27.125000 2.343900 -2.625080 27.124955 2.343926 0.095467
19731 -2.125000 27.125000 2.349460 -2.125141 27.125000 2.349521 0.153450
19738 -1.875000 24.375000 2.527430 -2.041925 24.454957 2.811674 339.192999
19740 -1.875000 24.625000 2.515340 -2.061344 24.704109 2.799635 349.006843
19748 -1.875000 27.125000 2.349040 -1.875130 27.124973 2.349048 0.133014
19753 -1.625000 24.375000 2.502030 -1.792718 24.474398 2.786322 344.718846
19774 -1.375000 24.375000 2.508160 -1.543490 24.493860 2.792478 351.216887
19799 -1.125000 24.375000 2.509880 -1.294245 24.513320 2.794202 358.629713
19820 -0.875000 24.375000 2.518660 -1.045029 24.532827 2.802982 366.958123
19836 -0.625000 24.375000 2.518550 -0.795806 24.552264 2.802903 376.103421
19848 -0.625000 27.192800 2.375000 -0.625133 27.192775 2.375058 0.147759
19854 -0.375000 24.375000 2.502570 -0.546589 24.571753 2.786927 386.022583
19872 -0.125000 24.625000 2.484440 -0.316842 24.840464 2.768837 405.104862
19890 0.069694 24.625000 0.625000 -0.123161 24.855940 0.909722 414.238046
19891 0.056911 24.875000 0.625000 -0.155414 25.104195 0.909715 422.699689
19892 0.056911 24.875000 0.625000 -0.113920 25.070270 0.907400 383.488281
19893 0.090481 24.375000 0.875000 0.090413 24.374978 0.875041 0.082817
19895 -0.008101 24.625000 0.875000 -0.200790 24.849938 1.159703 410.830941
19896 -0.043296 24.875000 0.875000 -0.255405 25.096474 1.159703 418.445399
19897 -0.043296 24.875000 0.875000 -0.230806 25.080406 1.157608 396.508689
19898 0.113778 24.125000 1.125000 -0.040318 24.361043 1.409899 400.785778
19902 -0.038822 24.625000 1.125000 -0.231504 24.847621 1.409687 409.552334
19903 -0.014931 24.875000 1.125000 -0.227222 25.098744 1.409659 419.713792
19904 -0.014931 24.875000 1.125000 -0.203004 25.080833 1.411239 399.589025
19906 0.092658 24.625000 1.375000 -0.100478 24.857885 1.659647 415.404943
19907 0.072713 24.875000 1.375000 -0.139929 25.105644 1.659604 423.571169
19908 0.072713 24.875000 1.375000 -0.112881 25.084802 1.664820 403.060572
20070 -0.625000 30.864100 2.375000 -0.625179 30.864072 2.375036 0.185172
20187 -3.625000 33.322900 1.625000 -3.675336 33.319517 1.641799 53.173297
20188 -3.674010 33.375000 1.625000 -3.728125 33.369422 1.643031 57.312108
20190 -3.625000 33.331100 1.875000 -3.675662 33.328086 1.892430 53.661437
20193 -3.669360 33.375000 2.125000 -3.724066 33.370000 2.144227 58.201040
20196 -3.848070 33.625000 0.875000 -3.906885 33.614962 0.893599 62.497186
20199 -3.732050 33.625000 1.625000 -3.776127 33.618303 1.639083 46.754490
20200 -3.625000 33.625000 1.757990 -3.669525 33.619550 1.772488 47.142591
20201 -3.625000 33.561100 2.125000 -3.669670 33.555808 2.140023 47.424706
20255 -3.375000 33.125000 2.330320 -3.390163 33.122487 2.335252 16.141796
20257 -3.575500 33.375000 1.625000 -3.615609 33.370931 1.638116 42.394992
20258 -3.551810 33.375000 1.875000 -3.592299 33.371451 1.888636 42.870806
20261 -3.561430 33.625000 1.875000 -3.606414 33.620317 1.889918 47.623611
20262 -3.612070 33.625000 2.125000 -3.656921 33.619926 2.140070 47.585874
20308 -2.875000 32.616600 2.375000 -2.875860 32.616473 2.375214 0.895515
20309 -2.952940 32.625000 2.375000 -2.953782 32.624899 2.375205 0.872753
20310 -2.875000 32.625000 2.367970 -2.875839 32.624878 2.368183 0.874027
20313 -2.952940 32.625000 2.375000 -2.953782 32.624899 2.375205 0.872753
20324 -2.625000 32.625000 2.357510 -2.625149 32.624993 2.357549 0.153769
20325 -2.625000 32.589700 2.375000 -2.625144 32.589673 2.375016 0.146975
20341 -2.375000 32.625000 2.344720 -2.375094 32.624987 2.344745 0.097789
20342 -2.375000 32.548400 2.375000 -2.375160 32.548416 2.375075 0.177634
20366 -2.125000 32.625000 2.325750 -2.124981 32.625013 2.325745 0.023542
20367 -2.125000 32.486800 2.375000 -2.125207 32.486826 2.375083 0.224336
20369 -2.125000 32.875000 2.352550 -2.125191 32.875026 2.352601 0.199079
20391 -1.875000 32.625000 2.326530 -1.875008 32.624987 2.326515 0.021302
20392 -1.875000 32.451700 2.375000 -1.875243 32.451732 2.375107 0.267259
20417 -1.625000 32.625000 2.322800 -1.625103 32.625028 2.322835 0.112409
20418 -1.625000 32.402500 2.375000 -1.625224 32.402506 2.375071 0.234529
20437 -1.375000 32.359600 2.375000 -1.375269 32.359529 2.375060 0.284446
20439 -1.375000 32.375000 2.360570 -1.375264 32.374951 2.360618 0.272875
20440 -1.375000 32.625000 2.311200 -1.375131 32.625012 2.311237 0.136824
20462 -1.125000 32.375000 2.374980 -1.125306 32.374950 2.375061 0.320621
20463 -1.125000 32.375000 2.375000 -1.125306 32.374948 2.375061 0.316702
20464 -1.125000 32.625000 2.344000 -1.125119 32.624998 2.344063 0.135238
20466 -1.211830 32.875000 2.375000 -2.026042 32.921222 2.630469 854.600695
20495 -1.124720 32.375000 2.375000 -1.125021 32.374966 2.375072 0.311407
20496 -0.875000 32.489900 2.375000 -0.875345 32.489869 2.375095 0.359561
20498 -0.875000 32.375000 2.428550 -0.875261 32.374990 2.428653 0.280660
20520 -0.625000 32.325000 2.375000 -0.625290 32.324997 2.375068 0.297903
20521 -0.774313 32.375000 2.375000 -0.774624 32.375009 2.375085 0.322254
20522 -0.625000 32.375000 2.349080 -0.625321 32.375003 2.349155 0.329641
20523 -0.625000 32.625000 2.338930 -1.433131 32.718953 2.595474 853.063882
20543 -0.375000 32.375000 2.335330 -0.375355 32.375007 2.335444 0.372737
20544 -0.375000 32.258400 2.375000 -0.375305 32.258413 2.375082 0.316441
20545 -0.375000 32.625000 2.344250 -1.190746 32.744384 2.605138 864.728785
20570 -0.125000 32.625000 2.342000 -0.943507 32.759792 2.600799 868.964374
20620 -0.006979 32.625000 2.375000 -0.826995 32.767197 2.632423 871.155682
20621 -0.036712 32.875000 2.375000 -0.878543 33.021893 2.638918 894.376847
